dense_windows_window_center,dense_windows_sample_mean,dense_windows_sample_std,dense_windows_adjacent_overlap,sparse_windows_window_center,sparse_windows_sample_mean,sparse_windows_sample_std,sparse_windows_adjacent_overlap,pair_distance_umbrella_window_center,pair_distance_umbrella_sample_mean,pair_distance_umbrella_sample_std,pair_distance_umbrella_adjacent_overlap
-1.6,-1.338732125,0.168448628081,0.52985,-1.6,-1.337834375,0.168252493149,0.1799,3.4,3.90078352293,0.32140676201,0.60125
-1.2,-1.1150965,0.18517261915,0.47825,-0.8,-0.832189375,0.212551338453,0.0003,4.05,4.32119364973,0.591529480065,0.688125
-0.8,-0.833959,0.210527337671,0.41135,0.8,0.832608125,0.211432594303,0.18235,4.7,4.71911052279,0.732523951417,0.650625
-0.4,-0.46386525,0.241794248671,0.35825,1.6,1.338278875,0.169292626954,,5.35,5.2721164794,0.799420247664,0.455
0,-0.003184125,0.258177291432,0.3552,,,,,6,6.28549278087,0.69586287318,0.68375
0.4,0.463223125,0.242566249862,0.4156,,,,,6.65,6.73245918989,0.826402858528,0.58
0.8,0.83120125,0.210582566644,0.4707,,,,,7.3,7.46154758662,0.688662641875,0.767273564065
1.2,1.11627275,0.185397336729,0.52865,,,,,7.95,7.99278125723,0.856328183881,
1.6,1.340756875,0.169279255894,,,,,,,,,
