true_x,true_pmf,dense_windows_x,dense_windows_pmf,dense_windows_replica_pmf,dense_windows_replica_abs_difference,sparse_windows_x,sparse_windows_pmf,sparse_windows_replica_pmf,sparse_windows_replica_abs_difference,pair_distance_umbrella_x,pair_distance_umbrella_pmf,pair_distance_umbrella_replica_pmf,pair_distance_umbrella_replica_abs_difference,pair_distance_umbrella_true_pmf,pair_distance_umbrella_interaction_pmf,pair_distance_umbrella_true_interaction_pmf
-2.48,26.52662016,-2.48,nan,nan,nan,-2.48,nan,nan,nan,3.05,nan,nan,nan,0.0930097362706,nan,0.0851529360762
-2.44,24.53815296,-2.44,nan,nan,nan,-2.44,nan,nan,nan,3.15,nan,nan,nan,0.0568324877199,nan,0.0495316925389
-2.4,22.6576,-2.4,nan,nan,nan,-2.4,nan,nan,nan,3.25,0.0353071270374,0.0321159854836,0.00829971310166,0.0346870172583,0.0290711495446,0.0279248490598
-2.36,20.88124416,-2.36,nan,nan,nan,-2.36,nan,nan,nan,3.35,0.0216430635117,0.0180314391715,0.00966416441995,0.0212214762978,0.0159293884341,0.0149816105146
-2.32,19.20542976,-2.32,nan,nan,nan,-2.32,nan,nan,nan,3.45,0.0142670824096,0.0133916553704,0.00266068808941,0.0131480724235,0.00906034566265,0.00741514497086
-2.28,17.62656256,-2.28,nan,nan,nan,-2.28,nan,nan,nan,3.55,0.00902507391227,0.00645338969096,0.00662007545141,0.0084281748563,0.00431078954371,0.00318769978207
-2.24,16.14110976,-2.24,nan,nan,nan,-2.24,nan,nan,nan,3.65,0.00502531203446,0.00409207050842,0.00278670461373,0.00578812571385,0.000789799026964,0.00102642200068
-2.2,14.7456,-2.2,nan,nan,nan,-2.2,nan,nan,nan,3.75,0.00376968301041,0.00209837810055,0.0044162328997,0.00442768395955,0,0.000131810243475
-2.16,13.43662336,-2.16,nan,nan,nan,-2.16,nan,nan,nan,3.85,0.00454242077093,0.00328403464414,0.00349507021971,0.00384230383736,0.00122630763923,0
-2.12,12.21083136,-2.12,nan,nan,nan,-2.12,nan,nan,nan,3.95,0.00475346366051,0.00298144121962,0.0046840003167,0.0037135880986,0.0018792891193,0.000313222851721
-2.08,11.06493696,-2.08,nan,nan,nan,-2.08,nan,nan,nan,4.05,0.00664569078592,0.00454810228077,0.0055069788263,0.00384107958027,0.00420240520464,0.000871603293327
-2.04,9.99571456,-2.04,nan,nan,nan,-2.04,nan,nan,nan,4.15,0.00801954069554,0.00788331209956,0.00119043640274,0.00409940715378,0.00599663353221,0.00155030928478
-2,9,-2,nan,nan,nan,-2,7.43895116536,nan,nan,4.25,0.00827617072236,0.00863045083781,0.000255018210769,0.00441114711514,0.00666363200971,0.00227241769682
-1.96,8.07469056,-1.96,7.62322150567,7.63949609499,0.0162745893245,-1.96,7.71255316469,7.85438205659,0.141828891903,4.35,0.00644833971219,0.00795986961144,0.00179666908055,0.00472951983409,0.00523662512729,0.00299161454353
-1.92,7.21674496,-1.92,6.77116354658,6.49974516459,0.271418381992,-1.92,7.26420954074,nan,nan,4.45,0.00637543556963,0.00859421365125,0.00297203257944,0.00502729572126,0.00555543467978,0.00368110412574
-1.88,6.42318336,-1.88,6.00867095078,6.31260221447,0.303931263688,-1.88,6.09392150646,6.36928184971,0.275360343247,4.55,0.00803199404375,0.00949559765247,0.0017413208772,0.00528965222544,0.0075950013755,0.00432646885153
-1.84,5.69108736,-1.84,5.79351671757,5.15915907007,0.634357647498,-1.84,5.65252410183,5.41136086706,0.241163234768,4.65,0.00934397142634,0.0115172147089,0.00292992309916,0.00550956236185,0.00928166005084,0.00492106028068
-1.8,5.0176,-1.8,4.72739043536,4.9606592706,0.233268835234,-1.8,5.26089778582,5.07730452182,0.183593264001,4.75,0.00799527343804,0.0111635976865,0.00450174137547,0.00568481494105,0.00829967080481,0.00546302160215
-1.76,4.39992576,-1.76,4.55071370751,4.62194389061,0.0712301830936,-1.76,4.53775607406,4.67958542208,0.141829348014,4.85,0.00925373791872,0.00922724263069,0.000968170724063,0.00581609168508,0.00991720370373,0.00595336676441
-1.72,3.83533056,-1.72,3.72132907029,3.88811486464,0.16678579435,-1.72,3.79366623225,3.95684908108,0.163182848829,4.95,0.0116309673324,0.00978538369824,0.00506653982728,0.00590573148758,0.0126461730947,0.00639474654422
-1.68,3.32114176,-1.68,3.25647794816,3.3054690146,0.0489910664357,-1.68,3.36202046251,3.56527366886,0.20325320635,5.05,0.0111848765628,0.0132014534601,0.00271548830691,0.00595694252203,0.0125447870291,0.00679066228263
-1.64,2.85474816,-1.64,2.87909823644,2.86662414086,0.0124740955757,-1.64,2.90142706117,3.05359465459,0.15216759342,5.15,0.0102560777575,0.0115492077802,0.00149212363504,0.00597330650584,0.0119539335745,0.00714497161717
-1.6,2.4336,-1.6,2.38399337017,2.40766185705,0.0236684868836,-1.6,2.50473802901,2.6448696014,0.140131572388,5.25,0.0100277601412,0.00987645787377,0.00122186536024,0.00595847337723,0.0120570619554,0.00746158448569
-1.56,2.05520896,-1.56,2.042230808,2.04711465135,0.00488384335792,-1.56,2.1579125325,2.23934086626,0.0814283337518,5.35,0.012084022761,0.0115838107304,0.00194774209083,0.00591597967117,0.0144385164996,0.00774428270405
-1.52,1.71714816,-1.52,1.67248852756,1.76690145418,0.0944129266227,-1.52,1.82815688267,1.9894191089,0.161262226237,5.45,0.00692105974735,0.00758620014267,0.000362168279566,0.0058491467503,0.00959472299018,0.00799661928747
-1.48,1.41705216,-1.48,1.41398780004,1.41477759829,0.000789798256006,-1.48,1.53135769214,1.63385260247,0.102494910327,5.55,0.00424995343755,0.00574024602743,0.00183824182902,0.00576103004875,0.00723698278006,0.00822186868559
-1.44,1.15261696,-1.44,1.17172587904,1.15694180695,0.0147840720922,-1.44,1.24330552425,1.35722940657,0.113923882322,5.65,0.00794390123293,0.00829853794652,0.00022637499657,0.00565440036708,0.0112387005518,0.00842300898026
-1.4,0.9216,-1.4,0.899240756508,0.914388366,0.0151476094916,-1.4,1.00771552843,1.1697770713,0.162061542862,5.75,0.00960882582359,0.00811353669377,0.00422172153947,0.00553174478416,0.013205995366,0.00860272362094
-1.36,0.72182016,-1.36,0.73422528137,0.733216899514,0.00100838185558,-1.36,0.78014510974,0.914194788007,0.134049678268,5.85,0.00758090953891,0.00626633096787,0.00378235822234,0.00539527907276,0.0114752357647,0.00876341459286
-1.32,0.55115776,-1.32,0.556100448865,0.5613584402,0.00525799133453,-1.32,0.638567488328,0.816003883083,0.177436394755,5.95,0.00928740564257,0.00758072579234,0.00474819071491,0.00524696636995,0.0134738517545,0.00890722177616
-1.28,0.40755456,-1.28,0.410709418151,0.426826230377,0.016116812226,-1.28,0.511850918072,0.64659739852,0.134746480448,6.05,0.00837323048551,0.00689646954852,0.00417177157369,0.00508853875015,0.0128469275914,0.00903604515039
-1.24,0.28901376,-1.24,0.256536733517,0.316005894757,0.0594691612409,-1.24,0.319361067918,0.536092778939,0.216731711021,6.15,0.00843624133818,0.00623787347293,0.00605751890632,0.00492151960361,0.0131924801927,0.0091515677525
-1.2,0.1936,-1.2,0.19032148719,0.194941816554,0.00462032936427,-1.2,0.339780329348,0.412524478373,0.0727441490252,6.25,0.00955113474694,0.0101025567412,0.000142658280263,0.00474724554861,0.0145853580259,0.00925527812195
-1.16,0.11943936,-1.16,0.113676042586,0.113729806135,5.37635496947e-05,-1.16,0.177951471769,0.320348858468,0.1423973867,6.35,0.0090728759956,0.0107880695691,0.00221257962969,0.00456688714634,0.0143806710611,0.00934849150615
-1.12,0.06471936,-1.12,0.0371944800205,0.0642950555929,0.0271005755723,-1.12,0.148933559711,0.319221572459,0.170288012748,6.45,0.0064827620772,0.00920110710886,0.00384720734896,0.00438146803687,0.0120598541947,0.00943236944867
-1.08,0.02768896,-1.08,0.0207174287838,0.0355618979672,0.0148444691834,-1.08,0.149883495835,0.281053538174,0.131170042339,6.55,0.00558432739623,0.00611446945925,0.000103931532271,0.00419188233729,0.0114265733694,0.0095079376048
-1.04,0.00665856,-1.04,0,0.0271547416464,0.0271547416464,-1.04,0.0780475854418,0.195629336303,0.117581750861,6.65,0.00416596658795,0.00463043713644,1.91438239001e-05,0.00399891028177,0.0102693487793,0.0095761017674
-1,0,-1,0.00803497626235,0,0.00803497626235,-1,0.102102929624,0.23207606892,0.129973139296,6.75,0.00524465739016,0.00415128072012,0.00326968620295,0.00380323216572,0.0116052780983,0.00963766216818
-0.96,0.00614656,-0.96,0.0169590702955,0.000798888705062,0.0161601815904,-0.96,0.0956694131153,0.303819756053,0.208150342938,6.85,0.00623664590479,0.00525930139623,0.00300777096991,0.00360544070314,0.012850722073,0.0096933261657
-0.92,0.02359296,-0.92,0.0407073405837,0.0137589516834,0.0269483889003,-0.92,0.134444203363,0.309781946643,0.175337743279,6.95,0.00595348825205,0.00349222296482,0.00687869999181,0.00340605192862,0.0128173464833,0.00974371945419
-0.88,0.05089536,-0.88,0.0728284624445,0.0735481753219,0.000719712877322,-0.88,0.129228387441,0.288082409012,0.158854021571,7.05,0.00894499143921,0.00927047619247,0.00028004827997,0.00320551478364,0.016055063296,0.00978939593478
-0.84,0.08667136,-0.84,0.105976299946,0.11667594919,0.0106996492439,-0.84,0.195577868508,0.329634559859,0.134056691351,7.15,0.010530819187,0.0112246393521,0.000424067832368,0.00300421952568,0.0178836367564,0.00983084638936
-0.8,0.1296,-0.8,0.166920083173,0.17863082682,0.0117107436468,-0.8,0.264442702384,0.424685333602,0.160242631218,7.25,0.00864171851268,0.00837165999131,0.00147993813098,0.00280250509176,0.0162339102172,0.00986850609061
-0.76,0.17842176,-0.76,0.227293812422,0.190517126441,0.0367766859813,-0.76,0.235780816557,0.438591836127,0.20281101957,7.35,0.00861238175661,0.0116331165458,0.00439019198185,0.00260066553867,0.0164406683953,0.00990276147166
-0.72,0.23193856,-0.72,0.258846205209,0.284378323119,0.0255321179105,-0.72,0.35840150709,0.447662911094,0.0892614040047,7.45,0.00504149721188,0.00402166167963,0.00314967325741,0.00239895567112,0.0131026882148,0.00993395596839
-0.68,0.28901376,-0.68,0.327129605255,0.298599820943,0.0285297843122,-0.68,0.369588488821,0.546993358705,0.177404869884,7.55,0.00405177790579,0.00146935040666,0.00742550503578,0.00219759595792,0.0123427677889,0.00996239513533
-0.64,0.34857216,-0.64,0.371852256952,0.395953089963,0.0241008330109,-0.64,0.484584442532,0.585059986259,0.100475543728,7.65,0.00162282376567,0.000938022498327,0.00239688241083,0.00199677682549,0.0101405887716,0.00998835112572
-0.6,0.4096,-0.6,0.413152587898,0.434626445194,0.0214738572965,-0.6,0.573752548086,0.623703296856,0.0499507487704,7.75,0.00244110810107,0.00211283581333,0.00161880315214,0.0017966624073,0.011182703015,0.0100120666155
-0.56,0.47114496,-0.56,0.480657979793,0.511839266154,0.0311812863613,-0.56,0.61116803822,0.714901402812,0.103733364592,7.85,0.00140282418636,0.00233217368947,0.000891273869234,0.00159739381898,0.010365379315,0.0100337582419
-0.52,0.53231616,-0.52,0.56474641722,0.566056257533,0.00130984031298,-0.52,0.727159746293,0.743922300507,0.0167625542136,7.95,0,0.000968734705677,0.000968734705677,0.00139909201985,0.00918071830337,0.0100536196176
-0.48,0.59228416,-0.48,0.604622184272,0.657836650673,0.0532144664009,-0.48,0.667099270199,0.796549781075,0.129450510875,8.05,0.00185671798477,0.00338597357031,0.00199065087139,0.00120186031399,0.0112528723518,0.0100718239753
-0.44,0.65028096,-0.44,0.720562055111,0.636236076791,0.0843259783197,-0.44,0.743013125932,0.87632412377,0.133310997837,8.15,8.91808827753e-05,0,0.0011213420159,0.00100578653745,0.0096981115409,0.0100885264899
-0.4,0.7056,-0.4,0.715978465029,0.731430530452,0.0154520654234,-0.4,0.69708879799,0.955796754003,0.258707956013,8.25,0.000608281760292,0.00153040907706,0.000892236712813,0.000810944971992,0.010427393812,0.0101038663181
-0.36,0.75759616,-0.36,0.789756084586,0.794650976671,0.00489489208509,-0.36,0.793330810416,1.03367150217,0.240340691753,8.35,0.00282019963959,0.00781201737832,0.00744899928764,0.000617398020364,0.0128469607173,0.0101179683924
-0.32,0.80568576,-0.32,0.839013450221,0.825839447243,0.0131740029774,-0.32,0.877905263533,1.25654903546,0.378643771923,8.45,0.00396736814323,0.010876021496,0.0100651842176,0.000425197673954,0.014199306176,0.0101309450011
-0.28,0.84934656,-0.28,0.868305154008,0.912224577305,0.0439194232972,-0.28,0.83012817195,1.2515314166,0.421403244649,8.55,0.00537423709057,0.00690739349685,0.00202382206065,0.000398507018221,0.0158089381759,0.0103070173979
-0.24,0.88811776,-0.24,0.956656859098,0.943140017716,0.0135168413816,-0.24,0.875987204681,1.32587801207,0.449890807384,8.65,0.00786968039424,0.0129629496059,0.00762626358913,0.000198101729066,0.0185047867687,0.0103070173979
-0.2,0.9216,-0.2,0.996640655724,0.939445350992,0.0571953047324,-0.2,0.762637042601,1.7282495196,0.965612476998,8.75,0.00963660270482,0.0121552251324,0.0037239100816,0,0.0204698108084,0.0103070173979
-0.16,0.94945536,-0.16,0.995660084554,0.996974584452,0.00131449989744,-0.16,0.853075025085,1.22255404284,0.369479017755,,,,,,,
-0.12,0.97140736,-0.12,1.02372684334,1.00997908738,0.0137477559543,-0.12,1.09042508638,1.59044784604,0.500022759665,,,,,,,
-0.08,0.98724096,-0.08,1.03385367673,1.0461842048,0.0123305280654,-0.08,0.868601613525,1.47316020619,0.604558592663,,,,,,,
-0.04,0.99680256,-0.04,1.04733417144,1.05863747789,0.0113033064473,-0.04,0.972509154932,1.08451136988,0.112002214945,,,,,,,
2.22044604925e-15,1,2.22044604925e-15,1.07029692561,0.994747183669,0.0755497419423,2.22044604925e-15,0.806937286227,1.38777888055,0.580841594326,,,,,,,
0.04,0.99680256,0.04,1.06108709977,1.07125732306,0.0101702232909,0.04,0.744630748563,1.17419479161,0.429564043046,,,,,,,
0.08,0.98724096,0.08,1.01064264538,1.03353478169,0.0228921363112,0.08,1.4899953988,0.926074353083,0.563921045718,,,,,,,
0.12,0.97140736,0.12,1.0459022857,0.990067693799,0.0558345918981,0.12,0.825782777729,0.729526669827,0.0962561079014,,,,,,,
0.16,0.94945536,0.16,1.02335803075,0.992300741781,0.0310572889672,0.16,0.430644497249,0.969885253363,0.539240756114,,,,,,,
0.2,0.9216,0.2,0.984194697813,0.985384201771,0.00118950395806,0.2,0.982981339348,0.778925246403,0.204056092945,,,,,,,
0.24,0.88811776,0.24,0.914122262843,0.979045975396,0.0649237125534,0.24,1.00619343236,0.906063107311,0.100130325047,,,,,,,
0.28,0.84934656,0.28,0.928797222589,0.896966671259,0.0318305513291,0.28,0.944728465251,0.823981841788,0.120746623463,,,,,,,
0.32,0.80568576,0.32,0.887133645567,0.881296336306,0.00583730926068,0.32,0.790231145707,0.788714959749,0.00151618595755,,,,,,,
0.36,0.75759616,0.36,0.821239801825,0.828559099071,0.00731929724666,0.36,0.798237956756,0.724953521979,0.073284434777,,,,,,,
0.4,0.7056,0.4,0.797483708859,0.744910320955,0.0525733879044,0.4,0.632495844376,0.697987963159,0.0654921187829,,,,,,,
0.44,0.65028096,0.44,0.739243243138,0.703832844471,0.0354103986663,0.44,0.619606509546,0.712389847071,0.0927833375253,,,,,,,
0.48,0.59228416,0.48,0.679258038772,0.678638160944,0.000619877828027,0.48,0.64765201237,0.567649174967,0.0800028374023,,,,,,,
0.52,0.53231616,0.52,0.578030875662,0.580937475042,0.0029065993802,0.52,0.601820557141,0.577272092536,0.0245484646046,,,,,,,
0.56,0.47114496,0.56,0.547522334796,0.544128360294,0.00339397450286,0.56,0.432738635507,0.49778283137,0.0650441958631,,,,,,,
0.6,0.4096,0.6,0.490795227238,0.50239736729,0.0116021400526,0.6,0.428856260666,0.372131548471,0.0567247121957,,,,,,,
0.64,0.34857216,0.64,0.433614839477,0.425265359087,0.00834948038916,0.64,0.327880057246,0.313718351491,0.0141617057545,,,,,,,
0.68,0.28901376,0.68,0.376923931108,0.37583342383,0.00109050727829,0.68,0.29088908809,0.287394557637,0.00349453045289,,,,,,,
0.72,0.23193856,0.72,0.335279672504,0.327303661619,0.00797601088481,0.72,0.249148385258,0.208508309475,0.0406400757829,,,,,,,
0.76,0.17842176,0.76,0.261762536868,0.250680129782,0.0110824070859,0.76,0.184071199657,0.195530894429,0.0114596947728,,,,,,,
0.8,0.1296,0.8,0.209970810654,0.229611740329,0.0196409296751,0.8,0.095429967034,0.0777970292675,0.0176329377665,,,,,,,
0.84,0.08667136,0.84,0.181336655299,0.188672610302,0.00733595500298,0.84,0.13452854188,0.106148910954,0.0283796309258,,,,,,,
0.88,0.05089536,0.88,0.154537404241,0.124783406518,0.0297539977232,0.88,0.0736613374425,0.027780730978,0.0458806064645,,,,,,,
0.92,0.02359296,0.92,0.145059175601,0.0688289903931,0.0762301852083,0.92,0.0495970299612,0.0212301008308,0.0283669291304,,,,,,,
0.96,0.00614656,0.96,0.140440632938,0.101819579049,0.0386210538894,0.96,0.0556123661652,0.00980938757618,0.045802978589,,,,,,,
1,3.15544362088e-29,1,0.107783982246,0.0772572378898,0.0305267443564,1,0.0364496597167,0.00267471602783,0.0337749436889,,,,,,,
1.04,0.00665856,1.04,0.0908301992432,0.0792778015714,0.0115523976718,1.04,0.013284774462,0,0.013284774462,,,,,,,
1.08,0.02768896,1.08,0.134406832867,0.124552615834,0.00985421703324,1.08,0,0.00282433266977,0.00282433266977,,,,,,,
1.12,0.06471936,1.12,0.148927671567,0.147128105254,0.00179956631252,1.12,0.0506023098328,0.0561968952998,0.00559458546707,,,,,,,
1.16,0.11943936,1.16,0.220964897768,0.186217837784,0.0347470599835,1.16,0.16547876797,0.104571525073,0.0609072428968,,,,,,,
1.2,0.1936,1.2,0.292817968138,0.282629806353,0.010188161785,1.2,0.210332897382,0.188163898566,0.0221689988163,,,,,,,
1.24,0.28901376,1.24,0.38580543721,0.366089974867,0.0197154623426,1.24,0.338629805905,0.184481987884,0.154147818021,,,,,,,
1.28,0.40755456,1.28,0.473174961875,0.508283134886,0.035108173011,1.28,0.495617577405,0.423816189206,0.0718013881995,,,,,,,
1.32,0.55115776,1.32,0.645180450212,0.656205028361,0.0110245781492,1.32,0.602686564587,0.559132325261,0.0435542393258,,,,,,,
1.36,0.72182016,1.36,0.817838871616,0.855145937207,0.0373070655908,1.36,0.743790017221,0.693366093135,0.0504239240859,,,,,,,
1.4,0.9216,1.4,1.00439679886,1.00714553667,0.00274873781651,1.4,0.965525711085,0.912257213087,0.0532684979982,,,,,,,
1.44,1.15261696,1.44,1.2761932193,1.2240130155,0.0521802037951,1.44,1.18371482873,1.1362163678,0.047498460932,,,,,,,
1.48,1.41705216,1.48,1.56275250465,1.54454991009,0.0182025945638,1.48,1.47671559981,1.41022818919,0.0664874106111,,,,,,,
1.52,1.71714816,1.52,1.86023918014,1.81432733584,0.0459118443026,1.52,1.80786416199,1.70036820123,0.107495960752,,,,,,,
1.56,2.05520896,1.56,2.1496079529,2.13709112478,0.0125168281138,1.56,2.09782166424,2.08713890902,0.0106827552154,,,,,,,
1.6,2.4336,1.6,2.46825033838,2.5574981587,0.0892478203271,1.6,2.48456151559,2.50324599528,0.018684479689,,,,,,,
1.64,2.85474816,1.64,2.92478366406,2.9666046554,0.04182099134,1.64,2.86228122856,2.91769047145,0.0554092428863,,,,,,,
1.68,3.32114176,1.68,3.30955285019,3.49393507246,0.184382222277,1.68,3.37463662332,3.25978542329,0.114851200027,,,,,,,
1.72,3.83533056,1.72,3.83983259551,3.8898448244,0.0500122288872,1.72,3.88492453906,3.80731880746,0.0776057315952,,,,,,,
1.76,4.39992576,1.76,4.46101449549,4.40303421635,0.057980279139,1.76,4.47721105904,4.27397718367,0.203233875366,,,,,,,
1.8,5.0176,1.8,4.90786169766,5.01833061283,0.110468915176,1.8,4.91936328109,4.92450055431,0.00513727322086,,,,,,,
1.84,5.69108736,1.84,5.81798080071,5.81727330524,0.000707495473995,1.84,5.91839689937,5.55453813408,0.363858765292,,,,,,,
1.88,6.42318336,1.88,5.99541079298,5.88937990479,0.106030888194,1.88,6.74278703439,7.38223003493,0.63944300055,,,,,,,
1.92,7.21674496,1.92,7.97431078329,7.28052118608,0.693789597209,1.92,6.303637425,6.76075867592,0.457121250925,,,,,,,
1.96,8.07469056,1.96,7.03461832781,nan,nan,1.96,nan,nan,nan,,,,,,,
2,9,2,nan,nan,nan,2,nan,nan,nan,,,,,,,
2.04,9.99571456,2.04,nan,nan,nan,2.04,nan,nan,nan,,,,,,,
2.08,11.06493696,2.08,nan,nan,nan,2.08,nan,nan,nan,,,,,,,
2.12,12.21083136,2.12,nan,nan,nan,2.12,nan,nan,nan,,,,,,,
2.16,13.43662336,2.16,nan,nan,nan,2.16,nan,nan,nan,,,,,,,
2.2,14.7456,2.2,nan,nan,nan,2.2,nan,nan,nan,,,,,,,
2.24,16.14110976,2.24,nan,nan,nan,2.24,nan,nan,nan,,,,,,,
2.28,17.62656256,2.28,nan,nan,nan,2.28,nan,nan,nan,,,,,,,
2.32,19.20542976,2.32,nan,nan,nan,2.32,nan,nan,nan,,,,,,,
2.36,20.88124416,2.36,nan,nan,nan,2.36,nan,nan,nan,,,,,,,
2.4,22.6576,2.4,nan,nan,nan,2.4,nan,nan,nan,,,,,,,
2.44,24.53815296,2.44,nan,nan,nan,2.44,nan,nan,nan,,,,,,,
2.48,26.52662016,2.48,nan,nan,nan,2.48,nan,nan,nan,,,,,,,
