thermostat,replica_index,time,relative_energy_error
weak_argon_langevin,0,0,0
weak_argon_langevin,0,0.03,6.99536388795e-06
weak_argon_langevin,0,0.06,-1.76585274789e-06
weak_argon_langevin,0,0.09,-5.67132653796e-06
weak_argon_langevin,0,0.12,1.01719391927e-05
weak_argon_langevin,0,0.15,-8.97010071641e-07
weak_argon_langevin,0,0.18,-5.27627005434e-06
weak_argon_langevin,0,0.21,-8.05538149333e-06
weak_argon_langevin,0,0.24,-3.77860950642e-06
weak_argon_langevin,0,0.27,-5.49246370105e-06
weak_argon_langevin,0,0.3,6.49562140735e-06
weak_argon_langevin,0,0.33,-1.64906812568e-05
weak_argon_langevin,0,0.36,1.16601731788e-06
weak_argon_langevin,0,0.39,-3.30445773975e-06
weak_argon_langevin,0,0.42,-1.0337907719e-05
weak_argon_langevin,0,0.45,7.20736448751e-07
weak_argon_langevin,0,0.48,4.69743056119e-06
weak_argon_langevin,0,0.51,-4.41070484055e-06
weak_argon_langevin,0,0.54,-7.72558436623e-06
weak_argon_langevin,0,0.57,1.45237494198e-06
weak_argon_langevin,0,0.6,-9.12319339914e-06
weak_argon_langevin,0,0.63,1.96106278216e-06
weak_argon_langevin,0,0.66,-1.44789797477e-05
weak_argon_langevin,0,0.69,7.62588777093e-06
weak_argon_langevin,0,0.72,-9.49772912923e-06
weak_argon_langevin,0,0.75,-2.09944349517e-05
weak_argon_langevin,0,0.78,6.605246379e-06
weak_argon_langevin,0,0.81,-9.26490213245e-06
weak_argon_langevin,0,0.84,-2.21956530313e-05
weak_argon_langevin,0,0.87,-1.37637611639e-05
weak_argon_langevin,0,0.9,2.4166619237e-06
weak_argon_langevin,0,0.93,-1.2067307947e-05
weak_argon_langevin,0,0.96,-2.04759510975e-05
weak_argon_langevin,0,0.99,1.00407872422e-06
weak_argon_langevin,0,1.02,-1.86481305044e-05
weak_argon_langevin,0,1.05,-5.44320145891e-06
weak_argon_langevin,0,1.08,-1.61669621739e-05
weak_argon_langevin,0,1.11,-1.21151908681e-05
weak_argon_langevin,0,1.14,-1.9770908109e-06
weak_argon_langevin,0,1.17,-3.24583450307e-06
weak_argon_langevin,0,1.2,-3.55965174401e-06
weak_argon_langevin,0,1.23,-1.70585406714e-05
weak_argon_langevin,0,1.26,-5.53029407491e-07
weak_argon_langevin,0,1.29,-1.96541893685e-06
weak_argon_langevin,0,1.32,-1.66774341808e-06
weak_argon_langevin,0,1.35,-1.42054485929e-05
weak_argon_langevin,0,1.38,2.29113262326e-07
weak_argon_langevin,0,1.41,-3.93900955537e-06
weak_argon_langevin,0,1.44,-1.17283504384e-05
weak_argon_langevin,0,1.47,-1.15548195351e-05
weak_argon_langevin,0,1.5,-9.56439539435e-06
weak_argon_langevin,0,1.53,1.19109041575e-07
weak_argon_langevin,0,1.56,-1.69565458388e-05
weak_argon_langevin,0,1.59,-3.20204734858e-07
weak_argon_langevin,0,1.62,-1.62651219589e-05
weak_argon_langevin,0,1.65,-1.53227617702e-05
weak_argon_langevin,0,1.68,-1.81888241976e-05
weak_argon_langevin,0,1.71,-6.27371723627e-06
weak_argon_langevin,0,1.74,-3.8895101107e-06
weak_argon_langevin,0,1.77,-1.56845091619e-05
weak_argon_langevin,0,1.8,-1.27357860878e-05
weak_argon_langevin,0,1.83,-2.00623254916e-05
weak_argon_langevin,0,1.86,-1.90957570389e-05
weak_argon_langevin,0,1.89,-6.02005836012e-06
weak_argon_langevin,0,1.92,-8.89646363221e-06
weak_argon_langevin,0,1.95,-1.59517006123e-05
weak_argon_langevin,0,1.98,-1.745384618e-05
weak_argon_langevin,0,2.01,-9.2614486706e-06
weak_argon_langevin,0,2.04,-8.5139652383e-06
weak_argon_langevin,0,2.07,-4.844626024e-06
weak_argon_langevin,0,2.1,-1.71193684149e-05
weak_argon_langevin,0,2.13,-3.11226801307e-06
weak_argon_langevin,0,2.16,-2.615084826e-05
weak_argon_langevin,0,2.19,-9.30195005967e-06
weak_argon_langevin,0,2.22,-8.1037544432e-06
weak_argon_langevin,0,2.25,-2.49653634892e-05
weak_argon_langevin,0,2.28,-1.36019274805e-05
weak_argon_langevin,0,2.31,2.70197019227e-06
weak_argon_langevin,0,2.34,-3.84132515534e-05
weak_argon_langevin,0,2.37,-1.87952531488e-05
weak_argon_langevin,0,2.4,2.50012589868e-06
weak_argon_langevin,0,2.43,-2.07643786167e-05
weak_argon_langevin,0,2.46,-1.92777743429e-05
weak_argon_langevin,0,2.49,-1.2213059368e-05
weak_argon_langevin,0,2.52,-2.60851076775e-05
weak_argon_langevin,0,2.55,-1.70501815446e-05
weak_argon_langevin,0,2.58,-8.76178070667e-06
weak_argon_langevin,0,2.61,-1.5042458836e-05
weak_argon_langevin,0,2.64,-1.6609880556e-05
weak_argon_langevin,0,2.67,-2.91983947754e-05
weak_argon_langevin,0,2.7,-1.27392533761e-06
weak_argon_langevin,0,2.73,-2.57462407991e-05
weak_argon_langevin,0,2.76,-8.77554862761e-06
weak_argon_langevin,0,2.79,-2.62459949778e-05
weak_argon_langevin,0,2.82,-1.13245215931e-05
weak_argon_langevin,0,2.85,-2.52474900667e-06
weak_argon_langevin,0,2.88,-2.13352832377e-05
weak_argon_langevin,0,2.91,-1.67294403468e-05
weak_argon_langevin,0,2.94,-2.74595878929e-06
weak_argon_langevin,0,2.97,-1.67684006013e-05
weak_argon_langevin,0,3,-1.03725724597e-05
weak_argon_langevin,1,0,0
weak_argon_langevin,1,0.03,3.68876798297e-05
weak_argon_langevin,1,0.06,-4.75267176929e-06
weak_argon_langevin,1,0.09,1.68436508511e-05
weak_argon_langevin,1,0.12,1.12225978183e-05
weak_argon_langevin,1,0.15,1.40495090621e-05
weak_argon_langevin,1,0.18,6.4586833814e-06
weak_argon_langevin,1,0.21,1.55980237899e-05
weak_argon_langevin,1,0.24,-1.91032514766e-06
weak_argon_langevin,1,0.27,1.70394962295e-06
weak_argon_langevin,1,0.3,2.4615875383e-05
weak_argon_langevin,1,0.33,6.9008060155e-06
weak_argon_langevin,1,0.36,1.98915595129e-06
weak_argon_langevin,1,0.39,8.29769027192e-06
weak_argon_langevin,1,0.42,2.00061741873e-06
weak_argon_langevin,1,0.45,2.56497147806e-05
weak_argon_langevin,1,0.48,-3.46364495516e-06
weak_argon_langevin,1,0.51,2.69809230166e-05
weak_argon_langevin,1,0.54,1.50477956803e-05
weak_argon_langevin,1,0.57,8.89000954117e-06
weak_argon_langevin,1,0.6,1.46280824207e-05
weak_argon_langevin,1,0.63,9.42800953841e-06
weak_argon_langevin,1,0.66,3.93636775309e-05
weak_argon_langevin,1,0.69,1.23549807026e-05
weak_argon_langevin,1,0.72,6.37651676177e-06
weak_argon_langevin,1,0.75,2.05767317554e-05
weak_argon_langevin,1,0.78,9.05258862319e-06
weak_argon_langevin,1,0.81,2.8632330079e-05
weak_argon_langevin,1,0.84,1.06774062318e-05
weak_argon_langevin,1,0.87,2.24651124836e-05
weak_argon_langevin,1,0.9,1.09094978266e-05
weak_argon_langevin,1,0.93,1.66543445422e-05
weak_argon_langevin,1,0.96,2.42725663563e-05
weak_argon_langevin,1,0.99,2.7249915119e-05
weak_argon_langevin,1,1.02,2.66911320531e-05
weak_argon_langevin,1,1.05,9.34489591254e-06
weak_argon_langevin,1,1.08,8.37580944607e-06
weak_argon_langevin,1,1.11,2.82098329331e-05
weak_argon_langevin,1,1.14,8.79767246161e-06
weak_argon_langevin,1,1.17,2.10715657347e-05
weak_argon_langevin,1,1.2,1.82097576712e-05
weak_argon_langevin,1,1.23,1.09093094694e-05
weak_argon_langevin,1,1.26,2.4016647354e-05
weak_argon_langevin,1,1.29,1.76189162671e-05
weak_argon_langevin,1,1.32,1.39191687636e-05
weak_argon_langevin,1,1.35,2.78794716581e-05
weak_argon_langevin,1,1.38,2.63489874239e-05
weak_argon_langevin,1,1.41,4.81873827158e-06
weak_argon_langevin,1,1.44,2.96203146365e-05
weak_argon_langevin,1,1.47,1.96678012571e-05
weak_argon_langevin,1,1.5,2.1713434751e-05
weak_argon_langevin,1,1.53,3.11149170104e-05
weak_argon_langevin,1,1.56,7.87662942135e-06
weak_argon_langevin,1,1.59,1.01848300919e-05
weak_argon_langevin,1,1.62,3.17168676528e-05
weak_argon_langevin,1,1.65,1.73015478155e-05
weak_argon_langevin,1,1.68,2.63111608046e-05
weak_argon_langevin,1,1.71,2.45150414489e-05
weak_argon_langevin,1,1.74,2.14737483955e-05
weak_argon_langevin,1,1.77,1.90690868543e-05
weak_argon_langevin,1,1.8,2.40445441719e-05
weak_argon_langevin,1,1.83,1.97473110436e-05
weak_argon_langevin,1,1.86,2.52826403874e-05
weak_argon_langevin,1,1.89,2.13921671955e-05
weak_argon_langevin,1,1.92,8.67306295767e-06
weak_argon_langevin,1,1.95,2.17572219566e-05
weak_argon_langevin,1,1.98,2.90242121952e-05
weak_argon_langevin,1,2.01,1.48089846257e-05
weak_argon_langevin,1,2.04,1.96336619232e-05
weak_argon_langevin,1,2.07,2.19654163716e-05
weak_argon_langevin,1,2.1,2.3139394706e-05
weak_argon_langevin,1,2.13,2.65427634934e-05
weak_argon_langevin,1,2.16,2.68677597866e-05
weak_argon_langevin,1,2.19,1.64736963145e-05
weak_argon_langevin,1,2.22,1.61306899988e-05
weak_argon_langevin,1,2.25,1.44729448123e-05
weak_argon_langevin,1,2.28,3.14675903763e-05
weak_argon_langevin,1,2.31,3.45760115615e-05
weak_argon_langevin,1,2.34,8.65076309131e-06
weak_argon_langevin,1,2.37,2.19799390412e-05
weak_argon_langevin,1,2.4,3.15787355986e-05
weak_argon_langevin,1,2.43,1.79348949734e-05
weak_argon_langevin,1,2.46,2.87771536427e-05
weak_argon_langevin,1,2.49,3.73084865121e-06
weak_argon_langevin,1,2.52,2.4743204307e-05
weak_argon_langevin,1,2.55,1.28725059568e-05
weak_argon_langevin,1,2.58,-1.5056299324e-06
weak_argon_langevin,1,2.61,2.49759944054e-05
weak_argon_langevin,1,2.64,4.48043072736e-06
weak_argon_langevin,1,2.67,2.20837525967e-05
weak_argon_langevin,1,2.7,1.33457964723e-05
weak_argon_langevin,1,2.73,8.71754128327e-06
weak_argon_langevin,1,2.76,1.35227282917e-05
weak_argon_langevin,1,2.79,5.53998320002e-07
weak_argon_langevin,1,2.82,2.98368830169e-05
weak_argon_langevin,1,2.85,-1.9849425022e-06
weak_argon_langevin,1,2.88,2.03569984365e-05
weak_argon_langevin,1,2.91,2.41726476112e-05
weak_argon_langevin,1,2.94,1.41547366999e-05
weak_argon_langevin,1,2.97,9.92832765547e-06
weak_argon_langevin,1,3,1.57479879995e-05
weak_argon_langevin,2,0,0
weak_argon_langevin,2,0.03,1.76683865911e-05
weak_argon_langevin,2,0.06,2.96317706231e-05
weak_argon_langevin,2,0.09,3.42439804104e-06
weak_argon_langevin,2,0.12,7.04353321464e-06
weak_argon_langevin,2,0.15,3.15924793605e-05
weak_argon_langevin,2,0.18,3.3686282963e-05
weak_argon_langevin,2,0.21,1.94682971305e-05
weak_argon_langevin,2,0.24,2.06782034117e-05
weak_argon_langevin,2,0.27,1.9513618101e-05
weak_argon_langevin,2,0.3,2.21974987532e-05
weak_argon_langevin,2,0.33,3.77763097326e-05
weak_argon_langevin,2,0.36,1.72732957972e-05
weak_argon_langevin,2,0.39,2.63499454197e-05
weak_argon_langevin,2,0.42,3.430112535e-05
weak_argon_langevin,2,0.45,8.55120521658e-06
weak_argon_langevin,2,0.48,1.83002836489e-05
weak_argon_langevin,2,0.51,3.12928561095e-05
weak_argon_langevin,2,0.54,5.68944207121e-06
weak_argon_langevin,2,0.57,2.00503838026e-05
weak_argon_langevin,2,0.6,1.95176512468e-05
weak_argon_langevin,2,0.63,2.43670312751e-05
weak_argon_langevin,2,0.66,1.92630004685e-05
weak_argon_langevin,2,0.69,1.23800513338e-05
weak_argon_langevin,2,0.72,3.01147376373e-05
weak_argon_langevin,2,0.75,1.29564798587e-05
weak_argon_langevin,2,0.78,1.33604672224e-05
weak_argon_langevin,2,0.81,2.06177087646e-05
weak_argon_langevin,2,0.84,2.42621370739e-05
weak_argon_langevin,2,0.87,3.15660424453e-05
weak_argon_langevin,2,0.9,1.67269309331e-05
weak_argon_langevin,2,0.93,1.18630182678e-05
weak_argon_langevin,2,0.96,2.96936905425e-05
weak_argon_langevin,2,0.99,2.89888836988e-05
weak_argon_langevin,2,1.02,1.17326226781e-05
weak_argon_langevin,2,1.05,3.60520828616e-05
weak_argon_langevin,2,1.08,1.45265223113e-05
weak_argon_langevin,2,1.11,2.33859033496e-05
weak_argon_langevin,2,1.14,3.16604045346e-05
weak_argon_langevin,2,1.17,4.02502468695e-06
weak_argon_langevin,2,1.2,2.31605140162e-05
weak_argon_langevin,2,1.23,2.30790024589e-05
weak_argon_langevin,2,1.26,2.73288344423e-05
weak_argon_langevin,2,1.29,1.83703668784e-05
weak_argon_langevin,2,1.32,1.22473219972e-05
weak_argon_langevin,2,1.35,3.98950913623e-05
weak_argon_langevin,2,1.38,1.93154591064e-05
weak_argon_langevin,2,1.41,1.94492678864e-05
weak_argon_langevin,2,1.44,2.96818961128e-05
weak_argon_langevin,2,1.47,1.59345737562e-05
weak_argon_langevin,2,1.5,2.18983527252e-05
weak_argon_langevin,2,1.53,2.06627287861e-05
weak_argon_langevin,2,1.56,1.92586814318e-05
weak_argon_langevin,2,1.59,1.77619393413e-05
weak_argon_langevin,2,1.62,1.70592403819e-05
weak_argon_langevin,2,1.65,3.12926213658e-05
weak_argon_langevin,2,1.68,1.21473406555e-05
weak_argon_langevin,2,1.71,2.11723222194e-05
weak_argon_langevin,2,1.74,1.55125052996e-05
weak_argon_langevin,2,1.77,3.05925356481e-05
weak_argon_langevin,2,1.8,1.10914878568e-05
weak_argon_langevin,2,1.83,2.59388119528e-05
weak_argon_langevin,2,1.86,2.08038770266e-05
weak_argon_langevin,2,1.89,2.67409969206e-05
weak_argon_langevin,2,1.92,3.04106194014e-06
weak_argon_langevin,2,1.95,2.90491660256e-05
weak_argon_langevin,2,1.98,-2.4351530538e-06
weak_argon_langevin,2,2.01,2.20679304555e-05
weak_argon_langevin,2,2.04,2.53634681526e-05
weak_argon_langevin,2,2.07,1.93747205246e-05
weak_argon_langevin,2,2.1,3.26389266428e-06
weak_argon_langevin,2,2.13,1.96029246839e-05
weak_argon_langevin,2,2.16,2.38633205017e-05
weak_argon_langevin,2,2.19,1.95718953129e-05
weak_argon_langevin,2,2.22,1.71562430927e-05
weak_argon_langevin,2,2.25,2.41687796268e-05
weak_argon_langevin,2,2.28,8.63444828994e-06
weak_argon_langevin,2,2.31,2.22948723554e-05
weak_argon_langevin,2,2.34,1.06811088157e-05
weak_argon_langevin,2,2.37,2.62042848232e-05
weak_argon_langevin,2,2.4,2.85895340069e-05
weak_argon_langevin,2,2.43,7.63238980764e-06
weak_argon_langevin,2,2.46,1.39054214425e-05
weak_argon_langevin,2,2.49,1.43990544914e-05
weak_argon_langevin,2,2.52,2.51746498369e-05
weak_argon_langevin,2,2.55,1.17138601213e-05
weak_argon_langevin,2,2.58,2.02791383025e-05
weak_argon_langevin,2,2.61,1.89868549291e-05
weak_argon_langevin,2,2.64,1.32606516086e-05
weak_argon_langevin,2,2.67,1.81122768393e-05
weak_argon_langevin,2,2.7,2.82865494061e-05
weak_argon_langevin,2,2.73,-2.83302502376e-06
weak_argon_langevin,2,2.76,2.2279968251e-05
weak_argon_langevin,2,2.79,4.17362818744e-05
weak_argon_langevin,2,2.82,5.02217303217e-06
weak_argon_langevin,2,2.85,1.71946618272e-05
weak_argon_langevin,2,2.88,3.00921232364e-05
weak_argon_langevin,2,2.91,3.78878595217e-05
weak_argon_langevin,2,2.94,2.07700264231e-05
weak_argon_langevin,2,2.97,1.29505829311e-05
weak_argon_langevin,2,3,3.24657847069e-05
moderate_argon_langevin,0,0,0
moderate_argon_langevin,0,0.03,9.31226763579e-06
moderate_argon_langevin,0,0.06,-9.12223009288e-07
moderate_argon_langevin,0,0.09,-1.46959975352e-05
moderate_argon_langevin,0,0.12,-2.87365728856e-06
moderate_argon_langevin,0,0.15,3.80282585361e-06
moderate_argon_langevin,0,0.18,-3.23436165715e-06
moderate_argon_langevin,0,0.21,-1.14822497364e-05
moderate_argon_langevin,0,0.24,-7.61184995531e-06
moderate_argon_langevin,0,0.27,-8.31515029909e-06
moderate_argon_langevin,0,0.3,-8.79838553791e-06
moderate_argon_langevin,0,0.33,-1.18267943307e-05
moderate_argon_langevin,0,0.36,-1.62115642128e-05
moderate_argon_langevin,0,0.39,-1.69705470396e-05
moderate_argon_langevin,0,0.42,1.5445180954e-05
moderate_argon_langevin,0,0.45,-2.01941082186e-05
moderate_argon_langevin,0,0.48,-1.5271855976e-05
moderate_argon_langevin,0,0.51,-1.81876157105e-05
moderate_argon_langevin,0,0.54,-1.6083533679e-05
moderate_argon_langevin,0,0.57,1.52267227374e-06
moderate_argon_langevin,0,0.6,-1.36718022108e-05
moderate_argon_langevin,0,0.63,-2.28659622402e-05
moderate_argon_langevin,0,0.66,-7.94807246289e-06
moderate_argon_langevin,0,0.69,-5.17450317506e-06
moderate_argon_langevin,0,0.72,-3.13853016835e-05
moderate_argon_langevin,0,0.75,-8.34877119091e-06
moderate_argon_langevin,0,0.78,7.28872748504e-07
moderate_argon_langevin,0,0.81,-6.53938098526e-06
moderate_argon_langevin,0,0.84,-1.23032259147e-05
moderate_argon_langevin,0,0.87,-1.73178073167e-07
moderate_argon_langevin,0,0.9,-8.71298273733e-06
moderate_argon_langevin,0,0.93,-6.72171456928e-06
moderate_argon_langevin,0,0.96,-6.54198661614e-06
moderate_argon_langevin,0,0.99,-1.83320932278e-06
moderate_argon_langevin,0,1.02,-1.238628403e-05
moderate_argon_langevin,0,1.05,-8.06390550397e-06
moderate_argon_langevin,0,1.08,2.82930026054e-06
moderate_argon_langevin,0,1.11,-7.1862103648e-06
moderate_argon_langevin,0,1.14,-2.11676456849e-05
moderate_argon_langevin,0,1.17,3.10567621978e-06
moderate_argon_langevin,0,1.2,3.08766510012e-07
moderate_argon_langevin,0,1.23,-1.01269320985e-05
moderate_argon_langevin,0,1.26,-1.33860239026e-05
moderate_argon_langevin,0,1.29,-9.55414440082e-06
moderate_argon_langevin,0,1.32,-1.53903184052e-06
moderate_argon_langevin,0,1.35,-3.56512787963e-06
moderate_argon_langevin,0,1.38,-1.72218907837e-05
moderate_argon_langevin,0,1.41,-2.67138299976e-06
moderate_argon_langevin,0,1.44,-6.32441540681e-06
moderate_argon_langevin,0,1.47,-8.95468277757e-06
moderate_argon_langevin,0,1.5,-5.67760124586e-06
moderate_argon_langevin,0,1.53,-2.40519275872e-06
moderate_argon_langevin,0,1.56,-2.36696437741e-05
moderate_argon_langevin,0,1.59,-1.18761450651e-05
moderate_argon_langevin,0,1.62,-1.0846569445e-05
moderate_argon_langevin,0,1.65,-1.2682557861e-05
moderate_argon_langevin,0,1.68,-2.3817189663e-05
moderate_argon_langevin,0,1.71,-1.18800408867e-05
moderate_argon_langevin,0,1.74,-2.66538805183e-05
moderate_argon_langevin,0,1.77,-1.1359656194e-05
moderate_argon_langevin,0,1.8,-2.73458730299e-05
moderate_argon_langevin,0,1.83,-1.3930834579e-05
moderate_argon_langevin,0,1.86,-1.92639213361e-05
moderate_argon_langevin,0,1.89,-1.97218113562e-05
moderate_argon_langevin,0,1.92,-1.7704668927e-05
moderate_argon_langevin,0,1.95,-6.06825309366e-06
moderate_argon_langevin,0,1.98,-2.08007873767e-05
moderate_argon_langevin,0,2.01,-4.19123911181e-05
moderate_argon_langevin,0,2.04,-1.89895310463e-06
moderate_argon_langevin,0,2.07,-2.52108713486e-05
moderate_argon_langevin,0,2.1,-3.39312391866e-05
moderate_argon_langevin,0,2.13,-1.11118898723e-05
moderate_argon_langevin,0,2.16,-2.2083957618e-05
moderate_argon_langevin,0,2.19,-1.7544465983e-05
moderate_argon_langevin,0,2.22,-1.73558783171e-05
moderate_argon_langevin,0,2.25,-1.63447882572e-05
moderate_argon_langevin,0,2.28,-1.7749586332e-05
moderate_argon_langevin,0,2.31,-7.23813808793e-06
moderate_argon_langevin,0,2.34,-2.59945312871e-05
moderate_argon_langevin,0,2.37,-1.13051399357e-05
moderate_argon_langevin,0,2.4,-2.81837351799e-05
moderate_argon_langevin,0,2.43,-8.44415419073e-06
moderate_argon_langevin,0,2.46,-3.25258144731e-05
moderate_argon_langevin,0,2.49,-2.19673258614e-05
moderate_argon_langevin,0,2.52,-2.66307482055e-05
moderate_argon_langevin,0,2.55,-9.12275299898e-06
moderate_argon_langevin,0,2.58,-1.16736028287e-05
moderate_argon_langevin,0,2.61,-1.22145623024e-05
moderate_argon_langevin,0,2.64,-2.55425626597e-05
moderate_argon_langevin,0,2.67,-2.40501619555e-05
moderate_argon_langevin,0,2.7,-1.15462066775e-05
moderate_argon_langevin,0,2.73,-1.98136750709e-05
moderate_argon_langevin,0,2.76,-1.04931105492e-05
moderate_argon_langevin,0,2.79,-1.01610208668e-05
moderate_argon_langevin,0,2.82,-9.87929594608e-06
moderate_argon_langevin,0,2.85,-1.47765850154e-05
moderate_argon_langevin,0,2.88,-2.27542036315e-05
moderate_argon_langevin,0,2.91,-1.02659609759e-05
moderate_argon_langevin,0,2.94,-4.65210828581e-06
moderate_argon_langevin,0,2.97,-1.79363261977e-05
moderate_argon_langevin,0,3,-1.48215590602e-05
moderate_argon_langevin,1,0,0
moderate_argon_langevin,1,0.03,-2.51894243602e-06
moderate_argon_langevin,1,0.06,-6.86563671213e-06
moderate_argon_langevin,1,0.09,4.69622557278e-06
moderate_argon_langevin,1,0.12,8.00388475591e-06
moderate_argon_langevin,1,0.15,5.98394910433e-06
moderate_argon_langevin,1,0.18,9.03147763287e-07
moderate_argon_langevin,1,0.21,3.63086680074e-06
moderate_argon_langevin,1,0.24,-1.18294205072e-05
moderate_argon_langevin,1,0.27,3.62487604031e-06
moderate_argon_langevin,1,0.3,4.39521593762e-06
moderate_argon_langevin,1,0.33,-5.3146498459e-06
moderate_argon_langevin,1,0.36,-4.42628137804e-06
moderate_argon_langevin,1,0.39,-9.10678166266e-07
moderate_argon_langevin,1,0.42,1.44509597555e-06
moderate_argon_langevin,1,0.45,-7.8733293519e-07
moderate_argon_langevin,1,0.48,-2.45850359987e-05
moderate_argon_langevin,1,0.51,-8.56835229782e-06
moderate_argon_langevin,1,0.54,-6.81176701842e-07
moderate_argon_langevin,1,0.57,5.79369901545e-06
moderate_argon_langevin,1,0.6,-1.76724052961e-05
moderate_argon_langevin,1,0.63,-3.53945718363e-06
moderate_argon_langevin,1,0.66,3.84675285158e-06
moderate_argon_langevin,1,0.69,-2.01023842192e-05
moderate_argon_langevin,1,0.72,1.31972950509e-05
moderate_argon_langevin,1,0.75,-1.7310411221e-05
moderate_argon_langevin,1,0.78,1.87887799198e-06
moderate_argon_langevin,1,0.81,-6.53687650061e-06
moderate_argon_langevin,1,0.84,-5.89906170498e-06
moderate_argon_langevin,1,0.87,2.02430344033e-06
moderate_argon_langevin,1,0.9,1.47702889934e-05
moderate_argon_langevin,1,0.93,-1.36146503875e-05
moderate_argon_langevin,1,0.96,2.63782360699e-06
moderate_argon_langevin,1,0.99,-8.99639175808e-06
moderate_argon_langevin,1,1.02,1.78010091234e-05
moderate_argon_langevin,1,1.05,-9.45720094483e-06
moderate_argon_langevin,1,1.08,-2.35844170289e-05
moderate_argon_langevin,1,1.11,1.78754037652e-05
moderate_argon_langevin,1,1.14,-1.26103459386e-05
moderate_argon_langevin,1,1.17,-1.8130345688e-05
moderate_argon_langevin,1,1.2,-2.52946539922e-06
moderate_argon_langevin,1,1.23,5.85373635499e-06
moderate_argon_langevin,1,1.26,-1.63303345182e-05
moderate_argon_langevin,1,1.29,-7.49004183141e-06
moderate_argon_langevin,1,1.32,-2.81294785692e-06
moderate_argon_langevin,1,1.35,-2.57982218694e-06
moderate_argon_langevin,1,1.38,-1.40580256526e-05
moderate_argon_langevin,1,1.41,1.22853696842e-05
moderate_argon_langevin,1,1.44,8.31289173654e-07
moderate_argon_langevin,1,1.47,-5.94456162234e-06
moderate_argon_langevin,1,1.5,-9.74506148696e-06
moderate_argon_langevin,1,1.53,4.34461444391e-06
moderate_argon_langevin,1,1.56,5.4522800553e-06
moderate_argon_langevin,1,1.59,2.74954702903e-06
moderate_argon_langevin,1,1.62,-5.1401554069e-06
moderate_argon_langevin,1,1.65,1.77252469509e-06
moderate_argon_langevin,1,1.68,-3.31199510829e-06
moderate_argon_langevin,1,1.71,2.57859666071e-06
moderate_argon_langevin,1,1.74,-6.29334263443e-06
moderate_argon_langevin,1,1.77,-5.53063530243e-06
moderate_argon_langevin,1,1.8,2.98369128442e-07
moderate_argon_langevin,1,1.83,1.61455314046e-06
moderate_argon_langevin,1,1.86,-1.11022098069e-05
moderate_argon_langevin,1,1.89,6.01496957249e-06
moderate_argon_langevin,1,1.92,-1.39260967033e-05
moderate_argon_langevin,1,1.95,-1.11804642722e-05
moderate_argon_langevin,1,1.98,1.60440642679e-05
moderate_argon_langevin,1,2.01,2.75305068899e-06
moderate_argon_langevin,1,2.04,-1.95420311398e-05
moderate_argon_langevin,1,2.07,2.33835569047e-06
moderate_argon_langevin,1,2.1,-6.18156849008e-06
moderate_argon_langevin,1,2.13,-1.60764917364e-05
moderate_argon_langevin,1,2.16,-4.85588508191e-06
moderate_argon_langevin,1,2.19,-8.23357299622e-06
moderate_argon_langevin,1,2.22,-1.48673964113e-05
moderate_argon_langevin,1,2.25,-1.29904857001e-05
moderate_argon_langevin,1,2.28,-9.52588444985e-07
moderate_argon_langevin,1,2.31,-1.22842599122e-05
moderate_argon_langevin,1,2.34,-9.67554773578e-06
moderate_argon_langevin,1,2.37,-9.31640531582e-06
moderate_argon_langevin,1,2.4,-8.99023637078e-06
moderate_argon_langevin,1,2.43,-1.33423201468e-05
moderate_argon_langevin,1,2.46,-6.26542711699e-06
moderate_argon_langevin,1,2.49,-9.24286900631e-06
moderate_argon_langevin,1,2.52,-1.12153991588e-05
moderate_argon_langevin,1,2.55,-1.14549693442e-05
moderate_argon_langevin,1,2.58,-2.22277167209e-06
moderate_argon_langevin,1,2.61,-2.4572412675e-05
moderate_argon_langevin,1,2.64,-2.14152711227e-06
moderate_argon_langevin,1,2.67,1.28171046271e-05
moderate_argon_langevin,1,2.7,-2.32522620617e-05
moderate_argon_langevin,1,2.73,-6.43491401625e-06
moderate_argon_langevin,1,2.76,1.20760243183e-05
moderate_argon_langevin,1,2.79,-2.15455474044e-05
moderate_argon_langevin,1,2.82,-5.55060753674e-06
moderate_argon_langevin,1,2.85,5.72514931977e-06
moderate_argon_langevin,1,2.88,1.10961860267e-06
moderate_argon_langevin,1,2.91,-8.64250237795e-06
moderate_argon_langevin,1,2.94,-1.09167815797e-05
moderate_argon_langevin,1,2.97,7.69516135588e-06
moderate_argon_langevin,1,3,-7.88685662271e-06
moderate_argon_langevin,2,0,0
moderate_argon_langevin,2,0.03,7.99674355496e-06
moderate_argon_langevin,2,0.06,7.79569541181e-06
moderate_argon_langevin,2,0.09,9.30552891297e-06
moderate_argon_langevin,2,0.12,-1.09402563279e-05
moderate_argon_langevin,2,0.15,2.42861176343e-06
moderate_argon_langevin,2,0.18,1.93781124813e-05
moderate_argon_langevin,2,0.21,-1.07099454208e-05
moderate_argon_langevin,2,0.24,1.27990219971e-05
moderate_argon_langevin,2,0.27,-2.09608424214e-06
moderate_argon_langevin,2,0.3,6.07952335454e-06
moderate_argon_langevin,2,0.33,1.36865776369e-05
moderate_argon_langevin,2,0.36,7.68836105116e-06
moderate_argon_langevin,2,0.39,1.7211846101e-06
moderate_argon_langevin,2,0.42,8.40988409673e-06
moderate_argon_langevin,2,0.45,5.13978521021e-06
moderate_argon_langevin,2,0.48,1.05334700854e-05
moderate_argon_langevin,2,0.51,1.6872443633e-05
moderate_argon_langevin,2,0.54,1.85995530145e-06
moderate_argon_langevin,2,0.57,3.85665143272e-06
moderate_argon_langevin,2,0.6,6.33942572319e-06
moderate_argon_langevin,2,0.63,2.89374633924e-06
moderate_argon_langevin,2,0.66,6.44839734235e-06
moderate_argon_langevin,2,0.69,9.44458880625e-06
moderate_argon_langevin,2,0.72,1.00410603232e-05
moderate_argon_langevin,2,0.75,6.24971395769e-06
moderate_argon_langevin,2,0.78,1.30436454141e-05
moderate_argon_langevin,2,0.81,2.90066934222e-06
moderate_argon_langevin,2,0.84,4.03353406132e-06
moderate_argon_langevin,2,0.87,7.71071541763e-06
moderate_argon_langevin,2,0.9,8.83469933278e-06
moderate_argon_langevin,2,0.93,1.49823095358e-05
moderate_argon_langevin,2,0.96,-7.54982482103e-06
moderate_argon_langevin,2,0.99,7.52398084964e-06
moderate_argon_langevin,2,1.02,1.15952907025e-05
moderate_argon_langevin,2,1.05,1.02459516703e-06
moderate_argon_langevin,2,1.08,4.74819511938e-07
moderate_argon_langevin,2,1.11,2.07257501755e-05
moderate_argon_langevin,2,1.14,1.72437070585e-05
moderate_argon_langevin,2,1.17,-8.00187590369e-06
moderate_argon_langevin,2,1.2,1.47322396401e-05
moderate_argon_langevin,2,1.23,-2.22951285316e-05
moderate_argon_langevin,2,1.26,2.35237052302e-05
moderate_argon_langevin,2,1.29,4.80132855421e-06
moderate_argon_langevin,2,1.32,-1.83006101191e-06
moderate_argon_langevin,2,1.35,1.21547676492e-05
moderate_argon_langevin,2,1.38,2.27763886412e-07
moderate_argon_langevin,2,1.41,1.71431794247e-05
moderate_argon_langevin,2,1.44,-2.84357839258e-06
moderate_argon_langevin,2,1.47,1.29519040649e-05
moderate_argon_langevin,2,1.5,2.73912238549e-05
moderate_argon_langevin,2,1.53,9.78005366216e-06
moderate_argon_langevin,2,1.56,2.97349946464e-06
moderate_argon_langevin,2,1.59,2.06669071576e-05
moderate_argon_langevin,2,1.62,4.93180272725e-06
moderate_argon_langevin,2,1.65,1.25795706906e-05
moderate_argon_langevin,2,1.68,1.48313687735e-05
moderate_argon_langevin,2,1.71,1.7152114049e-05
moderate_argon_langevin,2,1.74,1.83346745507e-05
moderate_argon_langevin,2,1.77,8.31477674962e-06
moderate_argon_langevin,2,1.8,2.22531803646e-05
moderate_argon_langevin,2,1.83,5.68558563195e-06
moderate_argon_langevin,2,1.86,1.51977206838e-05
moderate_argon_langevin,2,1.89,1.56648533623e-05
moderate_argon_langevin,2,1.92,2.08934313546e-05
moderate_argon_langevin,2,1.95,2.75425538317e-05
moderate_argon_langevin,2,1.98,2.94911200707e-05
moderate_argon_langevin,2,2.01,1.33952242194e-05
moderate_argon_langevin,2,2.04,1.75266395479e-05
moderate_argon_langevin,2,2.07,2.27447529674e-05
moderate_argon_langevin,2,2.1,1.51271997368e-05
moderate_argon_langevin,2,2.13,1.53486233832e-05
moderate_argon_langevin,2,2.16,1.46235417342e-05
moderate_argon_langevin,2,2.19,1.33598243352e-05
moderate_argon_langevin,2,2.22,2.89731593694e-05
moderate_argon_langevin,2,2.25,1.69350663782e-05
moderate_argon_langevin,2,2.28,8.32338062462e-07
moderate_argon_langevin,2,2.31,1.07108194557e-05
moderate_argon_langevin,2,2.34,1.68419117963e-05
moderate_argon_langevin,2,2.37,1.00464406493e-05
moderate_argon_langevin,2,2.4,1.93019430492e-05
moderate_argon_langevin,2,2.43,1.07534300519e-06
moderate_argon_langevin,2,2.46,1.13180892313e-05
moderate_argon_langevin,2,2.49,1.42261622422e-05
moderate_argon_langevin,2,2.52,1.93076910022e-05
moderate_argon_langevin,2,2.55,2.51001305465e-05
moderate_argon_langevin,2,2.58,1.97590308105e-05
moderate_argon_langevin,2,2.61,2.15097502032e-05
moderate_argon_langevin,2,2.64,1.71934792197e-05
moderate_argon_langevin,2,2.67,1.70629927902e-05
moderate_argon_langevin,2,2.7,2.98273259038e-05
moderate_argon_langevin,2,2.73,1.42181965576e-05
moderate_argon_langevin,2,2.76,1.84343350676e-05
moderate_argon_langevin,2,2.79,3.14089562537e-05
moderate_argon_langevin,2,2.82,2.40571968954e-05
moderate_argon_langevin,2,2.85,3.36595849147e-05
moderate_argon_langevin,2,2.88,2.11403080494e-05
moderate_argon_langevin,2,2.91,1.64965081689e-05
moderate_argon_langevin,2,2.94,3.86357692925e-05
moderate_argon_langevin,2,2.97,3.43433582662e-05
moderate_argon_langevin,2,3,1.84089497858e-05
strong_argon_langevin,0,0,0
strong_argon_langevin,0,0.03,7.71795150187e-06
strong_argon_langevin,0,0.06,-6.15852492789e-06
strong_argon_langevin,0,0.09,3.66180927659e-06
strong_argon_langevin,0,0.12,1.24495979807e-05
strong_argon_langevin,0,0.15,6.86420838441e-06
strong_argon_langevin,0,0.18,2.68891200127e-06
strong_argon_langevin,0,0.21,-6.01265441497e-06
strong_argon_langevin,0,0.24,-5.25035343857e-06
strong_argon_langevin,0,0.27,1.06032995727e-05
strong_argon_langevin,0,0.3,4.0725016688e-07
strong_argon_langevin,0,0.33,-2.32740751741e-05
strong_argon_langevin,0,0.36,-2.14015688932e-05
strong_argon_langevin,0,0.39,-1.91425936084e-06
strong_argon_langevin,0,0.42,-1.04006839498e-05
strong_argon_langevin,0,0.45,-8.36783460279e-07
strong_argon_langevin,0,0.48,-1.03548316518e-05
strong_argon_langevin,0,0.51,3.05206757858e-06
strong_argon_langevin,0,0.54,-1.04264123366e-05
strong_argon_langevin,0,0.57,7.89084184685e-06
strong_argon_langevin,0,0.6,-2.1688661254e-05
strong_argon_langevin,0,0.63,2.7389544107e-06
strong_argon_langevin,0,0.66,-8.55822813687e-06
strong_argon_langevin,0,0.69,1.07132248158e-06
strong_argon_langevin,0,0.72,-1.61343478625e-05
strong_argon_langevin,0,0.75,-5.24881485276e-06
strong_argon_langevin,0,0.78,-2.04717979814e-05
strong_argon_langevin,0,0.81,1.37866718639e-05
strong_argon_langevin,0,0.84,-3.08294952413e-05
strong_argon_langevin,0,0.87,2.11717366678e-06
strong_argon_langevin,0,0.9,-9.66681487248e-06
strong_argon_langevin,0,0.93,1.1632346961e-05
strong_argon_langevin,0,0.96,-4.05746617012e-06
strong_argon_langevin,0,0.99,-1.33559038273e-05
strong_argon_langevin,0,1.02,-5.74028633053e-06
strong_argon_langevin,0,1.05,-1.32120843489e-05
strong_argon_langevin,0,1.08,1.25458562747e-05
strong_argon_langevin,0,1.11,-4.10262517939e-07
strong_argon_langevin,0,1.14,-8.3643343619e-06
strong_argon_langevin,0,1.17,5.83849381231e-06
strong_argon_langevin,0,1.2,-1.23496171746e-05
strong_argon_langevin,0,1.23,-9.73707917972e-06
strong_argon_langevin,0,1.26,-4.69992503722e-06
strong_argon_langevin,0,1.29,2.91890228751e-05
strong_argon_langevin,0,1.32,-1.78483664207e-05
strong_argon_langevin,0,1.35,4.09849863815e-06
strong_argon_langevin,0,1.38,-1.03171984434e-05
strong_argon_langevin,0,1.41,3.88961304015e-05
strong_argon_langevin,0,1.44,-3.72305105518e-06
strong_argon_langevin,0,1.47,-1.01439705248e-05
strong_argon_langevin,0,1.5,2.46203749957e-05
strong_argon_langevin,0,1.53,8.56099537255e-06
strong_argon_langevin,0,1.56,1.48024800515e-05
strong_argon_langevin,0,1.59,2.39027727091e-05
strong_argon_langevin,0,1.62,1.76160805049e-05
strong_argon_langevin,0,1.65,1.54166114412e-06
strong_argon_langevin,0,1.68,1.47901288577e-05
strong_argon_langevin,0,1.71,1.84410326448e-05
strong_argon_langevin,0,1.74,7.04487950991e-06
strong_argon_langevin,0,1.77,-7.74242555771e-06
strong_argon_langevin,0,1.8,1.80261691745e-05
strong_argon_langevin,0,1.83,1.43971838728e-05
strong_argon_langevin,0,1.86,7.20966797806e-06
strong_argon_langevin,0,1.89,7.01120872589e-06
strong_argon_langevin,0,1.92,1.56480128436e-06
strong_argon_langevin,0,1.95,1.93305316109e-05
strong_argon_langevin,0,1.98,9.22733103939e-06
strong_argon_langevin,0,2.01,1.18442385874e-05
strong_argon_langevin,0,2.04,2.49561949427e-05
strong_argon_langevin,0,2.07,2.11895083541e-06
strong_argon_langevin,0,2.1,1.51641769188e-05
strong_argon_langevin,0,2.13,1.93984181103e-05
strong_argon_langevin,0,2.16,-9.82269053854e-06
strong_argon_langevin,0,2.19,1.0409419144e-05
strong_argon_langevin,0,2.22,1.51781908648e-05
strong_argon_langevin,0,2.25,-1.77139188115e-05
strong_argon_langevin,0,2.28,-3.02503986469e-06
strong_argon_langevin,0,2.31,9.83645576174e-06
strong_argon_langevin,0,2.34,-4.58476770528e-06
strong_argon_langevin,0,2.37,1.61846108383e-05
strong_argon_langevin,0,2.4,-8.40013270248e-06
strong_argon_langevin,0,2.43,-6.95409264452e-06
strong_argon_langevin,0,2.46,2.67041344506e-05
strong_argon_langevin,0,2.49,2.70032223398e-06
strong_argon_langevin,0,2.52,7.03649032377e-06
strong_argon_langevin,0,2.55,-1.42933396461e-06
strong_argon_langevin,0,2.58,-1.08619913581e-06
strong_argon_langevin,0,2.61,-9.6207905643e-07
strong_argon_langevin,0,2.64,2.33447718294e-05
strong_argon_langevin,0,2.67,-1.45210532255e-05
strong_argon_langevin,0,2.7,-4.0687401946e-06
strong_argon_langevin,0,2.73,2.34297009247e-07
strong_argon_langevin,0,2.76,-1.0099072661e-05
strong_argon_langevin,0,2.79,1.00968132619e-05
strong_argon_langevin,0,2.82,-3.44860348081e-07
strong_argon_langevin,0,2.85,-6.77412890981e-06
strong_argon_langevin,0,2.88,4.00633971545e-07
strong_argon_langevin,0,2.91,8.56242095205e-06
strong_argon_langevin,0,2.94,8.36122699128e-06
strong_argon_langevin,0,2.97,-9.59277982816e-06
strong_argon_langevin,0,3,-1.06279000703e-05
strong_argon_langevin,1,0,0
strong_argon_langevin,1,0.03,-1.07009865359e-05
strong_argon_langevin,1,0.06,5.20607249645e-06
strong_argon_langevin,1,0.09,-1.16527214742e-06
strong_argon_langevin,1,0.12,-4.37003551851e-06
strong_argon_langevin,1,0.15,-1.11127059688e-05
strong_argon_langevin,1,0.18,-7.26299117799e-06
strong_argon_langevin,1,0.21,1.64429627795e-05
strong_argon_langevin,1,0.24,-4.39772599372e-06
strong_argon_langevin,1,0.27,-1.98147671794e-06
strong_argon_langevin,1,0.3,2.86729831613e-06
strong_argon_langevin,1,0.33,1.01501502303e-05
strong_argon_langevin,1,0.36,-6.53982308131e-06
strong_argon_langevin,1,0.39,-8.14455964799e-06
strong_argon_langevin,1,0.42,9.62423887251e-06
strong_argon_langevin,1,0.45,5.16144345397e-06
strong_argon_langevin,1,0.48,-3.66986304703e-06
strong_argon_langevin,1,0.51,1.38466861655e-05
strong_argon_langevin,1,0.54,6.93364930883e-07
strong_argon_langevin,1,0.57,-1.55864491821e-05
strong_argon_langevin,1,0.6,6.42496805625e-06
strong_argon_langevin,1,0.63,9.95673494909e-06
strong_argon_langevin,1,0.66,-2.97528409411e-06
strong_argon_langevin,1,0.69,-8.86180584312e-06
strong_argon_langevin,1,0.72,-9.13881767089e-07
strong_argon_langevin,1,0.75,3.4844678703e-06
strong_argon_langevin,1,0.78,2.57652937784e-06
strong_argon_langevin,1,0.81,-2.61869158672e-07
strong_argon_langevin,1,0.84,-2.01599497097e-05
strong_argon_langevin,1,0.87,4.6325035414e-06
strong_argon_langevin,1,0.9,-1.71683930879e-05
strong_argon_langevin,1,0.93,2.58234641223e-06
strong_argon_langevin,1,0.96,-2.13660737539e-06
strong_argon_langevin,1,0.99,-1.53544637191e-05
strong_argon_langevin,1,1.02,1.30318664173e-06
strong_argon_langevin,1,1.05,-4.6529585372e-08
strong_argon_langevin,1,1.08,-1.09634014399e-06
strong_argon_langevin,1,1.11,-4.22915428552e-06
strong_argon_langevin,1,1.14,-4.73115445902e-06
strong_argon_langevin,1,1.17,-2.08510093506e-05
strong_argon_langevin,1,1.2,1.72545908672e-05
strong_argon_langevin,1,1.23,-2.63026357473e-05
strong_argon_langevin,1,1.26,-9.4274273805e-06
strong_argon_langevin,1,1.29,4.60389062012e-06
strong_argon_langevin,1,1.32,5.77003959588e-06
strong_argon_langevin,1,1.35,9.36175560907e-06
strong_argon_langevin,1,1.38,-2.49118497748e-05
strong_argon_langevin,1,1.41,2.47146025305e-06
strong_argon_langevin,1,1.44,1.21076321083e-05
strong_argon_langevin,1,1.47,-1.44199002602e-05
strong_argon_langevin,1,1.5,-7.3867863793e-06
strong_argon_langevin,1,1.53,-1.02431958834e-05
strong_argon_langevin,1,1.56,4.23839062477e-06
strong_argon_langevin,1,1.59,-2.59030192929e-07
strong_argon_langevin,1,1.62,-1.39906785357e-05
strong_argon_langevin,1,1.65,-7.45866067787e-06
strong_argon_langevin,1,1.68,-7.93726225869e-06
strong_argon_langevin,1,1.71,6.60656715051e-06
strong_argon_langevin,1,1.74,-6.04321819065e-06
strong_argon_langevin,1,1.77,-1.3291493492e-05
strong_argon_langevin,1,1.8,3.10184430301e-06
strong_argon_langevin,1,1.83,6.22442905568e-07
strong_argon_langevin,1,1.86,-1.30463133747e-06
strong_argon_langevin,1,1.89,-5.67514866325e-06
strong_argon_langevin,1,1.92,-9.20229138684e-06
strong_argon_langevin,1,1.95,1.87101188418e-05
strong_argon_langevin,1,1.98,2.37468793912e-06
strong_argon_langevin,1,2.01,-6.32195813989e-08
strong_argon_langevin,1,2.04,-5.4058717606e-06
strong_argon_langevin,1,2.07,7.91507821167e-06
strong_argon_langevin,1,2.1,-2.36508156237e-06
strong_argon_langevin,1,2.13,-7.30865756968e-06
strong_argon_langevin,1,2.16,-1.4533920472e-05
strong_argon_langevin,1,2.19,-9.14891978077e-06
strong_argon_langevin,1,2.22,6.85342654753e-06
strong_argon_langevin,1,2.25,-3.6277773819e-06
strong_argon_langevin,1,2.28,-1.15483125098e-05
strong_argon_langevin,1,2.31,-9.49425872747e-06
strong_argon_langevin,1,2.34,-3.28771925546e-06
strong_argon_langevin,1,2.37,-2.18451211764e-06
strong_argon_langevin,1,2.4,-2.45591235024e-06
strong_argon_langevin,1,2.43,-9.61857809938e-06
strong_argon_langevin,1,2.46,-2.38122991837e-05
strong_argon_langevin,1,2.49,-2.55449101877e-06
strong_argon_langevin,1,2.52,1.15129861295e-05
strong_argon_langevin,1,2.55,-1.85135089581e-05
strong_argon_langevin,1,2.58,-7.97551759383e-06
strong_argon_langevin,1,2.61,-8.76323677954e-06
strong_argon_langevin,1,2.64,-7.91008597177e-06
strong_argon_langevin,1,2.67,4.30327287755e-06
strong_argon_langevin,1,2.7,-7.964057769e-06
strong_argon_langevin,1,2.73,-5.30849733086e-06
strong_argon_langevin,1,2.76,-2.21668144072e-05
strong_argon_langevin,1,2.79,1.00045234832e-05
strong_argon_langevin,1,2.82,-1.35543898731e-05
strong_argon_langevin,1,2.85,-8.48259886316e-06
strong_argon_langevin,1,2.88,-1.06746305139e-05
strong_argon_langevin,1,2.91,-1.17191679195e-05
strong_argon_langevin,1,2.94,1.55538146974e-05
strong_argon_langevin,1,2.97,-9.71562368618e-06
strong_argon_langevin,1,3,-2.34413399394e-05
strong_argon_langevin,2,0,0
strong_argon_langevin,2,0.03,-2.79010040516e-05
strong_argon_langevin,2,0.06,-1.73520858608e-05
strong_argon_langevin,2,0.09,-3.10500503477e-05
strong_argon_langevin,2,0.12,-4.56799177102e-06
strong_argon_langevin,2,0.15,-1.56843627745e-05
strong_argon_langevin,2,0.18,-1.71448749975e-05
strong_argon_langevin,2,0.21,-9.00080853866e-06
strong_argon_langevin,2,0.24,-1.89045182148e-05
strong_argon_langevin,2,0.27,-2.45546765014e-05
strong_argon_langevin,2,0.3,-1.99318361512e-05
strong_argon_langevin,2,0.33,-9.55058398144e-06
strong_argon_langevin,2,0.36,-1.92726484151e-05
strong_argon_langevin,2,0.39,-3.30306012012e-05
strong_argon_langevin,2,0.42,-1.98897750546e-05
strong_argon_langevin,2,0.45,-3.17078280515e-05
strong_argon_langevin,2,0.48,-1.25448672537e-05
strong_argon_langevin,2,0.51,-2.1203427769e-05
strong_argon_langevin,2,0.54,-3.52642253439e-05
strong_argon_langevin,2,0.57,-2.0560042157e-05
strong_argon_langevin,2,0.6,-3.12156666648e-05
strong_argon_langevin,2,0.63,-8.27549596456e-06
strong_argon_langevin,2,0.66,-3.87272284133e-05
strong_argon_langevin,2,0.69,-3.06768242987e-05
strong_argon_langevin,2,0.72,-1.63260770793e-05
strong_argon_langevin,2,0.75,-1.72256940416e-05
strong_argon_langevin,2,0.78,-2.59480949819e-05
strong_argon_langevin,2,0.81,-3.80521816745e-05
strong_argon_langevin,2,0.84,-1.92897068602e-05
strong_argon_langevin,2,0.87,-2.41037470411e-05
strong_argon_langevin,2,0.9,-9.30088498981e-06
strong_argon_langevin,2,0.93,-2.84788508407e-05
strong_argon_langevin,2,0.96,-2.50473426203e-05
strong_argon_langevin,2,0.99,-2.39870564629e-05
strong_argon_langevin,2,1.02,-1.45348046404e-05
strong_argon_langevin,2,1.05,-1.70261424527e-05
strong_argon_langevin,2,1.08,-3.77863874787e-05
strong_argon_langevin,2,1.11,-2.75088253979e-05
strong_argon_langevin,2,1.14,-2.94928337044e-05
strong_argon_langevin,2,1.17,-1.98030424839e-05
strong_argon_langevin,2,1.2,-2.12927175756e-05
strong_argon_langevin,2,1.23,-2.17473672024e-05
strong_argon_langevin,2,1.26,-1.80045657288e-05
strong_argon_langevin,2,1.29,-2.99504510099e-05
strong_argon_langevin,2,1.32,-1.41281476098e-05
strong_argon_langevin,2,1.35,-2.59652391042e-05
strong_argon_langevin,2,1.38,-1.7856330684e-05
strong_argon_langevin,2,1.41,-2.0725174478e-05
strong_argon_langevin,2,1.44,-1.90133256134e-05
strong_argon_langevin,2,1.47,-1.01617501839e-05
strong_argon_langevin,2,1.5,-1.66226101611e-05
strong_argon_langevin,2,1.53,-2.38333066114e-05
strong_argon_langevin,2,1.56,-9.00926351458e-06
strong_argon_langevin,2,1.59,-1.68925055475e-05
strong_argon_langevin,2,1.62,-7.46546965116e-06
strong_argon_langevin,2,1.65,-4.15390346475e-06
strong_argon_langevin,2,1.68,-2.11888700987e-05
strong_argon_langevin,2,1.71,-2.49887268462e-05
strong_argon_langevin,2,1.74,-3.13379166988e-06
strong_argon_langevin,2,1.77,-2.1759588594e-05
strong_argon_langevin,2,1.8,-2.50492167389e-05
strong_argon_langevin,2,1.83,-2.26353173852e-05
strong_argon_langevin,2,1.86,-2.06830343782e-05
strong_argon_langevin,2,1.89,-6.01960700698e-06
strong_argon_langevin,2,1.92,-3.09394660326e-05
strong_argon_langevin,2,1.95,-2.46503000118e-05
strong_argon_langevin,2,1.98,-2.15557809124e-05
strong_argon_langevin,2,2.01,-1.00098959654e-05
strong_argon_langevin,2,2.04,-8.89672753524e-06
strong_argon_langevin,2,2.07,-3.35488712894e-05
strong_argon_langevin,2,2.1,-2.61678968422e-05
strong_argon_langevin,2,2.13,-3.92583577262e-05
strong_argon_langevin,2,2.16,-4.74723146552e-06
strong_argon_langevin,2,2.19,-6.85044161922e-06
strong_argon_langevin,2,2.22,-3.69396923503e-05
strong_argon_langevin,2,2.25,-1.94731994719e-05
strong_argon_langevin,2,2.28,-9.61457469083e-06
strong_argon_langevin,2,2.31,-1.06271992764e-05
strong_argon_langevin,2,2.34,-1.12252813602e-05
strong_argon_langevin,2,2.37,-1.83330872777e-05
strong_argon_langevin,2,2.4,-2.88090817393e-05
strong_argon_langevin,2,2.43,-8.91955568573e-06
strong_argon_langevin,2,2.46,-1.46843726262e-05
strong_argon_langevin,2,2.49,-2.29619221165e-05
strong_argon_langevin,2,2.52,-2.36964717095e-05
strong_argon_langevin,2,2.55,-6.73620716687e-06
strong_argon_langevin,2,2.58,-2.489765144e-05
strong_argon_langevin,2,2.61,-2.6240554811e-05
strong_argon_langevin,2,2.64,-1.19990929093e-05
strong_argon_langevin,2,2.67,-3.15983831537e-05
strong_argon_langevin,2,2.7,-2.14149605717e-05
strong_argon_langevin,2,2.73,-1.40142518816e-05
strong_argon_langevin,2,2.76,-1.74051392411e-05
strong_argon_langevin,2,2.79,-1.69617270944e-05
strong_argon_langevin,2,2.82,-2.51456751018e-05
strong_argon_langevin,2,2.85,-1.88894921346e-05
strong_argon_langevin,2,2.88,-1.2111986784e-05
strong_argon_langevin,2,2.91,-1.45668970917e-05
strong_argon_langevin,2,2.94,-8.90633860375e-06
strong_argon_langevin,2,2.97,-2.62196519331e-05
strong_argon_langevin,2,3,-1.15250710533e-05
