thermostat,replica_index,time,kinetic_temperature
weak_argon_langevin,0,1.5,0.614576934186
weak_argon_langevin,0,1.53,0.625895738012
weak_argon_langevin,0,1.56,0.615927601652
weak_argon_langevin,0,1.59,0.599357566563
weak_argon_langevin,0,1.62,0.602123493594
weak_argon_langevin,0,1.65,0.617768497132
weak_argon_langevin,0,1.68,0.629138799291
weak_argon_langevin,0,1.71,0.606602106965
weak_argon_langevin,0,1.74,0.609579033619
weak_argon_langevin,0,1.77,0.621791781678
weak_argon_langevin,0,1.8,0.623114775005
weak_argon_langevin,0,1.83,0.600976893862
weak_argon_langevin,0,1.86,0.597167448201
weak_argon_langevin,0,1.89,0.587659689444
weak_argon_langevin,0,1.92,0.589870221854
weak_argon_langevin,0,1.95,0.611847846415
weak_argon_langevin,0,1.98,0.610118751894
weak_argon_langevin,0,2.01,0.581469409991
weak_argon_langevin,0,2.04,0.592259499276
weak_argon_langevin,0,2.07,0.608462324694
weak_argon_langevin,0,2.1,0.600338864234
weak_argon_langevin,0,2.13,0.618250106592
weak_argon_langevin,0,2.16,0.629294102613
weak_argon_langevin,0,2.19,0.628028488855
weak_argon_langevin,0,2.22,0.624035564924
weak_argon_langevin,0,2.25,0.645032891348
weak_argon_langevin,0,2.28,0.645604451939
weak_argon_langevin,0,2.31,0.65390614877
weak_argon_langevin,0,2.34,0.652937781744
weak_argon_langevin,0,2.37,0.625817552333
weak_argon_langevin,0,2.4,0.623383115629
weak_argon_langevin,0,2.43,0.633192933815
weak_argon_langevin,0,2.46,0.640124590328
weak_argon_langevin,0,2.49,0.652054415939
weak_argon_langevin,0,2.52,0.646097891051
weak_argon_langevin,0,2.55,0.616052126078
weak_argon_langevin,0,2.58,0.617797830144
weak_argon_langevin,0,2.61,0.617646194251
weak_argon_langevin,0,2.64,0.645775397288
weak_argon_langevin,0,2.67,0.663592133072
weak_argon_langevin,0,2.7,0.652729643691
weak_argon_langevin,0,2.73,0.651043835034
weak_argon_langevin,0,2.76,0.640638761699
weak_argon_langevin,0,2.79,0.648002686984
weak_argon_langevin,0,2.82,0.65892715679
weak_argon_langevin,0,2.85,0.660481421964
weak_argon_langevin,0,2.88,0.6527980881
weak_argon_langevin,0,2.91,0.655664819632
weak_argon_langevin,0,2.94,0.663304806377
weak_argon_langevin,0,2.97,0.667474786518
weak_argon_langevin,0,3,0.65905830793
weak_argon_langevin,0,3.03,0.650151532125
weak_argon_langevin,0,3.06,0.63852250472
weak_argon_langevin,0,3.09,0.619992053336
weak_argon_langevin,0,3.12,0.65287340193
weak_argon_langevin,0,3.15,0.639252780032
weak_argon_langevin,0,3.18,0.631391237306
weak_argon_langevin,0,3.21,0.64174673814
weak_argon_langevin,0,3.24,0.679061523302
weak_argon_langevin,0,3.27,0.674793250969
weak_argon_langevin,0,3.3,0.64174530153
weak_argon_langevin,0,3.33,0.62291687751
weak_argon_langevin,0,3.36,0.624286650522
weak_argon_langevin,0,3.39,0.670412979213
weak_argon_langevin,0,3.42,0.687225491444
weak_argon_langevin,0,3.45,0.708866408175
weak_argon_langevin,0,3.48,0.691206879705
weak_argon_langevin,0,3.51,0.686383302111
weak_argon_langevin,0,3.54,0.686246878553
weak_argon_langevin,0,3.57,0.669565962588
weak_argon_langevin,0,3.6,0.6611045135
weak_argon_langevin,0,3.63,0.663810796518
weak_argon_langevin,0,3.66,0.67138170414
weak_argon_langevin,0,3.69,0.670714665624
weak_argon_langevin,0,3.72,0.637747048701
weak_argon_langevin,0,3.75,0.656714407617
weak_argon_langevin,0,3.78,0.673567259435
weak_argon_langevin,0,3.81,0.688407711194
weak_argon_langevin,0,3.84,0.678568639632
weak_argon_langevin,0,3.87,0.682383665366
weak_argon_langevin,0,3.9,0.67610670935
weak_argon_langevin,0,3.93,0.678217489797
weak_argon_langevin,0,3.96,0.678002609274
weak_argon_langevin,0,3.99,0.686350068219
weak_argon_langevin,0,4.02,0.684842577822
weak_argon_langevin,0,4.05,0.670680942544
weak_argon_langevin,0,4.08,0.664147149203
weak_argon_langevin,0,4.11,0.691237778061
weak_argon_langevin,0,4.14,0.718276703659
weak_argon_langevin,0,4.17,0.721980771116
weak_argon_langevin,0,4.2,0.705813881955
weak_argon_langevin,0,4.23,0.697309761629
weak_argon_langevin,0,4.26,0.668322166475
weak_argon_langevin,0,4.29,0.67317065065
weak_argon_langevin,0,4.32,0.71148127847
weak_argon_langevin,0,4.35,0.726878051942
weak_argon_langevin,0,4.38,0.703672927916
weak_argon_langevin,0,4.41,0.690098285784
weak_argon_langevin,0,4.44,0.701863280849
weak_argon_langevin,0,4.47,0.705596937373
weak_argon_langevin,0,4.5,0.68584354497
weak_argon_langevin,0,4.53,0.709152879246
weak_argon_langevin,0,4.56,0.731745044058
weak_argon_langevin,0,4.59,0.728847471872
weak_argon_langevin,0,4.62,0.728755246582
weak_argon_langevin,0,4.65,0.705170405861
weak_argon_langevin,0,4.68,0.717540396922
weak_argon_langevin,0,4.71,0.723991466011
weak_argon_langevin,0,4.74,0.699635016868
weak_argon_langevin,0,4.77,0.708136456868
weak_argon_langevin,0,4.8,0.721067328539
weak_argon_langevin,0,4.83,0.744240735771
weak_argon_langevin,0,4.86,0.733908418845
weak_argon_langevin,0,4.89,0.69223526356
weak_argon_langevin,0,4.92,0.681873707151
weak_argon_langevin,0,4.95,0.678164927102
weak_argon_langevin,0,4.98,0.67938856805
weak_argon_langevin,0,5.01,0.703259682594
weak_argon_langevin,0,5.04,0.695701321552
weak_argon_langevin,0,5.07,0.661919045251
weak_argon_langevin,0,5.1,0.645804020622
weak_argon_langevin,0,5.13,0.666554799595
weak_argon_langevin,0,5.16,0.668914991164
weak_argon_langevin,0,5.19,0.66803675897
weak_argon_langevin,0,5.22,0.655108817308
weak_argon_langevin,0,5.25,0.64128889393
weak_argon_langevin,0,5.28,0.685305553036
weak_argon_langevin,0,5.31,0.696817903899
weak_argon_langevin,0,5.34,0.689934402067
weak_argon_langevin,0,5.37,0.690511458003
weak_argon_langevin,0,5.4,0.70985923573
weak_argon_langevin,0,5.43,0.704267809866
weak_argon_langevin,0,5.46,0.688175549768
weak_argon_langevin,0,5.49,0.657903036631
weak_argon_langevin,0,5.52,0.637044886623
weak_argon_langevin,0,5.55,0.64707493923
weak_argon_langevin,0,5.58,0.673417544497
weak_argon_langevin,0,5.61,0.673895920765
weak_argon_langevin,0,5.64,0.650191345307
weak_argon_langevin,0,5.67,0.640908067934
weak_argon_langevin,0,5.7,0.6490497566
weak_argon_langevin,0,5.73,0.65551230916
weak_argon_langevin,0,5.76,0.677534746948
weak_argon_langevin,0,5.79,0.670688970784
weak_argon_langevin,0,5.82,0.642599683939
weak_argon_langevin,0,5.85,0.620730770806
weak_argon_langevin,0,5.88,0.616604833707
weak_argon_langevin,0,5.91,0.622302392132
weak_argon_langevin,0,5.94,0.643599226567
weak_argon_langevin,0,5.97,0.669428515528
weak_argon_langevin,0,6,0.66464831696
weak_argon_langevin,0,6.03,0.640710515729
weak_argon_langevin,0,6.06,0.647650867628
weak_argon_langevin,0,6.09,0.673294789895
weak_argon_langevin,0,6.12,0.68213288422
weak_argon_langevin,0,6.15,0.684946654818
weak_argon_langevin,0,6.18,0.669452354312
weak_argon_langevin,0,6.21,0.650142671234
weak_argon_langevin,0,6.24,0.650243658215
weak_argon_langevin,0,6.27,0.651898020873
weak_argon_langevin,0,6.3,0.666352134084
weak_argon_langevin,0,6.33,0.66608710835
weak_argon_langevin,0,6.36,0.653852471036
weak_argon_langevin,0,6.39,0.628571405418
weak_argon_langevin,0,6.42,0.643583770347
weak_argon_langevin,0,6.45,0.657363883047
weak_argon_langevin,0,6.48,0.662705462565
weak_argon_langevin,0,6.51,0.680223584585
weak_argon_langevin,0,6.54,0.650335174408
weak_argon_langevin,0,6.57,0.630796214301
weak_argon_langevin,0,6.6,0.644034417579
weak_argon_langevin,0,6.63,0.640231537763
weak_argon_langevin,0,6.66,0.653077257765
weak_argon_langevin,0,6.69,0.645043926318
weak_argon_langevin,0,6.72,0.643686911407
weak_argon_langevin,0,6.75,0.659928376612
weak_argon_langevin,0,6.78,0.660167224257
weak_argon_langevin,0,6.81,0.646349602961
weak_argon_langevin,0,6.84,0.637289007373
weak_argon_langevin,0,6.87,0.646845466452
weak_argon_langevin,0,6.9,0.663974432717
weak_argon_langevin,0,6.93,0.654119780135
weak_argon_langevin,0,6.96,0.637221155099
weak_argon_langevin,0,6.99,0.638169909993
weak_argon_langevin,0,7.02,0.635511779063
weak_argon_langevin,0,7.05,0.641312377511
weak_argon_langevin,0,7.08,0.654500646225
weak_argon_langevin,0,7.11,0.650772114655
weak_argon_langevin,0,7.14,0.645828468107
weak_argon_langevin,0,7.17,0.654735208654
weak_argon_langevin,0,7.2,0.64847106556
weak_argon_langevin,0,7.23,0.639891486768
weak_argon_langevin,0,7.26,0.634405413933
weak_argon_langevin,0,7.29,0.651850108457
weak_argon_langevin,0,7.32,0.660395207221
weak_argon_langevin,0,7.35,0.663824503314
weak_argon_langevin,0,7.38,0.679224536234
weak_argon_langevin,0,7.41,0.683349536964
weak_argon_langevin,0,7.44,0.682436953027
weak_argon_langevin,0,7.47,0.66373204234
weak_argon_langevin,1,1.5,0.661196558458
weak_argon_langevin,1,1.53,0.636486119206
weak_argon_langevin,1,1.56,0.665272667528
weak_argon_langevin,1,1.59,0.68191798218
weak_argon_langevin,1,1.62,0.66258727848
weak_argon_langevin,1,1.65,0.658234095056
weak_argon_langevin,1,1.68,0.648673466898
weak_argon_langevin,1,1.71,0.650515819585
weak_argon_langevin,1,1.74,0.661404004165
weak_argon_langevin,1,1.77,0.668180861563
weak_argon_langevin,1,1.8,0.661344605958
weak_argon_langevin,1,1.83,0.655797477314
weak_argon_langevin,1,1.86,0.668724627095
weak_argon_langevin,1,1.89,0.687311272973
weak_argon_langevin,1,1.92,0.690632788479
weak_argon_langevin,1,1.95,0.668844753673
weak_argon_langevin,1,1.98,0.662003518704
weak_argon_langevin,1,2.01,0.654840359544
weak_argon_langevin,1,2.04,0.665596484067
weak_argon_langevin,1,2.07,0.696432168354
weak_argon_langevin,1,2.1,0.691453629365
weak_argon_langevin,1,2.13,0.644997615381
weak_argon_langevin,1,2.16,0.65097286501
weak_argon_langevin,1,2.19,0.668429687948
weak_argon_langevin,1,2.22,0.666146302532
weak_argon_langevin,1,2.25,0.650653111269
weak_argon_langevin,1,2.28,0.65761203231
weak_argon_langevin,1,2.31,0.652743061936
weak_argon_langevin,1,2.34,0.64007607851
weak_argon_langevin,1,2.37,0.624264324725
weak_argon_langevin,1,2.4,0.643864166967
weak_argon_langevin,1,2.43,0.660162867612
weak_argon_langevin,1,2.46,0.663791546359
weak_argon_langevin,1,2.49,0.653791600681
weak_argon_langevin,1,2.52,0.650403171213
weak_argon_langevin,1,2.55,0.668674381482
weak_argon_langevin,1,2.58,0.665308509723
weak_argon_langevin,1,2.61,0.634751416892
weak_argon_langevin,1,2.64,0.620677459103
weak_argon_langevin,1,2.67,0.664313268371
weak_argon_langevin,1,2.7,0.679532401164
weak_argon_langevin,1,2.73,0.659339466082
weak_argon_langevin,1,2.76,0.629719558698
weak_argon_langevin,1,2.79,0.620161687817
weak_argon_langevin,1,2.82,0.606986578666
weak_argon_langevin,1,2.85,0.601800338701
weak_argon_langevin,1,2.88,0.616338796859
weak_argon_langevin,1,2.91,0.632195588381
weak_argon_langevin,1,2.94,0.628630384249
weak_argon_langevin,1,2.97,0.640164528895
weak_argon_langevin,1,3,0.642713673929
weak_argon_langevin,1,3.03,0.624131380737
weak_argon_langevin,1,3.06,0.613527339699
weak_argon_langevin,1,3.09,0.625633736841
weak_argon_langevin,1,3.12,0.619019695849
weak_argon_langevin,1,3.15,0.63071657416
weak_argon_langevin,1,3.18,0.660323541505
weak_argon_langevin,1,3.21,0.665113037995
weak_argon_langevin,1,3.24,0.678629501202
weak_argon_langevin,1,3.27,0.668883601465
weak_argon_langevin,1,3.3,0.626341069881
weak_argon_langevin,1,3.33,0.616023592667
weak_argon_langevin,1,3.36,0.640009385076
weak_argon_langevin,1,3.39,0.659362573607
weak_argon_langevin,1,3.42,0.651591987052
weak_argon_langevin,1,3.45,0.646996098448
weak_argon_langevin,1,3.48,0.629104462757
weak_argon_langevin,1,3.51,0.629415004721
weak_argon_langevin,1,3.54,0.640387023087
weak_argon_langevin,1,3.57,0.662757285883
weak_argon_langevin,1,3.6,0.68215650549
weak_argon_langevin,1,3.63,0.703717524838
weak_argon_langevin,1,3.66,0.668223717752
weak_argon_langevin,1,3.69,0.627997526018
weak_argon_langevin,1,3.72,0.648876628806
weak_argon_langevin,1,3.75,0.659260276625
weak_argon_langevin,1,3.78,0.64180579283
weak_argon_langevin,1,3.81,0.632530815409
weak_argon_langevin,1,3.84,0.61690779814
weak_argon_langevin,1,3.87,0.635143605097
weak_argon_langevin,1,3.9,0.664233246564
weak_argon_langevin,1,3.93,0.668989146217
weak_argon_langevin,1,3.96,0.647311011241
weak_argon_langevin,1,3.99,0.651081177532
weak_argon_langevin,1,4.02,0.647099694704
weak_argon_langevin,1,4.05,0.66103924093
weak_argon_langevin,1,4.08,0.669890132758
weak_argon_langevin,1,4.11,0.664662397277
weak_argon_langevin,1,4.14,0.654130680545
weak_argon_langevin,1,4.17,0.66605067145
weak_argon_langevin,1,4.2,0.675346762697
weak_argon_langevin,1,4.23,0.674226797657
weak_argon_langevin,1,4.26,0.657013006379
weak_argon_langevin,1,4.29,0.691925602182
weak_argon_langevin,1,4.32,0.704965905526
weak_argon_langevin,1,4.35,0.671260002997
weak_argon_langevin,1,4.38,0.669269650314
weak_argon_langevin,1,4.41,0.676369629681
weak_argon_langevin,1,4.44,0.674952701461
weak_argon_langevin,1,4.47,0.699646548558
weak_argon_langevin,1,4.5,0.691363181386
weak_argon_langevin,1,4.53,0.674085806285
weak_argon_langevin,1,4.56,0.673499918211
weak_argon_langevin,1,4.59,0.688066991381
weak_argon_langevin,1,4.62,0.677953206827
weak_argon_langevin,1,4.65,0.704416205967
weak_argon_langevin,1,4.68,0.689883489861
weak_argon_langevin,1,4.71,0.661814107758
weak_argon_langevin,1,4.74,0.652986230317
weak_argon_langevin,1,4.77,0.658079787916
weak_argon_langevin,1,4.8,0.679241494988
weak_argon_langevin,1,4.83,0.694956570018
weak_argon_langevin,1,4.86,0.678819640329
weak_argon_langevin,1,4.89,0.679943091238
weak_argon_langevin,1,4.92,0.661330859314
weak_argon_langevin,1,4.95,0.659295864501
weak_argon_langevin,1,4.98,0.642053962838
weak_argon_langevin,1,5.01,0.653041157398
weak_argon_langevin,1,5.04,0.673933684909
weak_argon_langevin,1,5.07,0.674619374986
weak_argon_langevin,1,5.1,0.666392878123
weak_argon_langevin,1,5.13,0.657472734704
weak_argon_langevin,1,5.16,0.671633726225
weak_argon_langevin,1,5.19,0.683845161961
weak_argon_langevin,1,5.22,0.687849824307
weak_argon_langevin,1,5.25,0.685297574585
weak_argon_langevin,1,5.28,0.672941822743
weak_argon_langevin,1,5.31,0.654251792266
weak_argon_langevin,1,5.34,0.687263034224
weak_argon_langevin,1,5.37,0.723975101113
weak_argon_langevin,1,5.4,0.728353617901
weak_argon_langevin,1,5.43,0.717087820653
weak_argon_langevin,1,5.46,0.701619851504
weak_argon_langevin,1,5.49,0.698418116653
weak_argon_langevin,1,5.52,0.688287917544
weak_argon_langevin,1,5.55,0.693558993079
weak_argon_langevin,1,5.58,0.709795081508
weak_argon_langevin,1,5.61,0.693957657817
weak_argon_langevin,1,5.64,0.692180527866
weak_argon_langevin,1,5.67,0.712973787172
weak_argon_langevin,1,5.7,0.722858367541
weak_argon_langevin,1,5.73,0.730697092462
weak_argon_langevin,1,5.76,0.718387500831
weak_argon_langevin,1,5.79,0.718985062395
weak_argon_langevin,1,5.82,0.738744185816
weak_argon_langevin,1,5.85,0.724559009557
weak_argon_langevin,1,5.88,0.715484615146
weak_argon_langevin,1,5.91,0.719118172651
weak_argon_langevin,1,5.94,0.701171063497
weak_argon_langevin,1,5.97,0.681157127226
weak_argon_langevin,1,6,0.706784934319
weak_argon_langevin,1,6.03,0.715034713076
weak_argon_langevin,1,6.06,0.705196040193
weak_argon_langevin,1,6.09,0.676984029401
weak_argon_langevin,1,6.12,0.676810300331
weak_argon_langevin,1,6.15,0.687445835477
weak_argon_langevin,1,6.18,0.69677079122
weak_argon_langevin,1,6.21,0.697031945119
weak_argon_langevin,1,6.24,0.718168552896
weak_argon_langevin,1,6.27,0.706841597679
weak_argon_langevin,1,6.3,0.70569092015
weak_argon_langevin,1,6.33,0.691596233239
weak_argon_langevin,1,6.36,0.697954892978
weak_argon_langevin,1,6.39,0.703533219609
weak_argon_langevin,1,6.42,0.708965662866
weak_argon_langevin,1,6.45,0.707510453733
weak_argon_langevin,1,6.48,0.729733119342
weak_argon_langevin,1,6.51,0.735206657037
weak_argon_langevin,1,6.54,0.716364186099
weak_argon_langevin,1,6.57,0.698601901539
weak_argon_langevin,1,6.6,0.718505489542
weak_argon_langevin,1,6.63,0.739341870247
weak_argon_langevin,1,6.66,0.722292187109
weak_argon_langevin,1,6.69,0.717024685858
weak_argon_langevin,1,6.72,0.722029688593
weak_argon_langevin,1,6.75,0.733177094945
weak_argon_langevin,1,6.78,0.722717392103
weak_argon_langevin,1,6.81,0.717557467911
weak_argon_langevin,1,6.84,0.70989029027
weak_argon_langevin,1,6.87,0.717382674698
weak_argon_langevin,1,6.9,0.735809216474
weak_argon_langevin,1,6.93,0.74286159033
weak_argon_langevin,1,6.96,0.717781830029
weak_argon_langevin,1,6.99,0.720142871385
weak_argon_langevin,1,7.02,0.709051197155
weak_argon_langevin,1,7.05,0.700175084565
weak_argon_langevin,1,7.08,0.706799758165
weak_argon_langevin,1,7.11,0.729282423566
weak_argon_langevin,1,7.14,0.722487122116
weak_argon_langevin,1,7.17,0.720020885425
weak_argon_langevin,1,7.2,0.731456888987
weak_argon_langevin,1,7.23,0.728696118402
weak_argon_langevin,1,7.26,0.724536396527
weak_argon_langevin,1,7.29,0.717956183792
weak_argon_langevin,1,7.32,0.716313443027
weak_argon_langevin,1,7.35,0.728954187465
weak_argon_langevin,1,7.38,0.744414619691
weak_argon_langevin,1,7.41,0.760751308721
weak_argon_langevin,1,7.44,0.731777787099
weak_argon_langevin,1,7.47,0.71184496113
weak_argon_langevin,2,1.5,0.656151291643
weak_argon_langevin,2,1.53,0.668426218753
weak_argon_langevin,2,1.56,0.639330398944
weak_argon_langevin,2,1.59,0.648157808251
weak_argon_langevin,2,1.62,0.668172326211
weak_argon_langevin,2,1.65,0.679453760128
weak_argon_langevin,2,1.68,0.672048449785
weak_argon_langevin,2,1.71,0.665657766948
weak_argon_langevin,2,1.74,0.674695937335
weak_argon_langevin,2,1.77,0.682226784148
weak_argon_langevin,2,1.8,0.678621775856
weak_argon_langevin,2,1.83,0.674278823707
weak_argon_langevin,2,1.86,0.684908603211
weak_argon_langevin,2,1.89,0.676318650804
weak_argon_langevin,2,1.92,0.659967342163
weak_argon_langevin,2,1.95,0.671055178854
weak_argon_langevin,2,1.98,0.678637076415
weak_argon_langevin,2,2.01,0.658919537781
weak_argon_langevin,2,2.04,0.64356719257
weak_argon_langevin,2,2.07,0.626858359764
weak_argon_langevin,2,2.1,0.658354762597
weak_argon_langevin,2,2.13,0.671654825484
weak_argon_langevin,2,2.16,0.679135967294
weak_argon_langevin,2,2.19,0.654511574958
weak_argon_langevin,2,2.22,0.6324379512
weak_argon_langevin,2,2.25,0.636360324714
weak_argon_langevin,2,2.28,0.660366027787
weak_argon_langevin,2,2.31,0.659210536302
weak_argon_langevin,2,2.34,0.634929650889
weak_argon_langevin,2,2.37,0.631094896099
weak_argon_langevin,2,2.4,0.63802135187
weak_argon_langevin,2,2.43,0.640937985169
weak_argon_langevin,2,2.46,0.651122149913
weak_argon_langevin,2,2.49,0.646532004009
weak_argon_langevin,2,2.52,0.627385532129
weak_argon_langevin,2,2.55,0.619170364764
weak_argon_langevin,2,2.58,0.632589617905
weak_argon_langevin,2,2.61,0.64307602294
weak_argon_langevin,2,2.64,0.64415643818
weak_argon_langevin,2,2.67,0.630492398592
weak_argon_langevin,2,2.7,0.639556859096
weak_argon_langevin,2,2.73,0.644401030328
weak_argon_langevin,2,2.76,0.653975389969
weak_argon_langevin,2,2.79,0.674046454339
weak_argon_langevin,2,2.82,0.651765873698
weak_argon_langevin,2,2.85,0.638980645298
weak_argon_langevin,2,2.88,0.635106664938
weak_argon_langevin,2,2.91,0.641859695225
weak_argon_langevin,2,2.94,0.642892843864
weak_argon_langevin,2,2.97,0.638202225842
weak_argon_langevin,2,3,0.628992956852
weak_argon_langevin,2,3.03,0.599646691785
weak_argon_langevin,2,3.06,0.60875359612
weak_argon_langevin,2,3.09,0.621155138832
weak_argon_langevin,2,3.12,0.625563391101
weak_argon_langevin,2,3.15,0.636903646989
weak_argon_langevin,2,3.18,0.655363152928
weak_argon_langevin,2,3.21,0.651348099007
weak_argon_langevin,2,3.24,0.652332758558
weak_argon_langevin,2,3.27,0.643276695163
weak_argon_langevin,2,3.3,0.648288211499
weak_argon_langevin,2,3.33,0.644751636189
weak_argon_langevin,2,3.36,0.638106902584
weak_argon_langevin,2,3.39,0.617040995825
weak_argon_langevin,2,3.42,0.618632517621
weak_argon_langevin,2,3.45,0.63883037481
weak_argon_langevin,2,3.48,0.633913058701
weak_argon_langevin,2,3.51,0.627640930062
weak_argon_langevin,2,3.54,0.617097080996
weak_argon_langevin,2,3.57,0.626906283975
weak_argon_langevin,2,3.6,0.65128879929
weak_argon_langevin,2,3.63,0.648131627489
weak_argon_langevin,2,3.66,0.638695987116
weak_argon_langevin,2,3.69,0.618178192918
weak_argon_langevin,2,3.72,0.602699590259
weak_argon_langevin,2,3.75,0.633465417528
weak_argon_langevin,2,3.78,0.671800577601
weak_argon_langevin,2,3.81,0.663395333447
weak_argon_langevin,2,3.84,0.647727985194
weak_argon_langevin,2,3.87,0.645993401132
weak_argon_langevin,2,3.9,0.648719239511
weak_argon_langevin,2,3.93,0.66395489484
weak_argon_langevin,2,3.96,0.673942630622
weak_argon_langevin,2,3.99,0.655838158783
weak_argon_langevin,2,4.02,0.655134981536
weak_argon_langevin,2,4.05,0.647160772365
weak_argon_langevin,2,4.08,0.657458408956
weak_argon_langevin,2,4.11,0.672300776583
weak_argon_langevin,2,4.14,0.685337046821
weak_argon_langevin,2,4.17,0.676472335539
weak_argon_langevin,2,4.2,0.698664681992
weak_argon_langevin,2,4.23,0.699894379007
weak_argon_langevin,2,4.26,0.684176314863
weak_argon_langevin,2,4.29,0.667298093805
weak_argon_langevin,2,4.32,0.683219978564
weak_argon_langevin,2,4.35,0.708015614725
weak_argon_langevin,2,4.38,0.709642957313
weak_argon_langevin,2,4.41,0.692452195626
weak_argon_langevin,2,4.44,0.674657908379
weak_argon_langevin,2,4.47,0.704221904008
weak_argon_langevin,2,4.5,0.698204470501
weak_argon_langevin,2,4.53,0.646792198364
weak_argon_langevin,2,4.56,0.650366490111
weak_argon_langevin,2,4.59,0.667538367121
weak_argon_langevin,2,4.62,0.678920950584
weak_argon_langevin,2,4.65,0.69836155166
weak_argon_langevin,2,4.68,0.707201555553
weak_argon_langevin,2,4.71,0.701896175439
weak_argon_langevin,2,4.74,0.681697146739
weak_argon_langevin,2,4.77,0.66095154804
weak_argon_langevin,2,4.8,0.662255058888
weak_argon_langevin,2,4.83,0.64893468291
weak_argon_langevin,2,4.86,0.636091876474
weak_argon_langevin,2,4.89,0.648363700338
weak_argon_langevin,2,4.92,0.672635909981
weak_argon_langevin,2,4.95,0.682623586628
weak_argon_langevin,2,4.98,0.673249858108
weak_argon_langevin,2,5.01,0.624000719605
weak_argon_langevin,2,5.04,0.613791563848
weak_argon_langevin,2,5.07,0.63754872052
weak_argon_langevin,2,5.1,0.67335779191
weak_argon_langevin,2,5.13,0.683906725138
weak_argon_langevin,2,5.16,0.675137787081
weak_argon_langevin,2,5.19,0.675175962705
weak_argon_langevin,2,5.22,0.67732525855
weak_argon_langevin,2,5.25,0.664054782071
weak_argon_langevin,2,5.28,0.668793750182
weak_argon_langevin,2,5.31,0.668387363788
weak_argon_langevin,2,5.34,0.662373312702
weak_argon_langevin,2,5.37,0.654310049541
weak_argon_langevin,2,5.4,0.663087686381
weak_argon_langevin,2,5.43,0.67236230594
weak_argon_langevin,2,5.46,0.657692849902
weak_argon_langevin,2,5.49,0.665250626485
weak_argon_langevin,2,5.52,0.678393833392
weak_argon_langevin,2,5.55,0.674587451734
weak_argon_langevin,2,5.58,0.652345709036
weak_argon_langevin,2,5.61,0.663569010047
weak_argon_langevin,2,5.64,0.678867214344
weak_argon_langevin,2,5.67,0.685233228325
weak_argon_langevin,2,5.7,0.68864872699
weak_argon_langevin,2,5.73,0.690249064011
weak_argon_langevin,2,5.76,0.657588855928
weak_argon_langevin,2,5.79,0.664847580486
weak_argon_langevin,2,5.82,0.664653548413
weak_argon_langevin,2,5.85,0.657539714207
weak_argon_langevin,2,5.88,0.670942630945
weak_argon_langevin,2,5.91,0.674556008918
weak_argon_langevin,2,5.94,0.661516789977
weak_argon_langevin,2,5.97,0.687966852951
weak_argon_langevin,2,6,0.704262321628
weak_argon_langevin,2,6.03,0.703607089073
weak_argon_langevin,2,6.06,0.712193433057
weak_argon_langevin,2,6.09,0.674170038884
weak_argon_langevin,2,6.12,0.642330485748
weak_argon_langevin,2,6.15,0.680521372163
weak_argon_langevin,2,6.18,0.687825615642
weak_argon_langevin,2,6.21,0.67529870771
weak_argon_langevin,2,6.24,0.668451064642
weak_argon_langevin,2,6.27,0.66461074485
weak_argon_langevin,2,6.3,0.66840124908
weak_argon_langevin,2,6.33,0.698463641976
weak_argon_langevin,2,6.36,0.697232177002
weak_argon_langevin,2,6.39,0.664582135754
weak_argon_langevin,2,6.42,0.639754958328
weak_argon_langevin,2,6.45,0.656326962615
weak_argon_langevin,2,6.48,0.662668323072
weak_argon_langevin,2,6.51,0.670300447574
weak_argon_langevin,2,6.54,0.694662113706
weak_argon_langevin,2,6.57,0.711721013512
weak_argon_langevin,2,6.6,0.694757599977
weak_argon_langevin,2,6.63,0.664040918621
weak_argon_langevin,2,6.66,0.701774685039
weak_argon_langevin,2,6.69,0.716350566906
weak_argon_langevin,2,6.72,0.721524674992
weak_argon_langevin,2,6.75,0.725725080979
weak_argon_langevin,2,6.78,0.692964637098
weak_argon_langevin,2,6.81,0.673518609118
weak_argon_langevin,2,6.84,0.688417595104
weak_argon_langevin,2,6.87,0.681617960883
weak_argon_langevin,2,6.9,0.673402156362
weak_argon_langevin,2,6.93,0.696483388209
weak_argon_langevin,2,6.96,0.703907779608
weak_argon_langevin,2,6.99,0.684438751241
weak_argon_langevin,2,7.02,0.687786328425
weak_argon_langevin,2,7.05,0.690207231725
weak_argon_langevin,2,7.08,0.698227375611
weak_argon_langevin,2,7.11,0.720285748153
weak_argon_langevin,2,7.14,0.709461011301
weak_argon_langevin,2,7.17,0.727749751649
weak_argon_langevin,2,7.2,0.697903129387
weak_argon_langevin,2,7.23,0.699819725612
weak_argon_langevin,2,7.26,0.694571710823
weak_argon_langevin,2,7.29,0.702515397428
weak_argon_langevin,2,7.32,0.711694902115
weak_argon_langevin,2,7.35,0.705696056211
weak_argon_langevin,2,7.38,0.697800741186
weak_argon_langevin,2,7.41,0.721819160807
weak_argon_langevin,2,7.44,0.70039793474
weak_argon_langevin,2,7.47,0.683781911084
moderate_argon_langevin,0,1.5,0.6555549042
moderate_argon_langevin,0,1.53,0.669225360297
moderate_argon_langevin,0,1.56,0.676053399065
moderate_argon_langevin,0,1.59,0.690682151212
moderate_argon_langevin,0,1.62,0.707100641243
moderate_argon_langevin,0,1.65,0.70103317933
moderate_argon_langevin,0,1.68,0.675233061146
moderate_argon_langevin,0,1.71,0.65839136777
moderate_argon_langevin,0,1.74,0.64400373146
moderate_argon_langevin,0,1.77,0.656492409212
moderate_argon_langevin,0,1.8,0.671114632194
moderate_argon_langevin,0,1.83,0.676739062678
moderate_argon_langevin,0,1.86,0.702652028992
moderate_argon_langevin,0,1.89,0.7089168726
moderate_argon_langevin,0,1.92,0.704690210621
moderate_argon_langevin,0,1.95,0.704994853537
moderate_argon_langevin,0,1.98,0.716958396257
moderate_argon_langevin,0,2.01,0.697103193771
moderate_argon_langevin,0,2.04,0.665843912867
moderate_argon_langevin,0,2.07,0.661188573824
moderate_argon_langevin,0,2.1,0.701899502065
moderate_argon_langevin,0,2.13,0.720586046517
moderate_argon_langevin,0,2.16,0.684384504326
moderate_argon_langevin,0,2.19,0.667774511771
moderate_argon_langevin,0,2.22,0.694027306818
moderate_argon_langevin,0,2.25,0.7138380848
moderate_argon_langevin,0,2.28,0.675184878404
moderate_argon_langevin,0,2.31,0.698546012023
moderate_argon_langevin,0,2.34,0.692108781876
moderate_argon_langevin,0,2.37,0.675008450387
moderate_argon_langevin,0,2.4,0.688175305851
moderate_argon_langevin,0,2.43,0.703888647647
moderate_argon_langevin,0,2.46,0.682373663096
moderate_argon_langevin,0,2.49,0.714248904522
moderate_argon_langevin,0,2.52,0.719114801713
moderate_argon_langevin,0,2.55,0.694605391655
moderate_argon_langevin,0,2.58,0.687305464713
moderate_argon_langevin,0,2.61,0.715533971585
moderate_argon_langevin,0,2.64,0.748078136565
moderate_argon_langevin,0,2.67,0.726782233498
moderate_argon_langevin,0,2.7,0.69307695178
moderate_argon_langevin,0,2.73,0.728393027643
moderate_argon_langevin,0,2.76,0.732626727534
moderate_argon_langevin,0,2.79,0.684535803105
moderate_argon_langevin,0,2.82,0.7105191181
moderate_argon_langevin,0,2.85,0.741000661167
moderate_argon_langevin,0,2.88,0.73868752258
moderate_argon_langevin,0,2.91,0.733110370753
moderate_argon_langevin,0,2.94,0.72676605094
moderate_argon_langevin,0,2.97,0.699750144919
moderate_argon_langevin,0,3,0.697139486641
moderate_argon_langevin,0,3.03,0.721949394579
moderate_argon_langevin,0,3.06,0.680407154893
moderate_argon_langevin,0,3.09,0.66513056304
moderate_argon_langevin,0,3.12,0.698733273069
moderate_argon_langevin,0,3.15,0.711992200117
moderate_argon_langevin,0,3.18,0.702082893971
moderate_argon_langevin,0,3.21,0.71313810737
moderate_argon_langevin,0,3.24,0.707904131443
moderate_argon_langevin,0,3.27,0.685581317962
moderate_argon_langevin,0,3.3,0.712781513207
moderate_argon_langevin,0,3.33,0.71147161401
moderate_argon_langevin,0,3.36,0.683417671763
moderate_argon_langevin,0,3.39,0.707267920427
moderate_argon_langevin,0,3.42,0.74412096727
moderate_argon_langevin,0,3.45,0.731982285414
moderate_argon_langevin,0,3.48,0.71340728232
moderate_argon_langevin,0,3.51,0.696831925294
moderate_argon_langevin,0,3.54,0.701167581993
moderate_argon_langevin,0,3.57,0.67900468592
moderate_argon_langevin,0,3.6,0.631001341417
moderate_argon_langevin,0,3.63,0.617943460119
moderate_argon_langevin,0,3.66,0.626766864315
moderate_argon_langevin,0,3.69,0.659973530364
moderate_argon_langevin,0,3.72,0.681227246069
moderate_argon_langevin,0,3.75,0.68454018681
moderate_argon_langevin,0,3.78,0.700269541398
moderate_argon_langevin,0,3.81,0.735963933565
moderate_argon_langevin,0,3.84,0.721791188787
moderate_argon_langevin,0,3.87,0.713810009314
moderate_argon_langevin,0,3.9,0.699773353986
moderate_argon_langevin,0,3.93,0.669526663588
moderate_argon_langevin,0,3.96,0.665171208655
moderate_argon_langevin,0,3.99,0.709274826547
moderate_argon_langevin,0,4.02,0.740689447948
moderate_argon_langevin,0,4.05,0.778508317421
moderate_argon_langevin,0,4.08,0.767110176411
moderate_argon_langevin,0,4.11,0.746602882919
moderate_argon_langevin,0,4.14,0.769822003537
moderate_argon_langevin,0,4.17,0.751250057107
moderate_argon_langevin,0,4.2,0.746861469366
moderate_argon_langevin,0,4.23,0.778930649207
moderate_argon_langevin,0,4.26,0.765990028483
moderate_argon_langevin,0,4.29,0.750866052547
moderate_argon_langevin,0,4.32,0.733056165175
moderate_argon_langevin,0,4.35,0.712211781803
moderate_argon_langevin,0,4.38,0.713390904976
moderate_argon_langevin,0,4.41,0.723981671144
moderate_argon_langevin,0,4.44,0.718229980805
moderate_argon_langevin,0,4.47,0.740108046737
moderate_argon_langevin,0,4.5,0.742241777234
moderate_argon_langevin,0,4.53,0.75447403576
moderate_argon_langevin,0,4.56,0.709436580517
moderate_argon_langevin,0,4.59,0.716957236417
moderate_argon_langevin,0,4.62,0.713087791073
moderate_argon_langevin,0,4.65,0.708864825646
moderate_argon_langevin,0,4.68,0.719523333247
moderate_argon_langevin,0,4.71,0.715626782908
moderate_argon_langevin,0,4.74,0.717318731546
moderate_argon_langevin,0,4.77,0.719920399582
moderate_argon_langevin,0,4.8,0.72667255436
moderate_argon_langevin,0,4.83,0.718807836278
moderate_argon_langevin,0,4.86,0.702604944298
moderate_argon_langevin,0,4.89,0.711816014965
moderate_argon_langevin,0,4.92,0.713568496966
moderate_argon_langevin,0,4.95,0.717408625687
moderate_argon_langevin,0,4.98,0.706092157547
moderate_argon_langevin,0,5.01,0.66578332397
moderate_argon_langevin,0,5.04,0.681900142174
moderate_argon_langevin,0,5.07,0.693135351118
moderate_argon_langevin,0,5.1,0.740350571335
moderate_argon_langevin,0,5.13,0.755238794666
moderate_argon_langevin,0,5.16,0.751036031951
moderate_argon_langevin,0,5.19,0.742886078118
moderate_argon_langevin,0,5.22,0.744882132615
moderate_argon_langevin,0,5.25,0.757309453695
moderate_argon_langevin,0,5.28,0.736485013263
moderate_argon_langevin,0,5.31,0.714271708834
moderate_argon_langevin,0,5.34,0.727728076995
moderate_argon_langevin,0,5.37,0.72402828851
moderate_argon_langevin,0,5.4,0.744400567164
moderate_argon_langevin,0,5.43,0.737841823335
moderate_argon_langevin,0,5.46,0.782884371883
moderate_argon_langevin,0,5.49,0.770536141685
moderate_argon_langevin,0,5.52,0.761879865167
moderate_argon_langevin,0,5.55,0.754246356918
moderate_argon_langevin,0,5.58,0.771581460614
moderate_argon_langevin,0,5.61,0.74587211986
moderate_argon_langevin,0,5.64,0.753773652838
moderate_argon_langevin,0,5.67,0.723873820681
moderate_argon_langevin,0,5.7,0.691388403972
moderate_argon_langevin,0,5.73,0.72642103444
moderate_argon_langevin,0,5.76,0.735681358048
moderate_argon_langevin,0,5.79,0.729749213802
moderate_argon_langevin,0,5.82,0.723972795779
moderate_argon_langevin,0,5.85,0.697998281449
moderate_argon_langevin,0,5.88,0.696696706303
moderate_argon_langevin,0,5.91,0.695745216383
moderate_argon_langevin,0,5.94,0.71093593039
moderate_argon_langevin,0,5.97,0.727555337497
moderate_argon_langevin,0,6,0.747001820735
moderate_argon_langevin,0,6.03,0.738373620949
moderate_argon_langevin,0,6.06,0.73122754142
moderate_argon_langevin,0,6.09,0.720264884897
moderate_argon_langevin,0,6.12,0.709558041468
moderate_argon_langevin,0,6.15,0.725703049291
moderate_argon_langevin,0,6.18,0.731742033819
moderate_argon_langevin,0,6.21,0.712937087081
moderate_argon_langevin,0,6.24,0.7328551012
moderate_argon_langevin,0,6.27,0.745146084812
moderate_argon_langevin,0,6.3,0.753735487179
moderate_argon_langevin,0,6.33,0.735400874404
moderate_argon_langevin,0,6.36,0.730898122607
moderate_argon_langevin,0,6.39,0.724155732859
moderate_argon_langevin,0,6.42,0.711103703291
moderate_argon_langevin,0,6.45,0.701849767734
moderate_argon_langevin,0,6.48,0.729964114441
moderate_argon_langevin,0,6.51,0.740828057652
moderate_argon_langevin,0,6.54,0.738496972004
moderate_argon_langevin,0,6.57,0.744038766031
moderate_argon_langevin,0,6.6,0.722282570271
moderate_argon_langevin,0,6.63,0.734990608954
moderate_argon_langevin,0,6.66,0.717848511844
moderate_argon_langevin,0,6.69,0.706477537535
moderate_argon_langevin,0,6.72,0.743777818257
moderate_argon_langevin,0,6.75,0.745404222165
moderate_argon_langevin,0,6.78,0.706768772697
moderate_argon_langevin,0,6.81,0.736774523736
moderate_argon_langevin,0,6.84,0.742386105467
moderate_argon_langevin,0,6.87,0.761315733648
moderate_argon_langevin,0,6.9,0.708290486394
moderate_argon_langevin,0,6.93,0.698077378894
moderate_argon_langevin,0,6.96,0.693148101583
moderate_argon_langevin,0,6.99,0.697327386394
moderate_argon_langevin,0,7.02,0.696666239623
moderate_argon_langevin,0,7.05,0.711174235961
moderate_argon_langevin,0,7.08,0.688685764334
moderate_argon_langevin,0,7.11,0.658004173106
moderate_argon_langevin,0,7.14,0.650009763122
moderate_argon_langevin,0,7.17,0.65465626976
moderate_argon_langevin,0,7.2,0.674481925499
moderate_argon_langevin,0,7.23,0.695467906642
moderate_argon_langevin,0,7.26,0.686543989895
moderate_argon_langevin,0,7.29,0.680596295621
moderate_argon_langevin,0,7.32,0.679969366031
moderate_argon_langevin,0,7.35,0.689483578236
moderate_argon_langevin,0,7.38,0.677019972031
moderate_argon_langevin,0,7.41,0.6966765246
moderate_argon_langevin,0,7.44,0.730488335889
moderate_argon_langevin,0,7.47,0.699596953374
moderate_argon_langevin,1,1.5,0.686630325895
moderate_argon_langevin,1,1.53,0.674267400659
moderate_argon_langevin,1,1.56,0.689400330849
moderate_argon_langevin,1,1.59,0.693151997828
moderate_argon_langevin,1,1.62,0.692811189453
moderate_argon_langevin,1,1.65,0.706124297842
moderate_argon_langevin,1,1.68,0.702372876464
moderate_argon_langevin,1,1.71,0.726378881828
moderate_argon_langevin,1,1.74,0.685425886419
moderate_argon_langevin,1,1.77,0.684791329534
moderate_argon_langevin,1,1.8,0.709979975894
moderate_argon_langevin,1,1.83,0.71267802822
moderate_argon_langevin,1,1.86,0.747671151593
moderate_argon_langevin,1,1.89,0.727586881227
moderate_argon_langevin,1,1.92,0.68913575691
moderate_argon_langevin,1,1.95,0.678572354879
moderate_argon_langevin,1,1.98,0.672013003623
moderate_argon_langevin,1,2.01,0.682727513585
moderate_argon_langevin,1,2.04,0.691247336808
moderate_argon_langevin,1,2.07,0.697669347514
moderate_argon_langevin,1,2.1,0.665990909082
moderate_argon_langevin,1,2.13,0.641408925746
moderate_argon_langevin,1,2.16,0.637666992707
moderate_argon_langevin,1,2.19,0.61358387517
moderate_argon_langevin,1,2.22,0.608164042142
moderate_argon_langevin,1,2.25,0.650736059813
moderate_argon_langevin,1,2.28,0.679133888441
moderate_argon_langevin,1,2.31,0.65071309226
moderate_argon_langevin,1,2.34,0.641969549708
moderate_argon_langevin,1,2.37,0.623083411365
moderate_argon_langevin,1,2.4,0.604182602064
moderate_argon_langevin,1,2.43,0.616297753626
moderate_argon_langevin,1,2.46,0.634043861318
moderate_argon_langevin,1,2.49,0.651659654328
moderate_argon_langevin,1,2.52,0.668709448131
moderate_argon_langevin,1,2.55,0.669517946937
moderate_argon_langevin,1,2.58,0.675624988994
moderate_argon_langevin,1,2.61,0.668264241933
moderate_argon_langevin,1,2.64,0.640551872958
moderate_argon_langevin,1,2.67,0.662385915593
moderate_argon_langevin,1,2.7,0.699161376821
moderate_argon_langevin,1,2.73,0.702473062958
moderate_argon_langevin,1,2.76,0.694422884449
moderate_argon_langevin,1,2.79,0.677239498697
moderate_argon_langevin,1,2.82,0.661229367685
moderate_argon_langevin,1,2.85,0.696132323336
moderate_argon_langevin,1,2.88,0.697107823215
moderate_argon_langevin,1,2.91,0.705618238282
moderate_argon_langevin,1,2.94,0.745362715651
moderate_argon_langevin,1,2.97,0.740274849276
moderate_argon_langevin,1,3,0.739952983807
moderate_argon_langevin,1,3.03,0.75819847615
moderate_argon_langevin,1,3.06,0.726505181916
moderate_argon_langevin,1,3.09,0.694629268032
moderate_argon_langevin,1,3.12,0.70763308875
moderate_argon_langevin,1,3.15,0.716563192587
moderate_argon_langevin,1,3.18,0.683239504451
moderate_argon_langevin,1,3.21,0.664898612562
moderate_argon_langevin,1,3.24,0.680616112829
moderate_argon_langevin,1,3.27,0.661611105337
moderate_argon_langevin,1,3.3,0.679776855063
moderate_argon_langevin,1,3.33,0.675473521186
moderate_argon_langevin,1,3.36,0.668403135455
moderate_argon_langevin,1,3.39,0.691536879809
moderate_argon_langevin,1,3.42,0.70774825868
moderate_argon_langevin,1,3.45,0.697996843458
moderate_argon_langevin,1,3.48,0.676438052616
moderate_argon_langevin,1,3.51,0.660244824991
moderate_argon_langevin,1,3.54,0.657559200827
moderate_argon_langevin,1,3.57,0.688257181188
moderate_argon_langevin,1,3.6,0.663216415699
moderate_argon_langevin,1,3.63,0.640781737018
moderate_argon_langevin,1,3.66,0.615899295594
moderate_argon_langevin,1,3.69,0.615748856926
moderate_argon_langevin,1,3.72,0.609858170606
moderate_argon_langevin,1,3.75,0.653855393463
moderate_argon_langevin,1,3.78,0.671506305436
moderate_argon_langevin,1,3.81,0.68094017498
moderate_argon_langevin,1,3.84,0.695097202565
moderate_argon_langevin,1,3.87,0.695496339904
moderate_argon_langevin,1,3.9,0.700715605661
moderate_argon_langevin,1,3.93,0.681520477768
moderate_argon_langevin,1,3.96,0.670843920815
moderate_argon_langevin,1,3.99,0.656337626088
moderate_argon_langevin,1,4.02,0.655900813461
moderate_argon_langevin,1,4.05,0.649733387257
moderate_argon_langevin,1,4.08,0.653880627683
moderate_argon_langevin,1,4.11,0.660273998225
moderate_argon_langevin,1,4.14,0.660920064829
moderate_argon_langevin,1,4.17,0.662152116385
moderate_argon_langevin,1,4.2,0.680478410579
moderate_argon_langevin,1,4.23,0.676459631826
moderate_argon_langevin,1,4.26,0.657959989879
moderate_argon_langevin,1,4.29,0.629486903044
moderate_argon_langevin,1,4.32,0.628971266646
moderate_argon_langevin,1,4.35,0.670205306393
moderate_argon_langevin,1,4.38,0.66468222639
moderate_argon_langevin,1,4.41,0.652949915379
moderate_argon_langevin,1,4.44,0.636479786619
moderate_argon_langevin,1,4.47,0.618741380832
moderate_argon_langevin,1,4.5,0.642468896002
moderate_argon_langevin,1,4.53,0.643847899713
moderate_argon_langevin,1,4.56,0.657489654664
moderate_argon_langevin,1,4.59,0.655452121511
moderate_argon_langevin,1,4.62,0.676074252998
moderate_argon_langevin,1,4.65,0.662988076316
moderate_argon_langevin,1,4.68,0.674093720826
moderate_argon_langevin,1,4.71,0.697501589231
moderate_argon_langevin,1,4.74,0.711162683451
moderate_argon_langevin,1,4.77,0.707098921361
moderate_argon_langevin,1,4.8,0.700625771286
moderate_argon_langevin,1,4.83,0.688952030225
moderate_argon_langevin,1,4.86,0.683963030704
moderate_argon_langevin,1,4.89,0.709792191387
moderate_argon_langevin,1,4.92,0.729396552354
moderate_argon_langevin,1,4.95,0.720830923287
moderate_argon_langevin,1,4.98,0.679129499551
moderate_argon_langevin,1,5.01,0.64461620987
moderate_argon_langevin,1,5.04,0.663867507636
moderate_argon_langevin,1,5.07,0.707847413278
moderate_argon_langevin,1,5.1,0.72267385297
moderate_argon_langevin,1,5.13,0.753341438685
moderate_argon_langevin,1,5.16,0.70647835832
moderate_argon_langevin,1,5.19,0.666770408106
moderate_argon_langevin,1,5.22,0.619659041911
moderate_argon_langevin,1,5.25,0.638487453187
moderate_argon_langevin,1,5.28,0.683080929968
moderate_argon_langevin,1,5.31,0.669694819914
moderate_argon_langevin,1,5.34,0.65562895224
moderate_argon_langevin,1,5.37,0.667794076038
moderate_argon_langevin,1,5.4,0.676819727899
moderate_argon_langevin,1,5.43,0.664024959526
moderate_argon_langevin,1,5.46,0.679776695061
moderate_argon_langevin,1,5.49,0.707495869764
moderate_argon_langevin,1,5.52,0.693789054083
moderate_argon_langevin,1,5.55,0.67150030773
moderate_argon_langevin,1,5.58,0.663787607062
moderate_argon_langevin,1,5.61,0.647675441773
moderate_argon_langevin,1,5.64,0.631825161625
moderate_argon_langevin,1,5.67,0.639858555362
moderate_argon_langevin,1,5.7,0.661851360856
moderate_argon_langevin,1,5.73,0.714177537004
moderate_argon_langevin,1,5.76,0.705267276175
moderate_argon_langevin,1,5.79,0.700533069517
moderate_argon_langevin,1,5.82,0.686653002301
moderate_argon_langevin,1,5.85,0.706619506852
moderate_argon_langevin,1,5.88,0.69225369273
moderate_argon_langevin,1,5.91,0.661220395724
moderate_argon_langevin,1,5.94,0.67418958457
moderate_argon_langevin,1,5.97,0.695951117771
moderate_argon_langevin,1,6,0.688352490526
moderate_argon_langevin,1,6.03,0.675925138379
moderate_argon_langevin,1,6.06,0.712038590126
moderate_argon_langevin,1,6.09,0.715042003109
moderate_argon_langevin,1,6.12,0.699067318507
moderate_argon_langevin,1,6.15,0.700765820351
moderate_argon_langevin,1,6.18,0.702716791627
moderate_argon_langevin,1,6.21,0.723609537392
moderate_argon_langevin,1,6.24,0.707670293122
moderate_argon_langevin,1,6.27,0.728225881811
moderate_argon_langevin,1,6.3,0.772275047496
moderate_argon_langevin,1,6.33,0.758705433578
moderate_argon_langevin,1,6.36,0.726435866762
moderate_argon_langevin,1,6.39,0.714878304604
moderate_argon_langevin,1,6.42,0.752494090818
moderate_argon_langevin,1,6.45,0.751330728932
moderate_argon_langevin,1,6.48,0.768198425525
moderate_argon_langevin,1,6.51,0.740051481486
moderate_argon_langevin,1,6.54,0.756945149076
moderate_argon_langevin,1,6.57,0.723695843257
moderate_argon_langevin,1,6.6,0.708928064798
moderate_argon_langevin,1,6.63,0.7287567725
moderate_argon_langevin,1,6.66,0.722693873592
moderate_argon_langevin,1,6.69,0.76976417027
moderate_argon_langevin,1,6.72,0.769341122827
moderate_argon_langevin,1,6.75,0.772009297066
moderate_argon_langevin,1,6.78,0.777578124788
moderate_argon_langevin,1,6.81,0.783888229524
moderate_argon_langevin,1,6.84,0.77189374253
moderate_argon_langevin,1,6.87,0.762063908526
moderate_argon_langevin,1,6.9,0.7560326213
moderate_argon_langevin,1,6.93,0.729346616182
moderate_argon_langevin,1,6.96,0.737360733374
moderate_argon_langevin,1,6.99,0.730603802933
moderate_argon_langevin,1,7.02,0.756014182856
moderate_argon_langevin,1,7.05,0.740549522715
moderate_argon_langevin,1,7.08,0.695231205127
moderate_argon_langevin,1,7.11,0.700276618761
moderate_argon_langevin,1,7.14,0.727922026755
moderate_argon_langevin,1,7.17,0.731254784508
moderate_argon_langevin,1,7.2,0.724283638526
moderate_argon_langevin,1,7.23,0.727020504885
moderate_argon_langevin,1,7.26,0.71830688562
moderate_argon_langevin,1,7.29,0.709248349356
moderate_argon_langevin,1,7.32,0.726086651862
moderate_argon_langevin,1,7.35,0.740322406532
moderate_argon_langevin,1,7.38,0.735587233606
moderate_argon_langevin,1,7.41,0.737419507262
moderate_argon_langevin,1,7.44,0.726320142146
moderate_argon_langevin,1,7.47,0.721952697546
moderate_argon_langevin,2,1.5,0.776253321942
moderate_argon_langevin,2,1.53,0.701857310816
moderate_argon_langevin,2,1.56,0.695683167283
moderate_argon_langevin,2,1.59,0.709930613819
moderate_argon_langevin,2,1.62,0.729901129358
moderate_argon_langevin,2,1.65,0.773281794025
moderate_argon_langevin,2,1.68,0.789923113697
moderate_argon_langevin,2,1.71,0.768031030605
moderate_argon_langevin,2,1.74,0.747607950327
moderate_argon_langevin,2,1.77,0.763744730182
moderate_argon_langevin,2,1.8,0.788653360412
moderate_argon_langevin,2,1.83,0.798319556237
moderate_argon_langevin,2,1.86,0.727479034862
moderate_argon_langevin,2,1.89,0.705734056855
moderate_argon_langevin,2,1.92,0.749856204763
moderate_argon_langevin,2,1.95,0.780735606339
moderate_argon_langevin,2,1.98,0.77112198616
moderate_argon_langevin,2,2.01,0.751758026143
moderate_argon_langevin,2,2.04,0.735788808412
moderate_argon_langevin,2,2.07,0.725807301208
moderate_argon_langevin,2,2.1,0.73678877956
moderate_argon_langevin,2,2.13,0.710419289568
moderate_argon_langevin,2,2.16,0.721316243695
moderate_argon_langevin,2,2.19,0.742260405433
moderate_argon_langevin,2,2.22,0.750651417621
moderate_argon_langevin,2,2.25,0.729262783968
moderate_argon_langevin,2,2.28,0.726405365365
moderate_argon_langevin,2,2.31,0.722798079466
moderate_argon_langevin,2,2.34,0.75302668355
moderate_argon_langevin,2,2.37,0.742358580599
moderate_argon_langevin,2,2.4,0.74323974355
moderate_argon_langevin,2,2.43,0.703692545878
moderate_argon_langevin,2,2.46,0.717600340702
moderate_argon_langevin,2,2.49,0.75575338539
moderate_argon_langevin,2,2.52,0.74163114379
moderate_argon_langevin,2,2.55,0.710635693577
moderate_argon_langevin,2,2.58,0.731659554605
moderate_argon_langevin,2,2.61,0.715619984323
moderate_argon_langevin,2,2.64,0.716022312202
moderate_argon_langevin,2,2.67,0.705346088271
moderate_argon_langevin,2,2.7,0.68130159107
moderate_argon_langevin,2,2.73,0.704590944568
moderate_argon_langevin,2,2.76,0.736577642556
moderate_argon_langevin,2,2.79,0.712148395913
moderate_argon_langevin,2,2.82,0.67085037463
moderate_argon_langevin,2,2.85,0.701040767724
moderate_argon_langevin,2,2.88,0.701791267191
moderate_argon_langevin,2,2.91,0.679961055277
moderate_argon_langevin,2,2.94,0.654077000709
moderate_argon_langevin,2,2.97,0.6582783558
moderate_argon_langevin,2,3,0.64478025061
moderate_argon_langevin,2,3.03,0.665908059315
moderate_argon_langevin,2,3.06,0.684768515689
moderate_argon_langevin,2,3.09,0.692529940389
moderate_argon_langevin,2,3.12,0.694699010375
moderate_argon_langevin,2,3.15,0.688276277007
moderate_argon_langevin,2,3.18,0.682282581742
moderate_argon_langevin,2,3.21,0.696575072675
moderate_argon_langevin,2,3.24,0.727951484609
moderate_argon_langevin,2,3.27,0.750442775917
moderate_argon_langevin,2,3.3,0.752714147807
moderate_argon_langevin,2,3.33,0.715729568358
moderate_argon_langevin,2,3.36,0.680711743983
moderate_argon_langevin,2,3.39,0.681831669468
moderate_argon_langevin,2,3.42,0.694261320719
moderate_argon_langevin,2,3.45,0.681630083357
moderate_argon_langevin,2,3.48,0.677460723108
moderate_argon_langevin,2,3.51,0.692354471437
moderate_argon_langevin,2,3.54,0.700901988696
moderate_argon_langevin,2,3.57,0.692899505945
moderate_argon_langevin,2,3.6,0.664452760511
moderate_argon_langevin,2,3.63,0.682557236442
moderate_argon_langevin,2,3.66,0.686870841439
moderate_argon_langevin,2,3.69,0.680727889033
moderate_argon_langevin,2,3.72,0.696081759883
moderate_argon_langevin,2,3.75,0.707447270268
moderate_argon_langevin,2,3.78,0.729238406241
moderate_argon_langevin,2,3.81,0.701751309652
moderate_argon_langevin,2,3.84,0.6844473144
moderate_argon_langevin,2,3.87,0.680967245271
moderate_argon_langevin,2,3.9,0.679485850134
moderate_argon_langevin,2,3.93,0.704454255268
moderate_argon_langevin,2,3.96,0.710579687962
moderate_argon_langevin,2,3.99,0.71367324063
moderate_argon_langevin,2,4.02,0.722287491831
moderate_argon_langevin,2,4.05,0.715416243909
moderate_argon_langevin,2,4.08,0.714826436589
moderate_argon_langevin,2,4.11,0.693616281247
moderate_argon_langevin,2,4.14,0.707837248482
moderate_argon_langevin,2,4.17,0.760373682602
moderate_argon_langevin,2,4.2,0.757143213526
moderate_argon_langevin,2,4.23,0.717524939073
moderate_argon_langevin,2,4.26,0.702474063234
moderate_argon_langevin,2,4.29,0.721046632601
moderate_argon_langevin,2,4.32,0.743655379277
moderate_argon_langevin,2,4.35,0.739471204043
moderate_argon_langevin,2,4.38,0.719362221732
moderate_argon_langevin,2,4.41,0.746246085167
moderate_argon_langevin,2,4.44,0.750231914446
moderate_argon_langevin,2,4.47,0.713120018355
moderate_argon_langevin,2,4.5,0.698896916618
moderate_argon_langevin,2,4.53,0.685070361538
moderate_argon_langevin,2,4.56,0.681414125585
moderate_argon_langevin,2,4.59,0.675495000117
moderate_argon_langevin,2,4.62,0.679013783736
moderate_argon_langevin,2,4.65,0.700172909893
moderate_argon_langevin,2,4.68,0.697778099566
moderate_argon_langevin,2,4.71,0.714185755615
moderate_argon_langevin,2,4.74,0.710289808228
moderate_argon_langevin,2,4.77,0.677464676636
moderate_argon_langevin,2,4.8,0.670024632525
moderate_argon_langevin,2,4.83,0.655977865391
moderate_argon_langevin,2,4.86,0.657622368549
moderate_argon_langevin,2,4.89,0.687791528954
moderate_argon_langevin,2,4.92,0.687603838054
moderate_argon_langevin,2,4.95,0.68831940699
moderate_argon_langevin,2,4.98,0.700667608657
moderate_argon_langevin,2,5.01,0.711816513313
moderate_argon_langevin,2,5.04,0.731735507853
moderate_argon_langevin,2,5.07,0.745595606684
moderate_argon_langevin,2,5.1,0.713138571639
moderate_argon_langevin,2,5.13,0.704371608854
moderate_argon_langevin,2,5.16,0.719550599173
moderate_argon_langevin,2,5.19,0.742463501388
moderate_argon_langevin,2,5.22,0.721732277757
moderate_argon_langevin,2,5.25,0.720374653476
moderate_argon_langevin,2,5.28,0.731128384
moderate_argon_langevin,2,5.31,0.774177655798
moderate_argon_langevin,2,5.34,0.795597798174
moderate_argon_langevin,2,5.37,0.788000919089
moderate_argon_langevin,2,5.4,0.785223417641
moderate_argon_langevin,2,5.43,0.816567765388
moderate_argon_langevin,2,5.46,0.78011757075
moderate_argon_langevin,2,5.49,0.789836897518
moderate_argon_langevin,2,5.52,0.781362066572
moderate_argon_langevin,2,5.55,0.717439847076
moderate_argon_langevin,2,5.58,0.721813590259
moderate_argon_langevin,2,5.61,0.740019037817
moderate_argon_langevin,2,5.64,0.728819386407
moderate_argon_langevin,2,5.67,0.705415728368
moderate_argon_langevin,2,5.7,0.744846507387
moderate_argon_langevin,2,5.73,0.758573024655
moderate_argon_langevin,2,5.76,0.75881954766
moderate_argon_langevin,2,5.79,0.757547795735
moderate_argon_langevin,2,5.82,0.741254741672
moderate_argon_langevin,2,5.85,0.746266834195
moderate_argon_langevin,2,5.88,0.739892659786
moderate_argon_langevin,2,5.91,0.745330270697
moderate_argon_langevin,2,5.94,0.72667235446
moderate_argon_langevin,2,5.97,0.719423027735
moderate_argon_langevin,2,6,0.729752257837
moderate_argon_langevin,2,6.03,0.735768526121
moderate_argon_langevin,2,6.06,0.752269504077
moderate_argon_langevin,2,6.09,0.739980256163
moderate_argon_langevin,2,6.12,0.724473507511
moderate_argon_langevin,2,6.15,0.749532582746
moderate_argon_langevin,2,6.18,0.727940699695
moderate_argon_langevin,2,6.21,0.744329714538
moderate_argon_langevin,2,6.24,0.749830795591
moderate_argon_langevin,2,6.27,0.738495957172
moderate_argon_langevin,2,6.3,0.738390697513
moderate_argon_langevin,2,6.33,0.734360129295
moderate_argon_langevin,2,6.36,0.722480268087
moderate_argon_langevin,2,6.39,0.756411497039
moderate_argon_langevin,2,6.42,0.743710224956
moderate_argon_langevin,2,6.45,0.72825903192
moderate_argon_langevin,2,6.48,0.71942038219
moderate_argon_langevin,2,6.51,0.736494462722
moderate_argon_langevin,2,6.54,0.732943383077
moderate_argon_langevin,2,6.57,0.700763287117
moderate_argon_langevin,2,6.6,0.711425588648
moderate_argon_langevin,2,6.63,0.747210184582
moderate_argon_langevin,2,6.66,0.774364412194
moderate_argon_langevin,2,6.69,0.779887537938
moderate_argon_langevin,2,6.72,0.752702795749
moderate_argon_langevin,2,6.75,0.739510394808
moderate_argon_langevin,2,6.78,0.725020042228
moderate_argon_langevin,2,6.81,0.709165445656
moderate_argon_langevin,2,6.84,0.673319977041
moderate_argon_langevin,2,6.87,0.683306051021
moderate_argon_langevin,2,6.9,0.714661610742
moderate_argon_langevin,2,6.93,0.730362888712
moderate_argon_langevin,2,6.96,0.712098387278
moderate_argon_langevin,2,6.99,0.691919372433
moderate_argon_langevin,2,7.02,0.727824637618
moderate_argon_langevin,2,7.05,0.720485733828
moderate_argon_langevin,2,7.08,0.719419165276
moderate_argon_langevin,2,7.11,0.695558562515
moderate_argon_langevin,2,7.14,0.697660919564
moderate_argon_langevin,2,7.17,0.694968122377
moderate_argon_langevin,2,7.2,0.701971139528
moderate_argon_langevin,2,7.23,0.711248628647
moderate_argon_langevin,2,7.26,0.731229294739
moderate_argon_langevin,2,7.29,0.733983452076
moderate_argon_langevin,2,7.32,0.734562094568
moderate_argon_langevin,2,7.35,0.7495271727
moderate_argon_langevin,2,7.38,0.734458432452
moderate_argon_langevin,2,7.41,0.719735959491
moderate_argon_langevin,2,7.44,0.755010806352
moderate_argon_langevin,2,7.47,0.762687431221
strong_argon_langevin,0,1.5,0.691648474758
strong_argon_langevin,0,1.53,0.72558859939
strong_argon_langevin,0,1.56,0.734358238039
strong_argon_langevin,0,1.59,0.731804573435
strong_argon_langevin,0,1.62,0.74908006109
strong_argon_langevin,0,1.65,0.754368924726
strong_argon_langevin,0,1.68,0.692397488614
strong_argon_langevin,0,1.71,0.662797773524
strong_argon_langevin,0,1.74,0.679393752332
strong_argon_langevin,0,1.77,0.710927244292
strong_argon_langevin,0,1.8,0.734391132514
strong_argon_langevin,0,1.83,0.743745019032
strong_argon_langevin,0,1.86,0.744816974796
strong_argon_langevin,0,1.89,0.717790444824
strong_argon_langevin,0,1.92,0.731698887672
strong_argon_langevin,0,1.95,0.752947984551
strong_argon_langevin,0,1.98,0.790751298851
strong_argon_langevin,0,2.01,0.783291513555
strong_argon_langevin,0,2.04,0.799408703546
strong_argon_langevin,0,2.07,0.751083135244
strong_argon_langevin,0,2.1,0.726099808401
strong_argon_langevin,0,2.13,0.684743659341
strong_argon_langevin,0,2.16,0.700736797356
strong_argon_langevin,0,2.19,0.697402087888
strong_argon_langevin,0,2.22,0.704527737309
strong_argon_langevin,0,2.25,0.717890169005
strong_argon_langevin,0,2.28,0.715178507009
strong_argon_langevin,0,2.31,0.725814594275
strong_argon_langevin,0,2.34,0.710652355622
strong_argon_langevin,0,2.37,0.675134828391
strong_argon_langevin,0,2.4,0.713151059099
strong_argon_langevin,0,2.43,0.736619214183
strong_argon_langevin,0,2.46,0.75423514717
strong_argon_langevin,0,2.49,0.723168017184
strong_argon_langevin,0,2.52,0.71851561234
strong_argon_langevin,0,2.55,0.665465027047
strong_argon_langevin,0,2.58,0.657305614136
strong_argon_langevin,0,2.61,0.666746138766
strong_argon_langevin,0,2.64,0.650843702793
strong_argon_langevin,0,2.67,0.663110833215
strong_argon_langevin,0,2.7,0.634356102125
strong_argon_langevin,0,2.73,0.629864549325
strong_argon_langevin,0,2.76,0.666801059246
strong_argon_langevin,0,2.79,0.681055648684
strong_argon_langevin,0,2.82,0.671915860639
strong_argon_langevin,0,2.85,0.65482611054
strong_argon_langevin,0,2.88,0.659101489661
strong_argon_langevin,0,2.91,0.64710284351
strong_argon_langevin,0,2.94,0.618927626899
strong_argon_langevin,0,2.97,0.656193607226
strong_argon_langevin,0,3,0.627729238907
strong_argon_langevin,0,3.03,0.655901561869
strong_argon_langevin,0,3.06,0.691902064568
strong_argon_langevin,0,3.09,0.677854268429
strong_argon_langevin,0,3.12,0.691926911768
strong_argon_langevin,0,3.15,0.658072868015
strong_argon_langevin,0,3.18,0.673998754208
strong_argon_langevin,0,3.21,0.715394032369
strong_argon_langevin,0,3.24,0.698414292115
strong_argon_langevin,0,3.27,0.683737590127
strong_argon_langevin,0,3.3,0.684300468344
strong_argon_langevin,0,3.33,0.756963532964
strong_argon_langevin,0,3.36,0.766316718829
strong_argon_langevin,0,3.39,0.711913426148
strong_argon_langevin,0,3.42,0.722382469612
strong_argon_langevin,0,3.45,0.686484876788
strong_argon_langevin,0,3.48,0.687401145214
strong_argon_langevin,0,3.51,0.694396918621
strong_argon_langevin,0,3.54,0.686182121293
strong_argon_langevin,0,3.57,0.731020480838
strong_argon_langevin,0,3.6,0.774891644505
strong_argon_langevin,0,3.63,0.727222569103
strong_argon_langevin,0,3.66,0.720554534628
strong_argon_langevin,0,3.69,0.773657542636
strong_argon_langevin,0,3.72,0.740725673637
strong_argon_langevin,0,3.75,0.722829859003
strong_argon_langevin,0,3.78,0.692889805572
strong_argon_langevin,0,3.81,0.670554987522
strong_argon_langevin,0,3.84,0.701571406799
strong_argon_langevin,0,3.87,0.691682589205
strong_argon_langevin,0,3.9,0.704061466159
strong_argon_langevin,0,3.93,0.666655916226
strong_argon_langevin,0,3.96,0.622137854883
strong_argon_langevin,0,3.99,0.640915654225
strong_argon_langevin,0,4.02,0.65520446197
strong_argon_langevin,0,4.05,0.66654215504
strong_argon_langevin,0,4.08,0.677714622079
strong_argon_langevin,0,4.11,0.692521258371
strong_argon_langevin,0,4.14,0.66605706096
strong_argon_langevin,0,4.17,0.681143069052
strong_argon_langevin,0,4.2,0.598559608235
strong_argon_langevin,0,4.23,0.627505877693
strong_argon_langevin,0,4.26,0.659660216799
strong_argon_langevin,0,4.29,0.69989212926
strong_argon_langevin,0,4.32,0.698807682561
strong_argon_langevin,0,4.35,0.700248957933
strong_argon_langevin,0,4.38,0.667496582257
strong_argon_langevin,0,4.41,0.711489826381
strong_argon_langevin,0,4.44,0.724878526992
strong_argon_langevin,0,4.47,0.70582843203
strong_argon_langevin,0,4.5,0.69903764754
strong_argon_langevin,0,4.53,0.703432377502
strong_argon_langevin,0,4.56,0.657053422233
strong_argon_langevin,0,4.59,0.692254253211
strong_argon_langevin,0,4.62,0.669777384756
strong_argon_langevin,0,4.65,0.608065356478
strong_argon_langevin,0,4.68,0.644957731058
strong_argon_langevin,0,4.71,0.642065475394
strong_argon_langevin,0,4.74,0.673366975812
strong_argon_langevin,0,4.77,0.693741363097
strong_argon_langevin,0,4.8,0.643602549758
strong_argon_langevin,0,4.83,0.683968523294
strong_argon_langevin,0,4.86,0.68242882334
strong_argon_langevin,0,4.89,0.663572219663
strong_argon_langevin,0,4.92,0.671882471927
strong_argon_langevin,0,4.95,0.676309075867
strong_argon_langevin,0,4.98,0.718641682722
strong_argon_langevin,0,5.01,0.73457118234
strong_argon_langevin,0,5.04,0.731727952574
strong_argon_langevin,0,5.07,0.709870757669
strong_argon_langevin,0,5.1,0.687731325332
strong_argon_langevin,0,5.13,0.697991183156
strong_argon_langevin,0,5.16,0.711496664306
strong_argon_langevin,0,5.19,0.731542336974
strong_argon_langevin,0,5.22,0.720698147361
strong_argon_langevin,0,5.25,0.702438257962
strong_argon_langevin,0,5.28,0.682045166278
strong_argon_langevin,0,5.31,0.698074367959
strong_argon_langevin,0,5.34,0.685981272136
strong_argon_langevin,0,5.37,0.698291653369
strong_argon_langevin,0,5.4,0.70947788959
strong_argon_langevin,0,5.43,0.679931595563
strong_argon_langevin,0,5.46,0.719008886946
strong_argon_langevin,0,5.49,0.7135146255
strong_argon_langevin,0,5.52,0.712036679376
strong_argon_langevin,0,5.55,0.680063229551
strong_argon_langevin,0,5.58,0.686219552839
strong_argon_langevin,0,5.61,0.669043611041
strong_argon_langevin,0,5.64,0.641317345192
strong_argon_langevin,0,5.67,0.633497858051
strong_argon_langevin,0,5.7,0.645587045481
strong_argon_langevin,0,5.73,0.627432887225
strong_argon_langevin,0,5.76,0.669815347599
strong_argon_langevin,0,5.79,0.682100211678
strong_argon_langevin,0,5.82,0.649524428008
strong_argon_langevin,0,5.85,0.633033323465
strong_argon_langevin,0,5.88,0.674625169728
strong_argon_langevin,0,5.91,0.643653794637
strong_argon_langevin,0,5.94,0.656662365853
strong_argon_langevin,0,5.97,0.676029900402
strong_argon_langevin,0,6,0.7135813934
strong_argon_langevin,0,6.03,0.655046999757
strong_argon_langevin,0,6.06,0.677795959567
strong_argon_langevin,0,6.09,0.662435896111
strong_argon_langevin,0,6.12,0.645350982145
strong_argon_langevin,0,6.15,0.646575911271
strong_argon_langevin,0,6.18,0.712232519322
strong_argon_langevin,0,6.21,0.684579790986
strong_argon_langevin,0,6.24,0.726855088711
strong_argon_langevin,0,6.27,0.705569189445
strong_argon_langevin,0,6.3,0.698932105189
strong_argon_langevin,0,6.33,0.729948865476
strong_argon_langevin,0,6.36,0.693065668925
strong_argon_langevin,0,6.39,0.676826960489
strong_argon_langevin,0,6.42,0.705993955578
strong_argon_langevin,0,6.45,0.753714564607
strong_argon_langevin,0,6.48,0.758504620394
strong_argon_langevin,0,6.51,0.717536249079
strong_argon_langevin,0,6.54,0.696545387409
strong_argon_langevin,0,6.57,0.655572426713
strong_argon_langevin,0,6.6,0.671802966962
strong_argon_langevin,0,6.63,0.731064938186
strong_argon_langevin,0,6.66,0.703414801539
strong_argon_langevin,0,6.69,0.687589804803
strong_argon_langevin,0,6.72,0.696682627913
strong_argon_langevin,0,6.75,0.71413673139
strong_argon_langevin,0,6.78,0.671247060119
strong_argon_langevin,0,6.81,0.668952712327
strong_argon_langevin,0,6.84,0.661191085556
strong_argon_langevin,0,6.87,0.644673930232
strong_argon_langevin,0,6.9,0.668830330144
strong_argon_langevin,0,6.93,0.719855345593
strong_argon_langevin,0,6.96,0.720512215029
strong_argon_langevin,0,6.99,0.71636904958
strong_argon_langevin,0,7.02,0.73153301653
strong_argon_langevin,0,7.05,0.762902244891
strong_argon_langevin,0,7.08,0.709786970742
strong_argon_langevin,0,7.11,0.690087966979
strong_argon_langevin,0,7.14,0.737774277133
strong_argon_langevin,0,7.17,0.709377362633
strong_argon_langevin,0,7.2,0.713858578891
strong_argon_langevin,0,7.23,0.680533251968
strong_argon_langevin,0,7.26,0.742262901597
strong_argon_langevin,0,7.29,0.743733567431
strong_argon_langevin,0,7.32,0.674865199332
strong_argon_langevin,0,7.35,0.67889027378
strong_argon_langevin,0,7.38,0.669664039703
strong_argon_langevin,0,7.41,0.687369121673
strong_argon_langevin,0,7.44,0.7537637761
strong_argon_langevin,0,7.47,0.755373208779
strong_argon_langevin,1,1.5,0.702469329575
strong_argon_langevin,1,1.53,0.706315640606
strong_argon_langevin,1,1.56,0.710533185242
strong_argon_langevin,1,1.59,0.729985449399
strong_argon_langevin,1,1.62,0.734936372792
strong_argon_langevin,1,1.65,0.681965318706
strong_argon_langevin,1,1.68,0.677450923768
strong_argon_langevin,1,1.71,0.699693809263
strong_argon_langevin,1,1.74,0.689340422013
strong_argon_langevin,1,1.77,0.717100052409
strong_argon_langevin,1,1.8,0.69784817998
strong_argon_langevin,1,1.83,0.694491495223
strong_argon_langevin,1,1.86,0.754956812756
strong_argon_langevin,1,1.89,0.751795211478
strong_argon_langevin,1,1.92,0.712076123124
strong_argon_langevin,1,1.95,0.687499848607
strong_argon_langevin,1,1.98,0.689848044285
strong_argon_langevin,1,2.01,0.685439031716
strong_argon_langevin,1,2.04,0.712072254578
strong_argon_langevin,1,2.07,0.7493339142
strong_argon_langevin,1,2.1,0.737244015146
strong_argon_langevin,1,2.13,0.723598832636
strong_argon_langevin,1,2.16,0.724180122972
strong_argon_langevin,1,2.19,0.745217351744
strong_argon_langevin,1,2.22,0.739360328435
strong_argon_langevin,1,2.25,0.786104507198
strong_argon_langevin,1,2.28,0.753217960184
strong_argon_langevin,1,2.31,0.746672909133
strong_argon_langevin,1,2.34,0.775860497307
strong_argon_langevin,1,2.37,0.766046169446
strong_argon_langevin,1,2.4,0.724317616701
strong_argon_langevin,1,2.43,0.746436184978
strong_argon_langevin,1,2.46,0.708697612557
strong_argon_langevin,1,2.49,0.740268317794
strong_argon_langevin,1,2.52,0.715673796339
strong_argon_langevin,1,2.55,0.699288727135
strong_argon_langevin,1,2.58,0.746713912124
strong_argon_langevin,1,2.61,0.72462130728
strong_argon_langevin,1,2.64,0.714635100197
strong_argon_langevin,1,2.67,0.708281487486
strong_argon_langevin,1,2.7,0.690512129815
strong_argon_langevin,1,2.73,0.704741357231
strong_argon_langevin,1,2.76,0.719037480909
strong_argon_langevin,1,2.79,0.684520959842
strong_argon_langevin,1,2.82,0.682449344662
strong_argon_langevin,1,2.85,0.671020569894
strong_argon_langevin,1,2.88,0.699248944307
strong_argon_langevin,1,2.91,0.723057720259
strong_argon_langevin,1,2.94,0.717514696905
strong_argon_langevin,1,2.97,0.685210921956
strong_argon_langevin,1,3,0.649732224618
strong_argon_langevin,1,3.03,0.707598491372
strong_argon_langevin,1,3.06,0.72156742768
strong_argon_langevin,1,3.09,0.691995045798
strong_argon_langevin,1,3.12,0.679781012342
strong_argon_langevin,1,3.15,0.726535323287
strong_argon_langevin,1,3.18,0.723675105732
strong_argon_langevin,1,3.21,0.742473332461
strong_argon_langevin,1,3.24,0.707313654828
strong_argon_langevin,1,3.27,0.715916058173
strong_argon_langevin,1,3.3,0.735715677112
strong_argon_langevin,1,3.33,0.739993044613
strong_argon_langevin,1,3.36,0.729847203567
strong_argon_langevin,1,3.39,0.69410581894
strong_argon_langevin,1,3.42,0.662201111956
strong_argon_langevin,1,3.45,0.65220752038
strong_argon_langevin,1,3.48,0.686990174209
strong_argon_langevin,1,3.51,0.725396307094
strong_argon_langevin,1,3.54,0.761773621465
strong_argon_langevin,1,3.57,0.716157861431
strong_argon_langevin,1,3.6,0.703349521209
strong_argon_langevin,1,3.63,0.736691462917
strong_argon_langevin,1,3.66,0.739985224944
strong_argon_langevin,1,3.69,0.746682647132
strong_argon_langevin,1,3.72,0.697138639414
strong_argon_langevin,1,3.75,0.672723491995
strong_argon_langevin,1,3.78,0.639622732913
strong_argon_langevin,1,3.81,0.623177653604
strong_argon_langevin,1,3.84,0.68207207922
strong_argon_langevin,1,3.87,0.642121443759
strong_argon_langevin,1,3.9,0.630565040265
strong_argon_langevin,1,3.93,0.630460517838
strong_argon_langevin,1,3.96,0.671829249796
strong_argon_langevin,1,3.99,0.680309231789
strong_argon_langevin,1,4.02,0.706131410166
strong_argon_langevin,1,4.05,0.659834388738
strong_argon_langevin,1,4.08,0.655803361487
strong_argon_langevin,1,4.11,0.652646529406
strong_argon_langevin,1,4.14,0.693305861788
strong_argon_langevin,1,4.17,0.665349429294
strong_argon_langevin,1,4.2,0.686530103231
strong_argon_langevin,1,4.23,0.757097231192
strong_argon_langevin,1,4.26,0.737598126169
strong_argon_langevin,1,4.29,0.750024555546
strong_argon_langevin,1,4.32,0.729632476459
strong_argon_langevin,1,4.35,0.694010449909
strong_argon_langevin,1,4.38,0.766647279922
strong_argon_langevin,1,4.41,0.728846639701
strong_argon_langevin,1,4.44,0.708887710482
strong_argon_langevin,1,4.47,0.705683226587
strong_argon_langevin,1,4.5,0.748003111409
strong_argon_langevin,1,4.53,0.718487411736
strong_argon_langevin,1,4.56,0.653941543627
strong_argon_langevin,1,4.59,0.639498147257
strong_argon_langevin,1,4.62,0.638706264875
strong_argon_langevin,1,4.65,0.663337574794
strong_argon_langevin,1,4.68,0.689127749722
strong_argon_langevin,1,4.71,0.687553660503
strong_argon_langevin,1,4.74,0.665936682748
strong_argon_langevin,1,4.77,0.635069813749
strong_argon_langevin,1,4.8,0.654655619839
strong_argon_langevin,1,4.83,0.6875734044
strong_argon_langevin,1,4.86,0.698150740362
strong_argon_langevin,1,4.89,0.71752409679
strong_argon_langevin,1,4.92,0.72114572296
strong_argon_langevin,1,4.95,0.703938254486
strong_argon_langevin,1,4.98,0.723597698071
strong_argon_langevin,1,5.01,0.734801925966
strong_argon_langevin,1,5.04,0.742621039996
strong_argon_langevin,1,5.07,0.693404688818
strong_argon_langevin,1,5.1,0.677917728266
strong_argon_langevin,1,5.13,0.684824215519
strong_argon_langevin,1,5.16,0.655471772675
strong_argon_langevin,1,5.19,0.646894858267
strong_argon_langevin,1,5.22,0.666136527102
strong_argon_langevin,1,5.25,0.698245455933
strong_argon_langevin,1,5.28,0.701133799678
strong_argon_langevin,1,5.31,0.687477024149
strong_argon_langevin,1,5.34,0.710964707477
strong_argon_langevin,1,5.37,0.743141966449
strong_argon_langevin,1,5.4,0.729955837285
strong_argon_langevin,1,5.43,0.736351359818
strong_argon_langevin,1,5.46,0.759936350467
strong_argon_langevin,1,5.49,0.707526389748
strong_argon_langevin,1,5.52,0.68916105589
strong_argon_langevin,1,5.55,0.677265273264
strong_argon_langevin,1,5.58,0.698547746269
strong_argon_langevin,1,5.61,0.721624655554
strong_argon_langevin,1,5.64,0.677376753269
strong_argon_langevin,1,5.67,0.727847425985
strong_argon_langevin,1,5.7,0.718587016326
strong_argon_langevin,1,5.73,0.720087404591
strong_argon_langevin,1,5.76,0.739507835933
strong_argon_langevin,1,5.79,0.715050539971
strong_argon_langevin,1,5.82,0.722566747383
strong_argon_langevin,1,5.85,0.727426723602
strong_argon_langevin,1,5.88,0.707717370253
strong_argon_langevin,1,5.91,0.69041241128
strong_argon_langevin,1,5.94,0.736662998375
strong_argon_langevin,1,5.97,0.684468579862
strong_argon_langevin,1,6,0.686871987246
strong_argon_langevin,1,6.03,0.686657488712
strong_argon_langevin,1,6.06,0.725382768159
strong_argon_langevin,1,6.09,0.687455137886
strong_argon_langevin,1,6.12,0.66049845843
strong_argon_langevin,1,6.15,0.67221352165
strong_argon_langevin,1,6.18,0.673241669739
strong_argon_langevin,1,6.21,0.662414808733
strong_argon_langevin,1,6.24,0.695918874371
strong_argon_langevin,1,6.27,0.704760345044
strong_argon_langevin,1,6.3,0.66509916557
strong_argon_langevin,1,6.33,0.697238445625
strong_argon_langevin,1,6.36,0.700780382536
strong_argon_langevin,1,6.39,0.666103174378
strong_argon_langevin,1,6.42,0.700796282131
strong_argon_langevin,1,6.45,0.721898136688
strong_argon_langevin,1,6.48,0.7439982596
strong_argon_langevin,1,6.51,0.741141608755
strong_argon_langevin,1,6.54,0.728207524926
strong_argon_langevin,1,6.57,0.68800362245
strong_argon_langevin,1,6.6,0.691142865062
strong_argon_langevin,1,6.63,0.729405569836
strong_argon_langevin,1,6.66,0.735114256631
strong_argon_langevin,1,6.69,0.702926651298
strong_argon_langevin,1,6.72,0.714508417538
strong_argon_langevin,1,6.75,0.696229596662
strong_argon_langevin,1,6.78,0.662059041791
strong_argon_langevin,1,6.81,0.69763248586
strong_argon_langevin,1,6.84,0.681825420239
strong_argon_langevin,1,6.87,0.658271974996
strong_argon_langevin,1,6.9,0.682595358228
strong_argon_langevin,1,6.93,0.645123683951
strong_argon_langevin,1,6.96,0.669992372171
strong_argon_langevin,1,6.99,0.741809953794
strong_argon_langevin,1,7.02,0.737800460993
strong_argon_langevin,1,7.05,0.706299866551
strong_argon_langevin,1,7.08,0.681728295579
strong_argon_langevin,1,7.11,0.658142796553
strong_argon_langevin,1,7.14,0.663592061091
strong_argon_langevin,1,7.17,0.679911169172
strong_argon_langevin,1,7.2,0.669898335879
strong_argon_langevin,1,7.23,0.65722200248
strong_argon_langevin,1,7.26,0.661201057975
strong_argon_langevin,1,7.29,0.688403512999
strong_argon_langevin,1,7.32,0.707368259668
strong_argon_langevin,1,7.35,0.71879933989
strong_argon_langevin,1,7.38,0.713839630231
strong_argon_langevin,1,7.41,0.702571666459
strong_argon_langevin,1,7.44,0.730864001131
strong_argon_langevin,1,7.47,0.747316792488
strong_argon_langevin,2,1.5,0.695541296027
strong_argon_langevin,2,1.53,0.716541249848
strong_argon_langevin,2,1.56,0.727386337362
strong_argon_langevin,2,1.59,0.736421746247
strong_argon_langevin,2,1.62,0.705129291897
strong_argon_langevin,2,1.65,0.745719435297
strong_argon_langevin,2,1.68,0.733237970437
strong_argon_langevin,2,1.71,0.725551564818
strong_argon_langevin,2,1.74,0.69320617964
strong_argon_langevin,2,1.77,0.709216004188
strong_argon_langevin,2,1.8,0.685998288102
strong_argon_langevin,2,1.83,0.671516554008
strong_argon_langevin,2,1.86,0.646095936529
strong_argon_langevin,2,1.89,0.702332687088
strong_argon_langevin,2,1.92,0.706324033814
strong_argon_langevin,2,1.95,0.695169696547
strong_argon_langevin,2,1.98,0.705983930732
strong_argon_langevin,2,2.01,0.730360750238
strong_argon_langevin,2,2.04,0.716598677822
strong_argon_langevin,2,2.07,0.712760970689
strong_argon_langevin,2,2.1,0.726302222649
strong_argon_langevin,2,2.13,0.784257573636
strong_argon_langevin,2,2.16,0.740094531905
strong_argon_langevin,2,2.19,0.756438834777
strong_argon_langevin,2,2.22,0.74589339082
strong_argon_langevin,2,2.25,0.743506014291
strong_argon_langevin,2,2.28,0.683321555163
strong_argon_langevin,2,2.31,0.681011147534
strong_argon_langevin,2,2.34,0.677055733492
strong_argon_langevin,2,2.37,0.638710779159
strong_argon_langevin,2,2.4,0.649062458515
strong_argon_langevin,2,2.43,0.661684514995
strong_argon_langevin,2,2.46,0.650835270324
strong_argon_langevin,2,2.49,0.703287069859
strong_argon_langevin,2,2.52,0.748978128403
strong_argon_langevin,2,2.55,0.723445189948
strong_argon_langevin,2,2.58,0.724626212571
strong_argon_langevin,2,2.61,0.72837296209
strong_argon_langevin,2,2.64,0.718616929353
strong_argon_langevin,2,2.67,0.696841410882
strong_argon_langevin,2,2.7,0.715428408324
strong_argon_langevin,2,2.73,0.726558377974
strong_argon_langevin,2,2.76,0.730147073543
strong_argon_langevin,2,2.79,0.716619741545
strong_argon_langevin,2,2.82,0.724369261695
strong_argon_langevin,2,2.85,0.704182982123
strong_argon_langevin,2,2.88,0.741811202006
strong_argon_langevin,2,2.91,0.699713622056
strong_argon_langevin,2,2.94,0.706265902063
strong_argon_langevin,2,2.97,0.703563791558
strong_argon_langevin,2,3,0.663182945725
strong_argon_langevin,2,3.03,0.704972870742
strong_argon_langevin,2,3.06,0.722776312911
strong_argon_langevin,2,3.09,0.706804463558
strong_argon_langevin,2,3.12,0.701821316674
strong_argon_langevin,2,3.15,0.700903711017
strong_argon_langevin,2,3.18,0.696653476365
strong_argon_langevin,2,3.21,0.693473059432
strong_argon_langevin,2,3.24,0.760198482917
strong_argon_langevin,2,3.27,0.6862111222
strong_argon_langevin,2,3.3,0.702113955719
strong_argon_langevin,2,3.33,0.698561872013
strong_argon_langevin,2,3.36,0.717770558911
strong_argon_langevin,2,3.39,0.705591751335
strong_argon_langevin,2,3.42,0.718875942544
strong_argon_langevin,2,3.45,0.735698869504
strong_argon_langevin,2,3.48,0.743430814783
strong_argon_langevin,2,3.51,0.747817427303
strong_argon_langevin,2,3.54,0.698563934136
strong_argon_langevin,2,3.57,0.707106757309
strong_argon_langevin,2,3.6,0.730516069148
strong_argon_langevin,2,3.63,0.731207172417
strong_argon_langevin,2,3.66,0.695833564496
strong_argon_langevin,2,3.69,0.691067702439
strong_argon_langevin,2,3.72,0.711701463281
strong_argon_langevin,2,3.75,0.715634506918
strong_argon_langevin,2,3.78,0.682028958787
strong_argon_langevin,2,3.81,0.737733437371
strong_argon_langevin,2,3.84,0.74493595953
strong_argon_langevin,2,3.87,0.735267225398
strong_argon_langevin,2,3.9,0.6675268898
strong_argon_langevin,2,3.93,0.707094300986
strong_argon_langevin,2,3.96,0.731502545814
strong_argon_langevin,2,3.99,0.681987113293
strong_argon_langevin,2,4.02,0.668205340078
strong_argon_langevin,2,4.05,0.694162962388
strong_argon_langevin,2,4.08,0.701296844755
strong_argon_langevin,2,4.11,0.666109321964
strong_argon_langevin,2,4.14,0.67135864272
strong_argon_langevin,2,4.17,0.721105700325
strong_argon_langevin,2,4.2,0.709915692308
strong_argon_langevin,2,4.23,0.71280157648
strong_argon_langevin,2,4.26,0.733798417471
strong_argon_langevin,2,4.29,0.76038229081
strong_argon_langevin,2,4.32,0.748885774106
strong_argon_langevin,2,4.35,0.700392607636
strong_argon_langevin,2,4.38,0.657536072236
strong_argon_langevin,2,4.41,0.693440430302
strong_argon_langevin,2,4.44,0.726994377062
strong_argon_langevin,2,4.47,0.696151615541
strong_argon_langevin,2,4.5,0.717935564016
strong_argon_langevin,2,4.53,0.671299831395
strong_argon_langevin,2,4.56,0.68422173368
strong_argon_langevin,2,4.59,0.661224387416
strong_argon_langevin,2,4.62,0.659604366049
strong_argon_langevin,2,4.65,0.663272052554
strong_argon_langevin,2,4.68,0.66589883099
strong_argon_langevin,2,4.71,0.709606515237
strong_argon_langevin,2,4.74,0.758201316921
strong_argon_langevin,2,4.77,0.769003951822
strong_argon_langevin,2,4.8,0.746328259056
strong_argon_langevin,2,4.83,0.734106634145
strong_argon_langevin,2,4.86,0.748329882775
strong_argon_langevin,2,4.89,0.763595886988
strong_argon_langevin,2,4.92,0.734341261729
strong_argon_langevin,2,4.95,0.765904575834
strong_argon_langevin,2,4.98,0.745350051962
strong_argon_langevin,2,5.01,0.791048792756
strong_argon_langevin,2,5.04,0.743107175194
strong_argon_langevin,2,5.07,0.740753404344
strong_argon_langevin,2,5.1,0.630451669873
strong_argon_langevin,2,5.13,0.654759491128
strong_argon_langevin,2,5.16,0.708175586455
strong_argon_langevin,2,5.19,0.727992797651
strong_argon_langevin,2,5.22,0.67055239463
strong_argon_langevin,2,5.25,0.622393589411
strong_argon_langevin,2,5.28,0.684113850645
strong_argon_langevin,2,5.31,0.695254517764
strong_argon_langevin,2,5.34,0.705934115831
strong_argon_langevin,2,5.37,0.72512179061
strong_argon_langevin,2,5.4,0.705232873951
strong_argon_langevin,2,5.43,0.756382058036
strong_argon_langevin,2,5.46,0.752405837857
strong_argon_langevin,2,5.49,0.734666045651
strong_argon_langevin,2,5.52,0.732865261019
strong_argon_langevin,2,5.55,0.745845858648
strong_argon_langevin,2,5.58,0.744158287435
strong_argon_langevin,2,5.61,0.715159342372
strong_argon_langevin,2,5.64,0.720965848612
strong_argon_langevin,2,5.67,0.69912394957
strong_argon_langevin,2,5.7,0.660941208605
strong_argon_langevin,2,5.73,0.664047784338
strong_argon_langevin,2,5.76,0.663013869487
strong_argon_langevin,2,5.79,0.645035511974
strong_argon_langevin,2,5.82,0.642780783181
strong_argon_langevin,2,5.85,0.656716908373
strong_argon_langevin,2,5.88,0.672976059344
strong_argon_langevin,2,5.91,0.691269444939
strong_argon_langevin,2,5.94,0.676601798308
strong_argon_langevin,2,5.97,0.688820173969
strong_argon_langevin,2,6,0.66622084048
strong_argon_langevin,2,6.03,0.673159847773
strong_argon_langevin,2,6.06,0.694915037018
strong_argon_langevin,2,6.09,0.706884632539
strong_argon_langevin,2,6.12,0.682115403518
strong_argon_langevin,2,6.15,0.725665085664
strong_argon_langevin,2,6.18,0.725013221206
strong_argon_langevin,2,6.21,0.761383562708
strong_argon_langevin,2,6.24,0.710441947022
strong_argon_langevin,2,6.27,0.695664985794
strong_argon_langevin,2,6.3,0.693600570378
strong_argon_langevin,2,6.33,0.69298293965
strong_argon_langevin,2,6.36,0.679693779761
strong_argon_langevin,2,6.39,0.675636672498
strong_argon_langevin,2,6.42,0.681384447954
strong_argon_langevin,2,6.45,0.64924662473
strong_argon_langevin,2,6.48,0.671733784566
strong_argon_langevin,2,6.51,0.684367432922
strong_argon_langevin,2,6.54,0.693342830631
strong_argon_langevin,2,6.57,0.666504620158
strong_argon_langevin,2,6.6,0.693756352123
strong_argon_langevin,2,6.63,0.694919925701
strong_argon_langevin,2,6.66,0.687249850972
strong_argon_langevin,2,6.69,0.690313922349
strong_argon_langevin,2,6.72,0.708954724864
strong_argon_langevin,2,6.75,0.699117259258
strong_argon_langevin,2,6.78,0.711506351909
strong_argon_langevin,2,6.81,0.703685016827
strong_argon_langevin,2,6.84,0.672850705208
strong_argon_langevin,2,6.87,0.649551564691
strong_argon_langevin,2,6.9,0.709487887971
strong_argon_langevin,2,6.93,0.711786677743
strong_argon_langevin,2,6.96,0.7230762577
strong_argon_langevin,2,6.99,0.662528335568
strong_argon_langevin,2,7.02,0.663993115953
strong_argon_langevin,2,7.05,0.686178392545
strong_argon_langevin,2,7.08,0.705159305227
strong_argon_langevin,2,7.11,0.7268722028
strong_argon_langevin,2,7.14,0.711799603701
strong_argon_langevin,2,7.17,0.716071128483
strong_argon_langevin,2,7.2,0.703790718221
strong_argon_langevin,2,7.23,0.708312530297
strong_argon_langevin,2,7.26,0.711411656755
strong_argon_langevin,2,7.29,0.69850395664
strong_argon_langevin,2,7.32,0.697688220217
strong_argon_langevin,2,7.35,0.70685655745
strong_argon_langevin,2,7.38,0.70980136136
strong_argon_langevin,2,7.41,0.704118524422
strong_argon_langevin,2,7.44,0.674553603488
strong_argon_langevin,2,7.47,0.63703421309
