time,weak_langevin_position,weak_langevin_velocity,moderate_langevin_position,moderate_langevin_velocity,strong_langevin_position,strong_langevin_velocity
100,0.640380870309,1.11398084952,0.990526494347,0.0748442883851,0.458283793703,1.53824743744
101,1.53430366592,0.373777421361,1.21212741111,-1.12865197233,1.00168598699,-0.355380505432
102,1.32419174361,-0.651015152513,0.385637007897,-1.13481781608,1.11403217095,0.738763908015
103,0.229426397461,-1.17986956345,-0.218201837277,-0.199495896816,1.03823246271,-0.739737996774
104,-0.643657271127,-0.410138703837,-0.0546716270449,-0.0242933154246,0.749686481213,-1.55474232406
105,-0.51291299076,0.343931687685,-0.858668748587,-0.682237784155,0.247128043294,-0.808020421492
106,-0.217178945289,0.302776811953,-0.667938819911,0.79134194303,-0.1162106768,1.21675457048
107,0.675420746144,1.05399706188,0.857709569784,1.47570612214,0.348807427578,-1.32386903524
108,1.23377314098,-0.3620494521,1.48375075184,-1.18784914379,-0.556496447484,-0.106021854136
109,0.171304025565,-1.41327408398,0.0896846348179,-1.3436266127,-0.0448461683021,1.33647771534
110,-1.07932301689,-0.747786261703,-1.61579212816,-1.27757705549,-0.0901427670762,1.76853599662
111,-1.06494164635,0.718760343171,-1.90596022725,0.87887239499,-0.288341390824,0.265685089599
112,0.0426680286042,1.18213027551,-0.815834261422,1.25518189808,-0.033136128143,0.828134493604
113,1.2399040723,0.914844742391,-1.11819084058,-1.23625211302,-0.0895740781736,1.42236774286
114,1.71846963711,-0.155910150849,-1.09847446281,0.662313375465,0.2797275656,0.286412658824
115,0.616098603234,-1.78789597818,-1.03929514885,-0.412437971166,-0.350248576534,-0.00894577167524
116,-0.950069000611,-0.950762767175,-0.17974956783,1.4571680914,0.00707421646306,-1.34393337549
117,-1.05360911543,0.368695101732,0.151172040877,-1.6572937604,0.250213708677,-1.14636124099
118,-0.260696687803,1.1640094291,-0.738091729676,-0.410485485214,0.0191029787439,-1.26225422023
119,0.264436471291,0.0181467672519,-0.0834154598484,1.61356656028,-0.137774177203,0.211500722228
120,0.269306810769,-0.157152780577,1.05622323013,0.520270772544,0.0923855842203,0.882882185539
121,0.194622900849,0.0642554060757,0.743076720355,-0.103234443727,0.625506334292,-0.782515901316
122,0.374789278237,0.306577622217,0.673275515598,-0.97059391227,1.02022104049,0.873863599648
123,0.572235596515,0.168096690814,0.351305142956,-0.362535005252,1.58067933678,-0.243396271047
124,0.513455941608,-0.445813274167,1.04154192194,0.266179560752,0.669298162018,-1.35986811227
125,-0.422753642714,-0.997109831803,1.46883094945,1.26094003139,1.50976545741,0.630656983134
126,-0.947829038058,-0.181093211086,1.67921463888,-0.651137492307,2.23450407653,0.22251910857
127,-1.24010242412,0.1476040202,0.788763337627,-1.07955010079,2.23906821337,-0.835267525485
128,-0.546261911541,1.11225335042,0.733682779674,0.146610124813,1.55237390047,-0.66108744465
129,0.827248574415,1.3161252786,0.0207170430773,-0.751724592592,1.01871151965,0.850312135566
130,1.61658705403,-0.231007296462,-0.0376970135902,-0.433243474793,0.577206355037,-2.62293680303
131,0.99421478047,-0.797934363955,-0.253065843928,0.135954891705,-0.0582446555987,-0.558952473395
132,0.152536221574,-1.19990543351,-0.324331709976,1.09639218098,-0.773237398697,0.518808075364
133,-1.18658961661,-1.08070848179,0.0803747378898,0.136734129424,-0.849668169249,0.200709436554
134,-1.51096576841,0.454766260501,0.1748144662,-6.19656214827e-05,-0.95944171983,1.37066098584
135,-0.718173572834,1.24987973226,0.656856311781,-0.445236115733,-0.0971928143279,1.12961342182
136,0.395873995343,0.656397874049,0.673670631981,-0.828330288828,0.223357607163,0.16409900439
137,0.567114968592,-0.123899034593,0.971537867453,0.679889715747,0.626221687434,-0.0546571562434
138,-0.0106633328883,-1.00726318435,0.45935654329,-0.301636272785,0.63227171068,1.10058175093
139,-0.639502006717,-0.429584603178,0.524313223458,0.628849796577,0.375036954324,-0.080916903904
140,-0.963512163414,0.243545086145,1.29012260259,0.721021417278,0.171184373775,-0.106685304728
141,-0.103642592834,1.01804167487,1.22200152765,-1.3849103134,0.181504099356,-0.1270152467
142,0.464432017527,-0.0674841483183,1.30784784931,1.027588186,0.474992614577,0.0796935282934
143,0.505829852606,0.401518348297,1.4805835117,-1.61076205085,-0.0685346043141,-0.859373694066
144,0.457055531683,-0.838806836928,0.405647662026,-0.723344910139,-0.519885704424,0.460223653591
145,-0.600174397564,-0.566923349028,0.0777559088511,0.0930460873931,0.469838221665,1.1144929257
146,-0.698457668591,0.334319226728,1.24841659559,1.5729735713,0.046567615898,-1.99006651046
147,0.350068430473,1.25171314765,0.684512118775,-1.69218431942,-0.580410598444,0.940927432284
148,1.3611735404,0.565447071025,-0.861151475447,-1.97008623308,0.0390421970761,1.91364465822
149,0.924747840471,-1.13795992938,-1.48028753342,0.195096139416,0.394966589261,-0.713132277265
150,-0.47039054951,-1.52180609419,-0.726286286955,1.26334699274,1.19971588362,-1.27540003493
151,-1.73850758722,-0.88152014569,-0.181565646243,0.516746450303,0.635140151133,-0.361820839078
152,-1.98390670112,0.431312890325,0.800332372688,1.77454378398,0.990907796275,2.1903022881
153,-0.589105988577,2.09351132725,1.5302478737,0.470271988091,1.35444151218,-0.131792711313
154,1.6837745705,1.57644991464,1.15991683036,-1.42016235312,0.898989983903,0.587921446986
155,2.40930412313,-0.814299022695,-1.22426621883,-1.87765883862,0.0736207953876,-1.31658100361
156,0.642159515724,-2.00102243793,-2.20846017797,0.403060763605,-0.572424909457,0.0755470528433
157,-1.56267960101,-1.89153457209,-1.24232705672,0.356166649662,-0.382111075263,-1.33149477691
158,-2.21483106035,0.677591365647,-1.17013381805,-0.362521055128,0.168538591292,2.70273066325
159,-0.63215220171,2.21624701462,-1.48935501415,-0.677303307097,0.795826275767,-1.21361659546
160,1.70971718008,1.90693409651,-0.78420158095,0.0374344938771,0.66669572082,-1.38575050445
161,2.72861714952,-0.0383074727379,-0.807307383816,-0.700039691016,0.0818966033348,0.329026499874
162,1.5689926314,-2.22615721367,-0.326778121852,1.04775608311,0.159519785146,-0.83399205102
163,-0.698758126379,-1.84412930666,0.409254862901,0.234769881494,0.332107613172,1.19760513578
164,-2.04821566389,-0.34329057544,0.791301949909,0.301226161645,0.476134122884,-0.491942753142
165,-1.19333805734,1.84223184492,-0.413013644631,-1.72600051672,-0.146118645467,-0.00989068853177
166,0.864957573248,1.86805258501,-0.654757651928,0.0654152909583,-0.756605324194,0.272564311914
167,2.26502653249,0.342854907273,0.264795370533,0.324725573629,-0.259943980204,-0.0398693061886
168,1.66196151826,-1.01837886641,1.24057125905,0.0692792847419,-0.739906559949,1.29518785805
169,0.123768850578,-1.65142082747,1.30866050021,-0.0351841250888,-0.127882163547,-0.358578050216
170,-1.11912558694,-0.908742642627,0.931854474186,0.538446489167,-0.875003237039,0.0605682633509
171,-1.31300031398,0.566330555372,0.729547986381,-0.992869861169,-0.623547250925,1.62168281352
172,-0.106831394449,1.53452745833,0.556885094161,0.887331603322,-0.988401287457,0.306478102556
173,1.29706500923,0.703475065177,0.948262119573,-0.00473221523228,-0.807594451798,0.76463841248
174,1.63167821095,-0.458767597715,0.445286036777,-1.5292678212,-0.124685859317,-0.804374598198
175,0.487039352157,-1.51791521562,-1.0562748445,-0.328930558215,-0.0957529573909,-0.390018912343
176,-0.759969923246,-0.927191588114,-0.698083894425,0.118203314383,0.00986662324018,0.766030788503
177,-0.81703721419,0.703475029701,-0.0510088118261,0.540605390921,0.340690767784,-2.5727732392
178,-0.148511558005,0.701541644239,0.521962220825,0.152079023261,-1.08671673288,1.82964823393
179,0.539632982086,0.783236906389,-0.225546601934,-0.138539606368,-1.2000412648,-0.987439262717
180,1.1422811181,0.169352638982,-1.33134816271,-0.214941167688,-0.822240698701,-0.361704230714
181,0.923079897383,-0.662111407251,-1.02613327297,0.487347238472,-0.39234595512,0.376400495283
182,-0.162121979569,-1.5082840618,-1.76815659718,-1.35378090763,0.742289232621,1.10329353158
183,-1.12928494349,-0.338247064492,-2.44473732489,-0.893265597318,1.03757460126,0.0450227622129
184,-0.855760055386,1.03815899169,-2.66760800312,-0.329652089523,1.35823035404,-1.09157714733
185,0.259133094929,1.03838753371,-1.91083287807,1.34237581813,0.710046394856,-1.67652570665
186,1.09060175411,0.57913500185,0.360902460545,1.33614638889,0.270859350308,-1.53740345146
187,1.25589786987,-0.337510147457,1.64044018052,0.61664940374,-1.05204360034,-0.558410393347
188,0.512166884949,-0.86289895376,1.94041208115,-0.623197467699,-0.984086621595,0.0689549554446
189,-0.390648939686,-0.418701368601,-0.064160695628,-3.06270999438,-1.1034625445,0.69176288539
190,-1.17314973624,-0.719563085714,-1.08481451246,0.333939659095,-1.25914369505,-0.679957337551
191,-0.832451513221,0.779271122838,-0.653580792713,0.254935063618,-1.25160528,-1.03194238396
192,0.483697867397,1.12960959746,0.342013482798,0.325528683905,-1.47447692717,0.677882601693
193,1.04094779407,-0.143346097012,1.58130974085,1.16756701864,-0.86407672386,0.737431218812
194,0.37677908358,-1.25178028243,1.80610912686,-0.515480477683,-1.37925432436,0.629326367572
195,-0.636558845105,-1.08489044692,0.389090567132,-1.3699575926,-0.885524773218,-0.884387268593
196,-0.858532293346,0.438748955127,-0.653072334181,0.965598223443,-1.06871235271,1.64294065877
197,-0.735400663755,0.221296720983,0.751613322662,1.94243740793,0.644227259127,0.0853015950584
198,-0.18614112831,0.447241927202,1.08985606747,-1.17972065489,0.681486457475,-0.890229426497
199,0.255460470985,0.359638220432,-0.881538331647,-1.25723621018,1.57983204492,0.533024686617
200,0.450929362392,0.0122063279255,-1.61484412927,-0.0958451908409,1.97988785347,-0.835536206985
201,0.0636933062548,-0.986083762141,-1.17877931617,0.841085532199,1.91859689447,-1.51266257963
202,-0.639643716932,-0.0183167891565,-0.402798138766,0.432053861341,0.711124063357,-1.17833114436
203,-0.294041315996,0.717441492617,0.806146337319,0.303368180295,0.077835985622,0.222195297066
204,0.511724016835,0.788931402611,1.56268281231,0.373804095688,0.511847339163,-0.00155289540032
205,1.00199658013,-0.0537427510629,1.41986145314,-0.79489261528,0.3186900258,-1.19699176289
206,0.339104373185,-0.720990357452,-0.286402759861,-1.93527005215,-0.368825069524,-2.17239334639
207,-0.369434961808,-0.0951318304076,-0.113527167532,0.453464026971,-0.55636226958,2.22145465999
208,-0.0616898160635,0.858621713725,-0.104907169753,-0.306697150179,0.0635136543105,1.88668810874
209,0.611796410356,0.683039561121,-0.308143292833,-1.01227750423,-0.158429084948,-0.43465339689
210,1.05091230868,0.0968342823192,-0.863180136124,0.919663189462,-0.286958152115,-0.265416593906
211,0.644975983038,-0.394340769695,0.114787953649,0.281402865373,-0.179940022863,0.273457724031
212,0.0334460021862,-1.06125639634,-0.111917208858,-0.0615076856441,-0.635612652553,-1.74617406073
213,-1.09969598115,-0.79822561058,0.45958314586,1.0756455129,-1.02293931486,0.517120715343
214,-0.791795591729,1.2091052134,0.953509921594,0.422363254519,-1.73148959407,-0.973960069759
215,0.335293839272,1.41320425844,0.820237108304,0.198689785412,-1.71256038999,-0.269566076797
216,1.43033497035,0.500270657941,0.349413802228,0.346734739618,-1.48213748773,-1.05476877629
217,0.908478024331,-1.21395568963,0.0164141202387,0.28994656336,-0.981797353181,0.219015635891
218,-0.581791769565,-1.85071730493,-0.561743090764,-0.582858773846,-1.50458817825,-1.23237845114
219,-1.78507570152,-0.427987588654,-0.75208444147,1.12951405613,-1.57209674843,0.892981013983
220,-1.64976855926,0.601384386855,0.776278255142,1.65934033386,-1.52635550576,-0.88786463745
221,-0.478137651758,1.44064277059,1.1293853329,-0.984022062734,-0.842200081523,-0.122452882985
222,0.961578725409,0.954208825197,-0.474389813481,-1.28102161056,-1.0594603581,1.20379268619
223,0.802120917166,-1.34459625241,-0.977112275215,1.10391021538,-1.19921688633,-0.387714110932
224,-0.69926198347,-1.3237240061,-0.409574957601,1.58271233964,-0.941011542305,-1.4097172007
225,-1.17457215827,0.0756601562646,1.3554893234,1.84717517302,-0.842927396905,-0.635412915522
226,-0.479238996949,0.939920795363,2.84715200208,-0.171937055228,-0.923084999401,0.548405500913
227,0.580770441254,1.08357421938,0.791632172612,-2.32917471781,-0.594593032869,-0.540959787528
228,1.25381482417,0.231278514883,-0.804277293436,-1.03713074707,-0.704997863073,0.615303817299
229,0.497354593393,-1.78891595039,-0.54921747239,1.40046084281,-1.01989856467,-2.50307173263
230,-1.12234961258,-1.47772990157,-0.188645111529,-0.907459704135,-0.812456537646,-0.171726073302
231,-1.77241592371,0.736038377142,-0.0449761270991,0.0577639943991,-1.21887864178,-1.5239613602
232,-0.394112190074,1.69029674941,0.185917994292,-0.756889342784,-1.55777620688,-0.0887823206165
233,1.19264830532,1.35928477031,-0.267859809893,-0.578127880536,-1.23488593449,0.481378025078
234,1.96469856679,-0.103233265609,0.325191785298,1.22139439612,-0.166641149147,1.10103090928
235,0.593094448847,-1.94570094824,0.755728884747,0.299232686023,0.562545566046,-0.863914881793
236,-1.12865288782,-1.16761600052,1.12428191667,-0.188142170945,0.779927341243,1.25236754027
237,-2.02797188025,-0.486641685906,0.49070405502,-1.16520104291,1.39017788892,0.540944305704
238,-1.59390410437,1.32605529902,-0.432049313242,-0.0423254617142,1.82974793684,-1.14129754007
239,0.112352437501,1.86821833113,0.338406402247,1.3460543571,0.253993738571,0.0608709366231
240,1.35229546525,0.266154870401,0.824583735197,0.829906091352,0.450956452609,-1.89681806107
241,0.982056438424,-0.573710686969,0.767407692084,-1.08957356795,-0.402180668655,0.338680415444
242,0.276092789551,-0.944652088603,-0.837620811985,-2.65262917557,-0.861265172662,-1.28657049143
243,-0.747822205553,-0.906876799835,-2.08645624403,1.04257064944,-1.21102880273,-0.662920830302
244,-0.967385140098,0.331907957693,0.13553750153,2.36163457918,-1.23023850464,0.18836589223
245,-0.117644940904,1.23278352898,2.0961662437,0.869240638967,-1.575841623,-1.68824095643
246,1.09502114188,0.665936621622,1.52858745696,-2.05892559683,-0.222740923279,0.955891498474
247,1.1845419676,-0.707972764655,-1.35885889404,-1.42666718149,-0.163698687245,-0.181086587313
248,-0.164936746838,-1.77935856176,-0.973173054682,1.25676434227,0.402869944429,0.405986372732
249,-1.30687146201,-0.521836806539,-0.506176711847,0.207682792315,-0.25904039846,-0.706529976893
250,-1.40348986549,0.752982062593,-0.987572931383,-0.963337537169,-0.619411974636,-0.097565739337
251,-0.108889923239,1.45861196405,-1.18398070425,0.761613773855,-0.503589806899,-0.858896411012
252,1.04551143777,0.695866001186,-0.259959312963,1.34922818486,-0.384520164037,-2.49153222924
253,1.05173683007,-0.819863105041,0.894546791236,-0.389259278383,-0.398496968198,-0.731803978138
254,-0.151180610969,-1.57825728475,-0.435022896491,-1.65327821052,-0.439107932573,1.07967788275
255,-1.58193531803,-0.943885988255,-0.256986391103,1.95518255487,-0.312523767338,-2.3575925358
256,-1.56730979086,0.979967697558,0.851778929381,1.11635347734,-0.728988560369,-0.445081787997
257,-0.271785478677,2.03821414483,0.885303450685,-1.58756600992,-0.698652174057,-2.18223161502
258,1.88602692783,1.82849824158,-0.689643327911,-0.246201024561,-0.360595719994,0.070421871229
259,2.48332464149,-0.933354923901,-0.723786628064,-0.615177138062,-0.334215083855,0.927397155871
260,0.577345292502,-2.50975916966,-0.45405760037,0.988762802819,0.103907188755,1.11461472532
261,-2.03743770028,-2.0138201931,1.04174226882,1.3561462731,0.461309402274,-0.190275327903
262,-2.4849730475,1.09647505841,1.09842884701,-0.935612938567,0.984606713814,0.24744203798
263,-0.476968742882,2.44827653125,0.495339370414,0.517266533891,0.488512316138,-0.989830691495
264,1.71926356193,1.46100335754,0.148454861018,-1.26654325145,0.674336616877,1.30396645991
265,2.29710079403,-0.919207399864,-0.834091716088,-1.33734326091,1.84778688316,0.637120121795
266,0.0146550257025,-3.11358468983,-1.60835853622,1.01997641356,1.3991549129,-1.25028630938
267,-2.62816293061,-1.45964524604,-0.231910761505,1.48826295712,0.659327299797,-1.35991783945
268,-2.74224918161,1.41100233417,1.74119042513,2.31519585368,0.528651344527,0.684765779924
269,-0.54151964894,2.64825434246,2.66164944128,-0.484545931952,0.822222015539,-0.411877807056
270,2.00316411398,2.03814686789,1.40557556754,-1.28819015565,1.15342299,-0.458724179484
271,3.0266442333,-0.590421954428,0.641524356142,-0.449332609496,0.994605803652,0.896194201922
272,1.33692700487,-2.63972769575,0.412143838119,0.0569867979553,0.691422350225,-0.133986334044
273,-1.03362410144,-1.74867244222,0.195944181487,-1.43484720477,1.61089199735,1.71997289797
274,-1.94379824993,0.0186901294186,-0.69445051966,-0.436215153443,1.60395923333,0.631447575222
275,-0.947757419928,1.40929796479,-0.061459411331,1.52707220167,2.08436302602,2.45112096034
276,0.567268124179,1.28818983289,1.34464770061,0.331848817486,2.00134349344,-0.408822627004
277,1.39391538987,0.119089786243,1.20793634986,-1.44737439517,1.79087409759,-1.11999876033
278,1.04146614267,-0.696702139563,0.0829338194853,-1.69953894088,2.12777542058,0.290363929823
279,0.0377562054908,-1.20538077914,-0.938901252346,-0.0988260245227,2.02571136581,0.348549951376
280,-0.987541163997,-0.625740636129,0.302689127941,1.91452283954,1.16084016355,0.457408835553
281,-1.44007438809,0.00144086577737,0.684601956437,0.383430000955,1.54211022933,-1.66535936506
282,-0.864908806308,0.693625490735,1.53384747707,1.88984064166,0.253322842006,-1.40717585995
283,-0.0390178794215,0.906614908985,1.76084709494,-1.39460051879,-0.480951803549,0.556314253904
284,0.490012083946,-0.0680499224346,0.267289858307,-0.377079790078,0.270547655934,-0.389905370788
285,0.555861484074,0.212059606883,0.0274957173456,-0.206413340165,-0.261976387934,-0.417904438329
286,0.497493640235,-0.59417033567,0.679139526145,0.750561889281,-0.752515958377,0.173449207822
287,-0.285700207519,-0.77026090384,0.643155979196,-1.0574087299,-0.194697358552,0.113606950298
288,-0.843757557401,-0.304711010885,0.16822061725,0.491631843859,-0.41159490185,1.62247343379
289,-0.387953018218,0.720047585403,1.12047506437,0.0644781837713,0.0182711208336,-1.81600407684
290,0.459115839204,0.220963526714,1.32336894323,-1.58897336714,-0.581933062719,1.93485684312
291,0.307244379063,-0.526995267531,1.10437904035,0.925116439465,0.404791583721,-0.374650802008
292,-0.667237790947,-1.04711966477,1.79689471091,0.253669176865,0.710439822034,-2.93063444742
293,-1.35547357915,-0.207738282765,1.03283450903,-0.693344173805,-0.0412888892569,-0.886469690148
294,-1.07830900658,0.679869410973,-0.0188319490367,-1.76210509075,-0.3370278176,-0.27461428877
295,-0.104581431906,1.22837259887,-0.907803714827,0.554018423489,-0.618432250544,0.52127789414
296,0.99968910068,0.498783600559,0.358023722347,1.31714176122,-0.021911420546,0.590510261715
297,0.818685281643,-0.926120968346,1.0131781181,0.85563395152,0.342933569915,-1.51976933169
298,-0.02944893344,-1.30223141969,1.66287312099,0.229912265389,0.648179456415,0.68123933782
299,-1.18332260265,-0.878735539113,1.09558803726,0.201573703574,0.594091360527,-0.940517246856
300,-1.30835265372,0.70468561814,0.508185245265,-1.29887710125,-0.444982910602,0.823877419468
301,-0.0894385382488,1.1534463308,-0.0951065086128,-0.309008374035,-0.690924342169,-1.26430610306
302,0.888767121823,0.300706430536,-0.561075454574,0.271919378581,-1.39778621578,2.22871876476
303,0.881616201849,-0.379749540441,-0.359806850714,0.627784460975,-0.868636979012,-0.128705045093
304,0.211636406475,-0.795353313584,-0.287342358544,0.399793694292,-0.898584835084,1.50538637152
305,-0.0235108220043,0.308088079411,-0.336411096026,0.0139163537808,-0.877491363964,0.356797927839
306,0.0881589134094,-0.180078445877,-1.20218054631,-1.96728884822,-1.14213255396,0.461178754819
307,-0.46310611072,-0.811976983809,-1.45052112897,-1.03276074016,-0.756150562881,0.664408976628
308,-0.885296376645,0.079971407309,-0.651804334975,1.50622316018,-1.36094835485,-1.1389417501
309,-0.38954885683,0.720218068084,-0.232596094548,0.473529021844,-1.04862768154,0.797127092252
310,0.342998099158,0.45838874809,0.320836675294,-0.544463542931,-1.70293819595,0.0731638890442
311,0.725421409334,0.0117147141914,0.296720481428,1.39154860452,-2.31618136373,1.12534168806
312,0.327662663197,-0.469995369504,1.04394383489,-0.325763172146,-2.12169998823,0.123945753283
313,0.134263463524,-0.15343303446,-0.70896947552,-3.57807369925,-2.21092574862,-0.0662086659534
314,0.0901486386117,-0.0802424191221,-1.91331781278,1.10430314192,-1.75220229947,0.834015031591
315,-0.111909418298,-0.442665236498,-0.569342396011,1.29174584099,-0.361275078681,0.777984309505
316,-0.590942637618,-0.262732642801,0.0617465107285,0.745683382181,0.244543796581,0.188427597069
317,-0.733830116049,-0.0451861851328,0.0545496006073,-1.70668263574,0.648674443105,-0.35231782434
318,-0.436781921779,0.209105991597,-0.909541454369,-0.231146183866,0.459213197524,-0.346815690172
319,-0.130012751318,0.187739626349,-0.323396282392,0.764264282053,0.137045906,0.886977789904
320,0.183321697847,0.265928910106,0.433250589343,0.859365471945,-0.231153854993,0.14574372686
321,0.0658431721611,-0.539892371622,0.446974201086,-0.981380743598,0.641630846395,1.71327627313
322,-0.541890335989,-0.371709454939,-0.548175984881,0.283653462647,1.15647518322,0.198071712592
323,-0.121880814398,0.802005200149,-0.47930069679,0.117126507175,1.21317833101,-0.469234244905
324,0.114814540904,-0.209919757999,-0.330943562389,0.546144034955,1.0597156232,1.54172082334
325,-0.113865143936,-0.464702207039,-0.277929304695,0.326958332952,1.45448196047,-0.0144408971377
326,-0.324175777355,0.0221165547327,-0.446956136014,1.12552921407,2.02021759739,-0.741528635941
327,-0.40412536861,0.183355780812,1.08725812994,0.629460231082,1.86960824081,0.0552721070406
328,-0.189730170703,0.27949543605,1.79177522712,0.96408517645,1.81639559055,-1.10173345708
329,-0.0267263388811,-0.0345075023243,1.30074938097,-1.43918076776,0.287407691723,-0.0901875511194
330,-0.225349028009,-0.148457904814,0.0520513351223,-1.17798410374,0.899437375873,0.923932227005
331,-0.0797376098986,0.215475436581,-0.603222024648,0.24242312623,0.381585908491,-0.193455064734
332,-0.155112384575,-0.25212454536,0.299347252142,0.890779759342,0.707672793637,0.697272966475
333,0.103802068626,0.331647252528,0.260332788996,-1.54013065611,0.716343248109,-0.15309774659
334,0.615390358769,0.796698913857,-0.975007582398,-0.862082365951,-0.240046382707,-2.41034569092
335,1.55000813038,0.152791696909,-0.533609792785,1.62730167023,-0.795311742075,-2.55413579332
336,0.620053555351,-1.72463325713,1.31209605228,1.17280316367,-0.475523568451,-0.536116602475
337,-1.13572388319,-1.36326959099,1.38816169583,0.160755909613,0.0350378343254,-0.459569555725
338,-1.6824157659,0.230008841993,0.651448298932,-2.01801449459,-0.0327062935683,0.487314705226
339,-0.311105993937,1.96964362689,-0.62703570616,-0.764542976527,0.125145057291,0.530943649031
340,1.16994458873,1.07322557339,-1.699629088,-0.916752169309,0.26618875802,-0.495638762696
341,1.42238765682,-0.973777558857,-2.27435121867,0.0128184014135,-0.64833902935,-0.441090799973
342,0.0447142541414,-1.66544872789,-0.929282640944,2.3251555327,-1.32185656015,-0.539968192321
343,-1.46482662818,-1.04156197991,1.13736767788,0.711560899223,-0.865386228756,0.654252379216
344,-1.75878146706,0.59659265248,1.83214617823,0.422374271972,-0.691803871407,0.44861434234
345,-0.458416997243,2.17079562952,1.55140576322,-1.45988794064,-0.149806884523,-1.16566073746
346,1.22237413151,1.12872798638,0.414877081983,-0.988684878645,-1.71041979823,-1.37450874962
347,1.43110326506,-0.568601872312,-1.22703278429,-1.54231564352,-1.18000413997,0.373286695397
348,0.144070386558,-1.39678191347,-1.05227219091,1.41433650295,-1.40420968061,-0.890855238021
349,-0.817427979926,-0.42565560381,-0.150463020947,0.265485165495,-2.12429259084,0.0879907132066
350,-0.759896375777,0.540505361864,-0.12527325637,0.0276082410285,-1.77403283652,2.10190985356
351,0.367263560915,1.28374982944,-0.959728405694,-1.73755770393,-0.963608087404,-1.22417171711
352,1.0399496649,0.085425311836,-2.31849250061,0.614335225643,-2.17366285314,0.739424155663
353,0.68061910226,-0.568923613282,-1.56732817062,1.28613770857,-1.70018513538,0.999142964036
354,-0.302524311179,-0.978352318573,-1.33124581843,-0.437971072682,-1.5246318486,0.36452544222
355,-1.15871550469,-0.437619240208,-0.944619790654,0.320234038381,-1.75123038333,-0.13157042324
356,-0.712037158963,1.03684899153,-0.386946065488,0.409440792459,-0.928707648193,0.835536856636
357,0.0450444180926,0.711661676215,0.130068312129,2.01820152956,-0.390738761294,-0.747566722311
358,0.375520540066,0.165133583038,0.573723013374,0.793749733408,-0.681311593264,0.815959916074
359,0.424551488571,-0.0567998331553,0.916742584781,0.176144804224,0.140322470889,0.149095119233
360,0.324170465032,-0.546487895856,0.463825694036,1.38933347177,0.406905325975,-0.785919304669
361,-0.273633114911,-0.0425495108972,-0.635265387006,-1.93320904165,0.324891648603,1.49064040997
362,-0.224668023133,0.37410989083,-2.16105365738,-0.341173476993,0.780319178814,-0.43355721282
363,0.0590752444601,0.37674235075,-1.56521732416,0.127557976825,0.511906827567,-0.640615441554
364,0.367132548271,0.428867603366,-0.28378378195,0.528956677385,-0.252893684769,-0.0879376631901
365,0.496093281096,-0.344374850359,-0.028961598948,-0.348858595012,0.387615026578,2.02609077294
366,-0.335582119057,-0.857505969188,-0.850539469671,-0.322114828693,0.971635787385,0.948860552435
367,-0.961487523384,-0.464305645456,-1.24751409791,-0.259197849515,1.0817956288,-0.965328923329
368,-0.422691343671,1.66815184362,-0.711373733246,1.1566756966,1.59770788371,0.150128970907
369,0.635199328145,0.625728132349,-0.686272611889,0.536520402687,0.690526789438,-1.45557282799
370,1.18162975244,0.229778683794,-0.482613484991,-1.66624219713,-0.340705229917,0.321545010611
371,0.85398016775,-0.417285206991,-0.777154585627,0.794624895463,0.342540059983,0.887998446946
372,-0.250809834546,-1.18054629759,-0.908734998475,0.528157229942,0.682304819158,-1.41914969392
373,-1.2386613873,-0.435090247798,0.0743595853391,3.33793059239,0.68707804317,-1.02209098753
374,-0.742623921294,1.41968205805,2.07914499403,0.438566876768,-0.0252563890422,0.0798384334639
375,0.478883166231,1.03156658855,0.817539198804,-2.02564254026,0.322743732883,0.88015709529
376,1.02150532607,-0.114678596648,-0.0345191958999,-0.0733675102809,0.0563869856002,0.365555775313
377,0.519277036821,-0.929865609613,-0.595033869653,-0.0113821601971,0.63330978373,0.228132035339
378,-0.581397409357,-1.10835777873,-0.192496940197,-0.265974876393,0.412303988104,-1.08622981398
379,-0.931731508228,-0.142855062514,-0.796455460526,-0.298363596561,0.641708673936,0.852394401968
380,-0.87820625106,0.167351643882,-0.960998425668,0.303417197943,0.288118301426,-2.10188440191
381,-0.589099223716,-0.19688554044,0.0430453085284,0.437078126049,-0.310992556428,-0.880832845165
382,-0.580984974706,0.104206597413,0.680675880052,-0.154171524557,-0.0441298292929,-1.0729705301
383,-0.254830346878,0.42317029707,-0.515828742953,-0.305679990541,0.232971709761,0.241591633234
384,0.0156130816204,0.0398074163859,-0.570007952544,0.237061891927,-0.60566035923,-0.329268536087
385,0.181148955354,0.212668249522,-0.620041113936,-0.681682933869,-0.739606073933,0.108374619089
386,0.281378241126,-0.179076527029,-0.164817704084,1.2223770464,-0.726054503216,0.468401165753
387,0.0624616178419,0.243248831049,-0.284725940178,0.170424517405,-1.14709020091,-0.991197245901
388,0.0374130951054,-0.15037356106,0.719646596196,0.599187024853,-0.361527249597,1.32481674735
389,-0.408876163829,-0.301322805195,1.02920285591,-0.730410946788,-0.116151151371,-0.127124086594
390,-0.0145707178009,1.27185972384,0.6239055381,0.444547974665,-0.109258066401,-0.868941065455
391,0.701499731877,0.092997566969,0.942391068783,-0.184769575933,-0.765866763906,-1.59845042538
392,0.374124579127,-0.694954661344,0.312459827146,-0.862508333571,-0.272121658522,0.45399826294
393,-0.315316457514,-0.532960422016,-0.981183145379,-0.696098939759,-0.323489596934,1.36497280361
394,-1.06401302647,-0.392357269506,-0.862657785885,0.378334665519,0.913465642496,-0.838280719811
395,-1.1285901638,0.421627614971,0.197133312556,0.291156929745,0.531681058662,0.704908959695
396,-0.45882343773,1.18606072298,-0.812016994941,-0.648057898565,0.672296630232,-0.241533466067
397,0.608447650396,0.766377603148,-1.13338265978,-0.264561440601,0.573689265518,0.681711893217
398,0.842863776854,-0.464293416044,-1.00933828577,0.320590762544,0.919335995751,0.539992029296
399,-0.0107542361971,-1.02512290197,-0.298693645605,-0.280364417818,0.714052753426,-0.922613446228
400,-1.11740178656,-0.794456123142,-0.341170610562,1.02503167123,0.077452513047,-0.502628043952
401,-1.77168267417,0.146018245798,1.18138597293,0.319074270381,-0.33443509872,0.275079415988
402,-0.92995986031,0.843823878861,0.650452053906,-1.16896002404,-0.810479932603,-1.01500679974
403,0.284220204631,1.29051812776,-0.559345321677,-1.42186758656,-0.182440866074,0.477330195613
404,1.2897441687,0.740036607329,-1.68934296978,-0.260430716363,-0.460711302788,-0.950992427581
405,0.85343087093,-1.4654756288,-0.814903991613,1.31886279431,-0.511829321402,-0.334830974467
406,-0.473862435477,-1.1564407918,0.343905933902,0.915327640677,-0.600035867345,-0.336811044274
407,-1.275767052,-0.53694127549,1.27400787734,0.780661689526,-0.505586988985,0.938844028463
408,-1.27175722468,0.364711273476,1.46039182726,-0.166885895104,-0.195430098264,1.5754828167
409,-0.599625432737,1.28831260382,0.312089962545,-1.34231284882,0.932385106913,0.0747033190532
410,1.11167992498,1.44340665869,-0.795473180773,-0.994815057326,0.242333736061,-1.30041641392
411,1.82157958637,-0.063381678046,-1.844095891,-1.47884452646,-0.524205128442,-0.0888624416727
412,1.2350036156,-0.969607471307,-2.01024879943,1.48161444603,-0.347831288842,1.71509380585
413,-0.0711570346367,-0.969009799352,-0.301244999803,0.742931776108,0.515056306959,0.382208743001
414,-1.0750221833,-0.885557768497,0.0371500146499,0.405251116077,1.0499836069,-1.68998544569
415,-1.45488503745,0.543474292684,0.717841093682,-0.499435161963,0.776068425487,0.368668520601
416,-0.26011472466,1.21910458846,-0.390107682543,-0.950079002797,1.02678035955,1.03818872201
417,1.02168473517,1.4855970381,-0.595717679165,0.719270565894,0.755078584901,0.133822688697
418,1.70805117167,-0.252272113067,-0.471214041624,-1.04924944476,0.574739627536,0.263961877414
419,0.832690748633,-1.38135529156,-1.72428434679,-0.646252848682,0.743060447479,-0.351244597724
420,-0.587534350913,-1.60055096405,-1.25479538783,1.76760687032,0.466414729446,-0.42880862881
421,-1.32537005519,0.016263962431,0.518879554807,0.595837813526,-0.22026361727,-1.34708263613
422,-0.861161095306,0.941256495355,0.213503076961,-1.14741107407,0.138201793619,1.04160474298
423,0.378516394834,1.26203254185,0.000977877532237,-0.49559326729,-0.15216259228,0.718054456187
424,1.01037964868,0.0413474657171,-0.0438734974141,-0.226496976741,0.0907675339568,0.53427298103
425,0.0416002305941,-1.50252913346,0.325505865315,0.408953999583,0.176341246471,0.486364448985
426,-1.05477504945,-0.708928439093,0.649361918676,-0.0695232008416,0.323483573122,-0.0655807934119
427,-0.99769486912,0.827599173077,-0.135514679989,-0.134526319075,0.718177772133,0.447263893941
428,-0.095189000888,1.54883876117,-0.866699943178,-0.725826847204,-0.314185762026,0.141919447635
429,1.32088193108,0.615652755586,-0.595825405339,0.836231911671,-0.383813483979,-1.38255770077
430,0.948033155394,-1.02230861002,-1.08985310621,-0.928902284095,-1.060084264,-0.646146654607
431,-0.418142698687,-1.08523263285,-1.39212080472,-0.609729179745,-1.20085138998,0.272268566717
432,-1.06654806043,0.134806560903,-0.710629417682,1.74872893156,-0.879613199853,-0.0981514686428
433,-0.556724005964,0.655675711075,1.28866470761,1.10014205478,-0.914828529539,-1.11980622156
434,0.16017748061,0.830876994201,0.745322811241,-2.04798168648,-0.212666246183,-0.0819205225619
435,0.686810884109,-0.0333775531534,-1.60626708443,-2.82641320619,-0.84568733771,-0.0498931536739
436,0.384690346818,-0.778153186614,-2.89069282751,-0.675638901848,-0.415220018075,3.57880140853
437,0.0330889457714,-0.0878562454287,-1.55845329482,1.52200484714,-0.345282614347,0.358645679949
438,0.105514192567,0.0207787572936,0.0681996121012,0.803082432083,0.390703567332,1.81620112426
439,-0.344763415127,-0.491260401268,0.551758572348,1.31696980951,0.234204584043,-0.102926213181
440,-0.503514251805,0.0724606945966,1.82888847702,0.851076267073,-0.457347140329,-0.308398130194
441,-0.406100320995,0.111093139367,3.16220046592,1.29584379261,-0.587065549544,-0.953319851052
442,-0.121496935601,0.181830346178,3.07228885295,-0.236407245941,-0.915876969841,0.294085395958
443,0.233190904883,0.812111686644,1.81636236621,-1.49732502546,-0.2971105363,2.20123419206
444,0.970779529723,0.26472545777,0.886185729951,-0.874604694717,-0.349206187229,-0.0283122631426
445,0.626637015311,-1.00620558555,0.511588292654,-0.605840675334,0.0570718563418,1.38159765677
446,-0.277803328157,-0.317120910555,-0.575487435475,-0.119999724774,-0.21568158445,-1.20395342362
447,-0.58599178478,0.0718757431794,-1.23927587327,-0.693010983048,-0.812156972098,1.52278734964
448,-0.0397995955459,0.85790925431,-1.58895611587,0.224981996563,-0.53732018926,0.191064276056
449,0.735369609418,0.789761225666,-0.730536455784,0.92602346253,-0.26370473691,1.24703718924
450,0.850797990675,-0.624633797384,0.218962716542,0.89570249804,0.84355172291,-0.648149925852
451,-0.0369232178092,-0.777499793662,1.35333408898,0.903061748831,0.624016567432,1.22321837082
452,-0.934069901594,-0.814217086799,2.64843435779,1.52775265474,1.53193141397,-0.0882388267339
453,-1.26631036768,0.0364558872697,1.7306424932,-2.1478552354,0.689292914658,-0.191560006512
454,-0.766125958367,0.791047465877,-0.477986595116,-0.0679496063278,1.01577614592,1.60235283238
455,0.108395321359,1.394983373,-0.235547596839,0.220923035161,0.704174480619,-0.931155680719
456,1.66695076968,1.21716480851,-0.125154808966,-0.514609130251,-0.289461588179,-1.03107644711
457,1.9372470656,-0.748398944887,0.0146420796227,0.164391393066,-1.0788736001,0.152936312477
458,0.633195587571,-1.82802759511,0.502427248744,0.686612047986,-1.47682787684,-1.34601145606
459,-1.38356167815,-2.00707083909,0.492333885641,-0.109418803274,-1.27525888773,0.9746302759
460,-2.29774649811,0.304718396649,-0.159905977349,-1.21550210479,-1.39903253108,-0.617335057831
461,-1.29787617132,1.72945959654,-1.74874126534,-0.811348641967,-1.68963229277,-0.568977155902
462,0.536654968173,1.87705423051,-0.732841922558,2.42041566931,-1.57657231021,1.1896677163
463,1.75242751728,0.633740511679,1.10745280482,0.756700802571,-1.54731490008,1.06647703891
464,1.23910502614,-1.20744171165,1.41595221398,0.569731116727,-1.8522474182,0.191412702505
465,-0.418945568804,-1.44891211708,0.469907280938,-1.07896415232,-2.07946994664,1.98725335581
466,-1.38152093446,-0.0774642953773,0.370596686033,-0.14061628108,-1.21681692601,-0.350318999348
467,-0.713076704469,1.33732239873,-0.318905433524,-2.00484631227,-0.682108210979,2.42259644041
468,0.540199008405,1.27533324396,-1.13602208132,-0.675154871136,0.21448322415,1.45534489837
469,1.16758606223,-0.0668748176554,-1.29382948002,-0.455263720213,0.647336373784,0.547280527579
470,0.773264426365,-0.428984944219,-1.33502814976,-0.00863115766669,0.999416111039,-0.593237125302
471,-0.0471442960726,-1.00333631072,-0.89230076576,1.21953758418,0.432985464455,0.372133923485
472,-0.868867454915,-0.761030203333,-0.255793579766,0.716890091961,0.311756331253,1.00331844836
473,-0.930251987125,0.625665323478,0.654868514874,1.98768725889,0.234992590745,-1.3788843218
474,0.109196432722,1.20441053584,2.38839876769,0.622774239837,-0.494730248412,-0.831978161948
475,1.21103061335,0.804704634165,1.51048937077,-0.769595791302,0.0233028894477,0.438834317867
476,1.16545093983,-0.546495022567,0.921930493879,0.106178050248,0.813967566388,0.471563348769
477,0.307196740356,-1.07575045693,0.741526540694,-0.486766591702,1.36738660773,0.9139865995
478,-0.526953552663,-0.410106581578,-0.323465751524,-0.142867039412,1.2376074915,1.3037778849
479,-0.626454230815,0.0805390864715,0.370134599957,1.00470207101,2.20415694087,0.35696538569
480,-0.706848487036,0.211714118294,1.14833464303,-0.0484396882916,2.32572459712,-0.808542435885
481,0.0547361551466,1.04183862718,0.241419318095,-1.03018611399,1.33687950992,-2.27152127538
482,0.806659678344,0.570060523783,-0.290292234627,-0.673379201229,0.717155725583,-2.15155377166
483,0.685605914798,-0.657191496538,-1.01504948468,0.907736160809,0.54310968085,0.229012862825
484,-0.209517034833,-1.11888710914,0.26584047223,0.368438101021,0.116108804226,-1.59276215243
485,-1.3595545752,-1.01845694164,0.602620511287,-0.512340727903,-0.296195097487,0.3159558373
486,-1.48834182201,0.754308053341,0.515977261567,-0.0270119681922,-0.601400527089,0.491334726479
487,-0.302335093285,0.85379756501,1.03239445624,-0.302998841346,-0.308043559945,1.12303472176
488,0.435035377671,0.707190306402,0.0669544550751,-1.02423780373,0.92108813519,1.09219545024
489,1.16609677342,0.801954734917,-0.174877067282,-0.182112693718,1.2045886721,0.125945119745
490,1.42567481413,-0.0819027127493,0.191733918157,0.833674610468,0.591555833345,-3.00810574783
491,0.73515171336,-0.768751793836,1.57768244287,1.19011368906,0.0266193927744,0.139456261431
492,0.17791021725,-0.405827044888,1.2916484449,-1.59362673604,0.274631464853,0.91043581234
493,-0.43539869873,-0.611778098912,0.335146048345,-0.856612195894,1.53206332104,1.53015600589
494,-0.52313149828,-0.0682051753378,0.0743000704267,-0.0138936223265,2.52366928805,-0.890515288553
495,-0.210284415757,0.54368739249,0.841757049597,1.57935098725,1.51012995613,-0.327603528829
496,0.785240587649,0.741474632534,2.14353315013,1.73357066114,2.28616765299,0.662195776491
497,0.927008731051,-0.355291195778,1.93794097236,-1.05694876225,2.30558683615,0.179609437276
498,0.294951014986,-0.75814814623,0.850703183454,-0.171513389704,1.60135484161,-1.47182248433
499,-0.671318465939,-0.555649510036,0.562397372825,-1.31504187782,2.17075198403,-0.809360235083
500,-0.587743068386,0.509180838228,0.279380570896,0.25007153564,2.18101120724,0.837254759157
501,0.197128184629,0.819326085983,0.647373619028,0.648278889821,2.96373193751,-0.36677023901
502,1.00847522048,0.922640834247,0.889283082387,-1.49252951628,2.69627833523,0.845062026558
503,0.864623307251,-1.14397287319,-1.13714794669,0.0336746697837,2.16801731434,-1.16168238698
504,-0.760048421577,-1.31542191733,-0.476076907066,1.67002885622,1.49338522833,0.292215907852
505,-1.88860437797,-0.385173495218,1.39668998745,0.492534713029,1.2042820143,-0.457861283105
506,-1.4717294218,1.35039472054,1.73681654571,-0.982873698476,1.28080171002,1.65339361274
507,0.160959654828,1.86357379665,1.27647803804,-0.91959798894,0.881301552584,-1.0461799056
508,1.52898870536,0.759290710797,0.132789932881,-1.02763135938,1.17961287565,-0.0823570148343
509,0.990407727627,-1.32892163167,-0.171925240788,1.11363581494,1.3090626712,-0.750333876639
510,-0.546461295476,-1.65033821055,0.526583370239,-0.509262485689,1.1485245092,-0.308377356978
511,-1.96296093903,-0.815842486986,0.391685041486,0.0881741061105,0.174721175046,-1.25688404334
512,-1.82585511128,1.038569262,0.690515441268,0.0931822485188,1.06579562108,-0.240372599767
513,-0.218870140625,1.7156002913,0.279191855502,-0.204021865994,0.41974363506,-0.41551570723
514,1.10908993718,0.48269662531,0.0570039128814,-1.13477668424,1.97330519497,1.33631216465
515,1.51129595104,0.00409794595005,-0.106040602579,0.666178290191,1.21928669052,-0.00194599414066
516,0.49730784785,-1.85313305648,1.15974945401,0.0372398382849,0.679631952133,-0.656146165391
517,-1.21033901953,-1.02700148953,0.808297996457,-0.598072809831,0.670854416184,1.26026713892
518,-1.31911637259,0.643073890405,0.188574888585,0.0639871929141,1.39183769009,-0.23460599507
519,0.102363305061,2.04223641216,0.361667444888,-1.29189077832,1.14433310656,0.509775577581
520,1.85441822874,0.751150257929,0.263372941368,1.26110862787,1.67811857547,-0.769318712285
521,1.81520677648,-0.63409689515,0.521603364846,0.337190744391,1.22484664881,0.780787629592
522,0.0252361953677,-2.16717327722,0.0570155304559,-0.373507852603,1.55644869987,-0.417378598152
523,-1.96620827073,-1.02896732987,-0.486694502925,-1.00692500971,1.4962080413,0.532106619653
524,-2.03530163688,0.768134372313,-2.15841060331,-1.17468921562,1.69986868656,1.38818843234
525,-0.862531735246,1.67985211774,-3.13330844624,-0.486861578092,1.14798553311,-2.79981196024
526,0.769945266745,1.52448178979,-2.20111731438,1.55852108014,-0.332489554021,-1.1453284696
527,1.3482187217,-0.536080324467,-0.655507165422,1.14955151976,0.062014996832,-0.0260251413158
528,0.164067462282,-1.36640671591,-0.37727656137,0.105750168661,1.02154230871,1.37499611216
529,-0.905776380774,-0.771742176563,-0.0175504968317,0.153544536381,1.01195283196,-0.866839369824
530,-1.06686231819,0.143435370991,0.748115385604,0.544532889812,2.10620205098,0.502217482203
531,-0.64799000629,0.684446952815,0.282301458383,-0.288093263881,2.20741725689,-0.454611585236
532,0.316119586465,1.02010387418,-0.773083874382,-1.32062615038,2.38918529577,-0.716847236491
533,0.793021676943,0.106238379534,-2.12813731149,-1.26204522579,1.84196216925,-3.1884452256
534,0.129431982966,-0.876398990216,-1.91636987419,1.24994859667,0.505613472498,-1.06829377589
535,-0.742709862327,-0.791668744088,-0.614610692045,1.15948180418,0.495261232458,0.278358475449
536,-1.36002309761,-0.0578585119805,0.630289572278,0.515755623602,0.327274126704,0.999095980042
537,-0.69602651398,1.17191645685,0.479502052603,-0.650660698082,0.799457217746,0.714089021667
538,0.916731391494,1.83535292491,-0.55401874239,-0.232621280949,0.916728690896,-1.30142284228
539,2.54366189385,0.96555986097,-0.719432631556,0.254163860893,0.646195553253,1.12804987491
540,2.25530220375,-1.5863806631,0.559069388952,2.36348819596,1.45838138575,-0.0307558683388
541,-0.334462637578,-2.90154185925,1.32396592256,0.50298270616,0.936316264001,1.85622538244
542,-2.46248739089,-0.950579107955,0.17974692966,-1.17253781163,1.1281629892,-1.12762794529
543,-1.859210172,1.7149658071,-1.07062643181,-1.03571199227,0.653160712303,-2.03464125802
544,0.180291225659,2.2127120416,0.118216990499,1.50874944143,-1.26687155657,-0.602615012795
545,1.69098839184,0.719331641163,0.308828254674,-0.737843900866,-1.43260304475,-1.37332748454
546,1.83506684027,-0.623793390535,-1.68344210404,-2.74614025208,-1.41350133423,1.94255763696
547,0.438410100435,-2.25395876773,-2.18755945266,0.336305553434,-0.453867631017,-1.04147679848
548,-1.35992012535,-1.26234201843,-2.08358087454,-0.799416194144,-0.774273252844,-0.685726351157
549,-1.20749348987,0.924818998799,-1.30208136712,1.25860772561,-0.280211133627,1.12520897243
550,-0.128414209844,1.06092940697,0.677041627757,2.64657749709,0.128760390649,-0.148545438541
551,1.16139496424,0.963297503778,1.96423501581,0.037122445035,-0.104772822253,0.0762908023877
552,1.00581734742,-1.236902673,1.57265371129,-0.486609316729,-0.19049040304,-0.861454312743
553,-0.337815297454,-1.22226815548,0.908080013076,-1.23367359787,-0.747395296906,0.722560260438
554,-1.07201940956,-0.195282747975,-0.937490789541,-1.67939176912,-0.825615540468,0.67162028837
555,-0.934548429779,0.588748438596,-1.19746479843,-0.453206913368,-0.709358307361,-0.317341426942
556,-0.0863279058856,1.40099032426,-0.569342561811,0.205317988458,-0.565019894278,0.687958680718
557,1.28655652716,0.862557953773,0.443759898944,1.21129801323,-0.789110149275,1.52124429552
558,1.43974732753,-0.63309943211,0.526532245461,-0.27617550988,-0.0091790707753,0.185262384437
559,0.133129214198,-1.33762828579,0.313250767542,-0.319743321791,-1.24365563089,-0.133278237853
560,-1.22566162661,-1.1496578214,-0.63233509381,-0.319247794235,-1.26322927798,-0.496376364224
561,-1.43775601335,0.966646347205,-0.934561376685,-1.01935122552,-1.31323274497,-0.349363003561
562,-0.321685537888,1.15405980164,-1.92458843046,-0.889774270338,-1.09780633869,-0.848447328346
563,1.16759820133,1.16146699378,-1.95324218731,1.10078287916,-0.1622513924,1.64238490791
564,1.58324944993,-0.220306738499,0.151760555034,2.11380056516,-0.183249865347,0.17076482545
565,0.930193631277,-1.33900222681,0.343296071303,-0.600880010026,0.0767257187961,-0.75550937071
566,-0.589178360228,-1.4026556224,0.31090586202,0.696431364315,-0.337128026334,-0.580862014626
567,-1.35614570604,0.124057285002,-0.0450400540557,-1.09428074128,-1.53317480324,-0.420828254543
568,-0.813886465111,1.13401229011,-0.372292709393,1.35857290569,-1.12490277289,0.75052144587
569,0.520808337438,1.11976681175,-0.260240071354,-0.289512454804,-0.98048991971,-0.547100373045
570,1.15662521546,0.188642343802,-0.268957032029,0.194154049138,-1.48901650578,-1.71012157077
571,0.554478172108,-1.44006308281,0.1771839722,-1.56166761409,-1.46013288284,-1.16319773734
572,-0.818310005027,-0.9666827994,-0.293314641582,-0.474859337828,-1.1438963877,0.960066950046
573,-1.44974361044,-0.102469618604,-0.642676714801,0.211928647878,-0.322791927893,-0.754262919069
574,-0.823188977051,1.43200565199,-0.908256643426,0.127918211282,-1.0655785066,-1.71540961436
575,0.751656231591,1.20046764816,0.0735050670536,1.66529013417,-0.834607801175,1.89432266408
576,1.84058995619,0.517673652023,0.958995491646,-0.195847940326,-1.25071357172,-0.85575149247
577,1.01079172824,-1.66525176602,0.859471031248,1.15273006408,-1.55376525477,-0.19302768369
578,-0.728710071399,-1.32304604749,1.13716042067,0.135245174718,-0.606317704676,1.6578129602
579,-1.33235775086,0.00651746065318,2.34250342365,0.836163802075,-1.12483534734,-0.337643245883
580,-0.789519369311,1.20700942001,2.3763463,-1.53117733001,-1.84107791372,0.519833869416
581,0.589640631584,1.00457337906,0.328525324265,-2.81100363947,-1.40419881401,1.00821676761
582,1.14816602595,-0.0347134928737,-0.901030875675,-0.233737468566,-1.26508570975,-0.27023701713
583,0.758768563783,-0.749258918165,-0.473756780116,1.28383547191,-1.3625238613,-1.03854291318
584,0.0199815666081,-0.467664586213,1.77892512035,2.74099109552,-1.47145601432,0.453157268132
585,-0.239668765526,-0.252695371467,2.8860894914,-0.504654894125,-1.72969302301,0.307533798673
586,-0.0449550484222,0.701872471793,1.48548343276,-1.79492859083,-1.10447794129,0.565864816443
587,0.628378045134,0.233007535702,-0.0658552085385,-1.64105723021,-1.20242363262,0.393592671126
588,0.456294904698,-0.672005165192,-0.512641129623,0.0382567022354,-0.585621140277,0.708659224293
589,-0.749928816186,-1.30512796647,-1.12778587419,-1.29640015905,-0.528526396687,0.802676181829
590,-1.23151130747,0.341610337801,-1.11506688601,1.1599519068,-0.288166748762,0.354237151854
591,-0.855534575926,0.934026523507,-0.447333992933,1.94658937206,-0.606390149833,0.108547532
592,0.14759580172,1.39028125961,1.37155583074,1.26225829015,-1.13748800513,0.636330892856
593,0.929960242078,0.0530254171674,1.96001466234,-0.855301942988,-1.88465306146,-1.15050451448
594,0.747924845245,-0.465631363211,1.24876565654,0.524106340946,-2.79886642348,0.391648894601
595,-0.24273431264,-1.54263104302,0.474563939706,-1.12736405441,-1.78489779961,-0.127366052286
596,-0.980535831634,0.289525991462,0.4580813091,0.444838600962,-1.49660851223,0.424452208393
597,-0.424728635758,1.06756136026,0.335707382631,-0.552410718809,-1.09559201827,-1.47979820799
598,0.704094839913,1.09045834424,-0.933833906814,-0.906224426821,-0.873121302761,-0.229254723493
599,1.66057371583,1.09980553933,-0.106723935463,0.870884038543,-0.884132250486,-0.319768115772
600,2.14197261971,-0.476633266681,0.157855580741,1.14342303631,-0.526399780824,2.06758196362
601,0.940530741333,-2.08999743447,0.180387967811,-0.438649054596,0.549995216386,0.6932224772
602,-1.46652604339,-1.78166727727,-0.238314088205,-0.564505916496,1.04149909334,1.08246739742
603,-2.23955846387,0.186771734593,-0.178585158172,0.638614189727,0.709559470959,-0.737480224773
604,-0.797350850753,1.79123089333,-0.759715182895,-0.699602860457,0.319879525132,-0.259458428375
605,0.817302475216,1.3040417948,-0.297906503636,0.299057268397,0.362394103852,-0.357913363407
606,1.38590983308,-0.168883296847,0.686474128112,0.485718609328,0.745489910884,0.541099292717
607,1.0620986915,-0.244634577556,1.22016727486,0.584836967528,0.993515463206,-1.24189812592
608,0.510354098957,-0.794401762247,0.0845857158649,-1.79914334923,0.763978183146,-0.753007357351
609,-0.189462691358,-0.433412110489,-0.328193138431,0.00194058269847,-0.169787377754,-1.59404389097
610,-0.494926903765,-0.298910531152,0.668479223473,0.926478284684,-0.330904928731,-0.309056554237
611,-0.754640186825,-0.241857568063,0.549246736948,-0.0848204184856,0.0980560025189,-1.23292604504
612,-0.587611980198,0.742981539265,0.626144174071,-0.503334620098,0.265294169601,-0.155793389413
613,0.407438295354,0.890394346555,-0.215559075522,-1.64986456099,-0.0244736680949,1.99894167978
614,0.754250138288,-0.235989103248,-1.86914067362,-1.0288828038,1.40107859023,1.88387287006
615,0.324645945812,-0.857607848616,-2.61218145917,0.727175624342,1.86313494079,-0.621708209206
616,-0.301004702367,-0.314690895151,-2.2072755022,0.720243917589,1.05904881142,0.316629368739
617,-0.400588091576,0.104793500929,-0.548041750122,1.32300140314,1.58376475839,1.43625069045
618,-0.515665768973,-0.0394308596194,0.624783358496,0.631796146273,1.66619306598,0.925974692586
619,-0.0894067555216,0.918144248307,1.20577068901,0.742075309871,2.39659925262,1.35429417932
620,0.714365440653,1.03768552402,1.42527436277,0.247807608647,2.17056932912,-0.934669783622
621,1.56920413633,0.160452457586,1.24216366502,-0.664714517121,1.14705329805,-0.941437793002
622,1.11135019873,-0.637845233014,0.939109407706,-0.522211813844,1.17171718703,-0.580958476144
623,0.364595173665,-0.730012541532,0.172113658954,-0.579479361525,0.92819096803,-0.597504910963
624,-0.372130865325,-0.774688817492,0.323959394928,1.13361220142,0.807362637422,1.74800562647
625,-1.01365841728,-0.0836510164386,0.180957521426,-0.136366370532,0.776073265991,0.584361835571
626,-0.65973318081,0.899209485731,0.210694615461,0.601360139555,0.858794912737,-2.1476503921
627,0.371550496569,0.647548044658,0.00726442579035,-0.445311659305,0.605022255322,-0.879590544699
628,0.807952982605,0.20308355626,0.489180369039,-0.135583273259,0.499554219027,-0.566392966278
629,0.557568342962,-0.565382675499,0.577602881957,1.10667577606,-0.0943036259446,-0.250461278613
630,-0.501136857312,-1.19606163944,0.981452625066,-1.40061360958,0.132463023919,-0.403179979019
631,-1.48166707815,-0.585515194437,-0.372504920401,-0.605978175973,-0.488398973707,1.41429771333
632,-1.36789558527,0.534073100326,-0.339435337783,-0.992857815504,-0.670535834768,0.273696422013
633,-0.248812951319,1.87722903371,-1.42739838552,-0.808780467952,-0.854178707896,-0.49930170001
634,1.35863277433,1.1571415322,-0.855957538704,1.10819920273,-0.728966313138,1.42143665558
635,1.59753094723,-0.712745162392,-0.404166631179,-0.42264691817,-0.123735334696,-1.0752633399
636,0.202322271196,-1.73842804528,0.123396843982,0.665384976604,-0.26655546147,-1.91280696388
637,-1.57083330787,-1.3841017478,1.09473104657,0.0879653809304,-0.199445859364,-0.0777872737045
638,-1.5867570796,0.943979081459,0.511618790643,-0.961464588314,-0.052171724219,-0.549958102038
639,0.17351110234,2.04673094311,0.324993738147,1.17891797245,0.407290138017,0.219776865117
640,1.54210500366,0.774605927768,0.724083094351,-0.178067920144,0.167274638669,1.03946901757
641,1.19655581478,-1.2608282954,0.159977240664,-0.758742648951,-0.131570727528,0.752804914923
642,0.0411999644653,-1.29017648595,-0.113864436573,0.218642285574,0.169914285795,0.679377621858
643,-0.543573031531,0.179449775147,0.19770748449,1.29616062614,0.0214242389838,0.660051667352
644,-0.0476041406826,0.709006358716,1.97938105205,2.96006221547,0.679089215655,0.499660486361
645,0.674925953679,0.493676370339,2.71513153048,0.0274480761386,0.965011353185,0.916007730689
646,0.411196730976,-0.630745573723,1.69156025812,-0.934306589347,1.19672763994,0.548869205925
647,-0.040814163,-0.642598216931,0.997825230099,-0.652131340716,1.4044646434,0.122308248219
648,-0.0637457533161,0.320032129709,1.12297363352,-0.214869347566,1.82104885915,0.414875889757
649,-0.00667350157951,0.10092454195,1.47441231334,-0.186516242714,0.501125824567,-2.35104184813
650,-0.0113032230799,0.0388575406621,0.796952809674,-0.727708011584,1.06843905742,-0.490426791037
651,-0.184289220685,0.0583845422015,-0.152484520811,-0.13504851766,0.993729960869,0.358911092855
652,-0.33866575369,0.0442524833144,-0.199584218776,-0.0566456865166,0.649562299577,-1.27984058933
653,-0.324977120035,0.216234716669,0.323541027344,0.99007345382,0.533795830572,0.119369246315
654,-0.0201039558882,0.369939853382,0.495685272072,0.283975578533,-0.131967312204,0.183623582955
655,0.315054161315,0.18383920029,1.37366347994,0.0803018496877,-0.637779918984,1.5570295932
656,0.517557171064,-0.2974443477,1.1991234136,-0.695626669078,-0.501080146275,-1.64888687284
657,0.0770132468684,-0.661912672202,0.652181326223,0.544273799494,-1.41563017369,-0.977803818586
658,-0.605764875406,-0.441133790047,0.434062495756,-0.554292081526,-1.72423293778,-0.705591842958
659,-0.768954130046,0.104133736515,0.613941549534,0.850841493192,-1.41298517083,1.05300333727
660,-0.200262359445,0.644902509319,0.670050737923,-0.92992537874,-1.46265386628,-0.899914164456
661,0.443381217196,0.626796083569,0.441411313011,-0.202470414625,-1.00848505951,1.46009178199
662,0.86984381019,0.269885642568,0.330443000338,-0.479470588072,-0.0827079467708,0.914660011783
663,0.564120665624,-0.823766794044,-0.0609526602503,-0.554585344112,0.559936986672,-0.115140817578
664,-0.498247270037,-1.31064412045,-1.04467745524,-0.7547388078,1.09752362385,-1.12271999583
665,-0.918660046981,0.854478170115,-0.930100066628,0.473690956171,0.877940454657,-1.06724072542
666,0.29382205404,1.24178325551,0.0913106906448,2.12784886788,-0.180813118748,-0.195234075323
667,1.06649005856,0.472575365552,0.988684854684,0.260474043528,-0.26665991964,0.473262374876
668,1.06473207507,-0.631181012791,1.30675616931,-0.612058038949,-0.144921299372,0.59295489963
669,-0.0343435202184,-1.04486475128,0.733234033099,-1.18144375763,-0.321116770359,-1.61617763026
670,-1.10409126459,-0.655678543742,0.751503224108,0.741838436526,-0.458348516184,-2.35354356253
671,-0.971486033083,0.578630985387,1.05431480745,0.108717476667,-0.854261108833,0.00429624342594
672,-0.274769674487,1.14357561326,0.493520085024,-0.811752611328,-0.506890218187,1.41760190513
673,0.765699699246,0.906919549911,0.268897960303,0.562143302039,-0.0995472905036,-0.27669531639
674,0.895985663545,-0.555718826632,0.199470294739,0.307796060417,-0.258027837213,1.08200214063
675,-0.0308188362613,-0.93934296789,-0.123517973421,-1.38984527218,-0.570874653551,-1.26063297495
676,-1.17744840805,-0.790310744482,0.283753708099,0.904505447595,-0.459323236255,-0.0381679429744
677,-1.00958636753,0.854544721656,1.32242206302,-0.202268544866,-0.76943113443,-1.19828277958
678,0.071353849865,1.19533383348,-0.561303003355,-1.2163158857,-0.674806463144,-0.0370556977409
679,1.20802467184,0.552497068828,-0.531685269965,-0.281987024754,0.386371331432,1.76356513203
680,1.40097374191,-0.672704265457,-0.440573577203,1.14629800828,0.431225204059,0.435329427999
681,0.197970673198,-1.19001386635,0.0531856501849,-0.961356121636,-0.380246089219,1.10349588958
682,-0.778217333219,-0.502101726316,-0.437219233724,0.505363941297,-0.0500587675694,-1.05555790433
683,-0.42637156424,1.14395669235,-0.987937059651,-0.399918191884,-0.799112050335,-0.901050080738
684,0.364375868025,0.637262851903,-0.538286676579,1.15803265967,0.255199748498,0.391299575102
685,0.710835567868,0.211487779131,-0.136507035725,0.195837055169,0.931106731547,-0.469472818997
686,0.852007360547,-0.523030360238,0.15516620266,-0.205575644319,0.0193185445378,-1.87038236637
687,0.157916142312,-0.301050637042,0.335925876932,0.421939988864,0.458369144791,0.140084774086
688,-0.503686163398,-0.509163234855,1.26581488888,0.510587055757,0.285027667193,-1.43913772369
689,-1.12693708937,-0.738802060728,0.91955780506,-1.8342637524,-0.275938472987,-0.696364577366
690,-0.990135834311,1.14366524704,-0.506023575734,-0.567028019185,-0.244524222732,0.266311792634
691,0.10445682915,1.13784504076,-0.0278212746446,1.44459911169,-0.149752848244,-1.07995387247
692,0.858317338629,0.548328076233,0.339469778107,0.271445742006,-0.283848173079,1.22674762852
693,0.686607690751,-0.843060445663,0.489646363662,-0.202557346614,0.60290355007,1.84097470386
694,0.011530773456,-0.335384097088,-0.342485158645,-0.951552484697,0.584482677314,-0.319251327521
695,-0.269179708076,0.0510030149995,-1.02136549479,-1.01716974469,0.334879316793,0.129081014325
696,-0.0646532486134,0.261500679046,-1.28279053857,0.0948196112736,-0.23328690397,0.93225916131
697,0.0863703269455,-0.0450051664435,-0.229978237733,2.14097822303,-0.0766422910909,-2.02431451834
698,0.0191482731312,0.289046338676,0.0342473108934,-0.18874951625,-1.00950518186,-0.813008486834
699,0.200302085179,-0.134206325123,0.418675523702,-0.721978405338,-1.61344821447,0.36595628511
700,0.0108798657209,-0.0683566970412,-0.306952073555,-0.686742875596,-0.679976741194,0.218550329702
701,0.0491629933604,-0.0865060317225,-0.694803089424,-1.04802652973,-0.610404776114,-0.53557302753
702,-0.372727745864,-0.256700676845,-0.072199125404,0.780444800284,-0.0591832874917,0.0367017498998
703,-0.0403104259422,0.464888639499,-0.329952261126,-1.01518566808,-0.848330512281,0.605044698054
704,0.388562899931,0.151030476264,-1.71600720786,-1.82169058156,-1.0689471157,-0.503971304749
705,0.444970727555,0.100725636378,-1.41136377461,1.14690615937,-1.17293528373,-0.0475330505053
706,0.198489424024,-0.394430730958,-1.53337185406,0.317986121805,-1.46925491974,-0.244766888625
707,-0.590223761261,-0.709327158393,-0.293432503581,1.78801562866,-1.52345262061,-2.16473724987
708,-1.27885111315,-0.267251191622,1.39792890161,0.453475788725,-1.67764702354,0.656265957814
709,-1.05052160496,0.636429717548,1.23957407455,-0.467554247529,-1.74522004967,0.208905567823
710,-0.111370099621,1.07118351365,2.55125488836,0.84677601039,-0.729661387336,1.16570031884
711,0.789574160657,0.87221394757,2.21311976261,-0.8074103146,-0.716814978469,-1.47904174588
712,1.35912907645,0.129901909607,1.52455990821,-0.351993547119,-0.290309075738,1.25078401884
713,0.897803066137,-0.919580489854,0.987433897987,-1.03049637114,-0.032752170634,0.00789169783285
714,-0.0342111773753,-0.453209270582,-0.992666440216,-0.72238139384,-0.474902851022,-2.2678995427
715,-0.429932081798,0.203756799764,-0.892500237671,-0.238625769036,-0.624843030428,0.353513019672
716,-0.202012497416,0.325949292122,-1.31293413246,0.0539366028513,-0.017120489886,2.11426266505
717,0.145120752553,0.110412784561,-0.534884975917,0.588967959789,0.633462641217,0.596754491502
718,-0.135702750253,-0.321904512869,0.0463536216563,1.72161364682,0.454556799052,-1.94816811251
719,-0.729544808383,-0.681673339947,0.0197420452262,-0.554964128641,-0.101179129723,-0.414843568016
720,-0.843068148178,0.459291893629,0.418682509525,1.16799870941,-0.00204618671151,-0.0949149558642
721,0.120155785354,1.54743104164,0.0881791213054,-0.231905955493,0.369798059449,1.12139433186
722,1.13359556636,0.587143766894,-0.221826698133,0.204254657009,0.159340520284,-0.502283076026
723,0.924518796102,-1.01311082001,-0.515916902979,-0.257583095307,-0.463630275053,0.585040757241
724,-0.569374341641,-1.51259106603,-0.190213702727,-0.661613592239,-0.831347748762,-0.856839542172
725,-1.66939303538,-0.535394336117,0.00254346914084,0.237085614796,-1.45040105533,-0.350539673291
726,-0.909856439231,1.75152041723,0.255615202458,0.0185189956633,-1.58934223851,0.857821233871
727,0.669186787671,0.925197567263,-0.384925160592,-1.07424471927,-1.59199898512,1.27083380157
728,0.822743311283,-0.246107042878,-0.925580353704,-0.587707746701,-0.981566719511,-1.19597418567
729,0.302240275282,-0.944818242848,-0.57062077645,1.25458240633,-1.90551104772,-2.81844286383
730,-0.462852807934,-0.873614364741,0.772849211034,1.95528814694,-2.05319626306,2.70150140326
731,-0.976796958308,-0.0116930421926,1.62728863467,-0.801924909744,-1.39333494789,0.41806333202
732,-0.843525621843,0.364280451769,0.0500297108895,-0.879559683068,-1.50420648983,-0.927520541909
733,-0.00247324028597,0.790396920378,-0.7188197307,1.00336871438,-1.71956602011,0.0901785059284
734,0.61738450665,0.495083195859,0.88981121694,0.452301131645,-1.35514171836,-0.155511042265
735,0.670193187882,-0.0228451410207,1.1060014123,0.495991979262,-1.09715162001,0.0429724594571
736,0.678394304664,-0.14299321757,0.531589654176,-0.991744051605,-1.46442727848,0.106256351412
737,0.0363144037346,-1.01861079397,0.600903944752,-0.356077724126,-2.16983173968,-0.398502755104
738,-0.892328850777,-0.355948520325,0.113132844131,-0.198503377571,-2.90666536451,-1.77529693991
739,-0.606052981015,0.799813920795,-0.714038434499,-0.635633593428,-2.08643183409,-0.637335836011
740,0.586730979423,1.57773887542,-0.308478133319,0.925848590324,-2.07364958459,2.18462499542
741,1.21300243902,-0.361312313734,-0.624345127999,0.152235832363,-1.19084395967,0.714749541243
742,0.417772834417,-1.03205788806,-0.0887355699291,0.147546159798,-0.955109582246,1.15454292678
743,-0.401587054421,-0.640100225393,-0.615190526933,-1.65992384197,-0.65694381784,0.421084237837
744,-0.785461350033,0.256575300934,-0.944648605327,0.801504862247,0.304869846133,0.823756779143
745,-0.202598915563,0.791936674725,-0.656110037899,-0.357048704299,-0.168577502698,0.678123612807
746,0.467610517134,0.733541768694,-0.558967263485,1.28135255801,0.297608399966,1.30005996935
747,1.19031302026,0.246681326079,-0.287935924826,1.63175686389,1.35944725087,0.437112379032
748,0.747907627064,-0.635236448968,1.4138173929,1.02560239917,1.93944074629,-0.0486824964325
749,0.244378539726,-1.02261543275,1.5551514178,-0.851001996513,1.80171121007,-0.329483084075
750,-0.912280689115,-0.838805984115,0.676981728811,-0.392747317429,1.55306247499,-0.514148596774
751,-1.1297325008,0.20335860561,-1.04894192084,-3.185722143,0.0926841888208,-1.11590424655
752,-0.869178242711,0.411438225167,-1.97138104713,-0.535804675526,-0.721522024197,0.535654575815
753,0.382697705695,1.69398190083,-1.36748006681,0.354975600624,0.182489301891,1.90553202798
754,1.29305360082,0.168437409318,-0.307935629863,0.687673506896,0.112303155092,0.336450985832
755,0.853682149993,-1.19870402095,-0.673290056266,0.200144335062,0.381340763309,-0.0139634365161
756,-0.686080209166,-1.31615198845,-0.0858884018783,0.576839831011,0.91761696395,-0.189152995105
757,-1.33382300756,-0.288489646407,-0.626524276746,-1.88692928744,0.445209050681,-0.618439952848
758,-0.831985397402,0.93521641106,-0.874621747589,1.33864809538,0.316617631544,0.261821670478
759,0.0301115632236,0.708080126565,-0.641321579076,-0.404093892595,1.43681347816,0.286372444994
760,0.227397493082,0.0634205446953,-0.790360038596,0.437268480192,2.03584242365,0.120234547694
761,0.225805751123,-0.112356217194,0.125805496316,0.877177620281,1.98895106801,-0.231884870136
762,-0.0273104865343,-0.416538473608,0.195217859695,-0.345276336642,1.25466558274,0.0766131776484
763,-0.466943675236,-0.552557399078,-0.00286528789503,0.1226474432,1.91350327102,0.182961025088
764,-0.594608439703,0.394068296036,-1.17675287066,-0.866135212342,2.30118851502,-0.944012156111
765,-0.0390954158943,0.82380092667,-0.507549687518,1.88397730728,1.85604474978,-0.322779955633
766,0.414284319939,0.15307146496,0.936328063033,2.16656221671,0.380140392166,-1.58265490582
767,0.00975187258899,-1.09359758998,1.12225785755,-0.653319753379,-0.36403719261,0.53269843569
768,-0.719698024187,-0.374198133261,0.719395611884,0.022470047858,-0.492869990205,0.145927179924
769,-0.567252195391,0.840147442813,-0.101311147709,-0.534448389147,0.136464450045,-0.481793804588
770,0.409493826453,0.591343199856,-0.634249280292,-0.224015031824,-0.108764619173,0.0481096239836
771,1.387247848,0.373161931489,-0.00949613479875,1.7796634655,-0.438984810362,-0.57978779947
772,0.735807188524,-1.53211413869,2.17284468909,1.45537826809,-1.71683451814,-0.419206816102
773,-0.7798180245,-1.36471907406,2.84446542227,0.379213248638,-1.58903214702,0.656822201256
774,-1.65718958691,-0.36385246877,2.56643840934,-1.74027082068,-1.3823789579,-0.176317860877
775,-1.12199826718,1.3587588091,1.16859356272,-0.98160982089,-0.270697847246,1.28238715481
776,0.352105313495,1.57295967119,-0.128636422563,-1.50965221313,-0.920576948345,-0.608198832411
777,1.031793487,-0.279846676917,-1.50329170412,-1.19688303742,-0.812099824619,0.691744196019
778,0.429021215401,-0.905770569996,-1.57308905965,-0.13323564538,-0.848332018668,-0.321255788889
779,-0.753231591876,-1.0846791835,-1.30803139095,0.0760546877199,-0.00682765737451,-1.4442495195
780,-1.29411862369,0.0727484773326,-1.32733422987,0.418612675609,-0.132090887382,-0.867708550579
781,-0.342487010908,1.68001476335,-1.20328093145,0.0541472146796,0.264153060735,0.439897233294
782,0.855288551826,0.828067867082,-0.908732612343,-0.0636473129317,-0.271816692292,-1.01321915154
783,1.27883288813,-0.369884732837,-0.701809319159,0.492683343466,0.161042359804,-0.793908778326
784,0.18445349227,-1.46958025311,-0.400954421644,-0.0527090896263,0.755652793605,-0.568500686845
785,-1.21994870577,-0.902381574514,0.238485046321,-0.294909661025,0.902361185651,1.26652214759
786,-1.38611734339,0.687445048673,-0.667273264923,-0.923604306917,0.958667513388,0.893540766474
787,-0.591368249388,0.907752594343,-1.86243158693,-0.572466950497,2.07342725183,0.0751838069685
788,0.712303014215,1.77832253764,-1.39712897599,0.63084399869,1.29950731557,0.6625097874
789,1.88247041528,0.192108868965,-1.23979506195,0.943236146362,0.966371417792,0.073683813259
790,1.12208385844,-1.47922989864,0.0292377611338,1.57955393655,0.0339705740381,-0.543100247181
791,-0.608884452929,-1.94240379051,1.2038624826,1.39136890047,0.286794809013,-0.908568069194
792,-1.66291097836,-0.50962887897,0.628423911848,-1.56533188392,0.0854196703653,-0.26951302576
793,-1.65408728124,0.548938905158,0.0338841367254,0.259634533791,0.24490149128,-0.72477812977
794,-0.416124436853,1.44220801787,-0.249497913794,-0.0265731875816,-0.660171563586,-1.35783913315
795,1.29277982586,1.55751242208,0.745222678862,0.505723010883,-0.326449702766,1.13053856373
796,1.80977849289,-0.2440783472,0.18875102102,-1.71867009415,-0.184970009488,0.33630944109
797,0.78251493167,-1.64592536758,-1.16914012524,-0.799459523739,-0.138018874366,-1.29068364335
798,-0.865641325404,-0.792127465856,-2.2521089269,-0.404382866356,-1.22063976476,-0.711296768046
799,-1.51856037084,-0.296254624928,-2.42318159437,-0.418113677244,-0.948247971749,-0.0833024934825
