good_overlap_forward_work,good_overlap_reverse_work,marginal_overlap_forward_work,marginal_overlap_reverse_work,poor_overlap_forward_work,poor_overlap_reverse_work
0.429934309262,-0.377143385464,2.65583388062,0.422850091062,5.98878367476,6.46305704393
1.22680424208,-1.22891935785,1.09806587429,0.466580680046,7.89106636768,7.36172413478
0.832339908726,-0.123661825793,0.437237871972,-0.545149524559,0.660928436451,7.89363148564
1.11289979037,-0.708777426471,1.36944243749,-0.167894946542,8.74502475924,5.441837341
0.926542968271,-0.388550037301,-0.213774773275,0.409713831028,1.42791442129,5.42651548313
1.2795131285,-0.190214577704,3.14914046341,4.05021159958,4.96451256091,-1.74445741398
1.21255441262,-1.09992591655,-0.66277535596,-0.530654600755,7.24265842391,2.4715642348
1.00062843358,-1.21964514354,1.64448052054,-3.13926415027,4.40109835984,1.96070800785
0.580430470734,-1.13440024937,0.973822067045,1.21758371206,4.07350389144,2.6287749527
1.07462911727,0.166156479122,-0.128771835798,1.14190133628,11.424556666,6.6186208644
0.633176844382,-0.202576988181,1.0386968563,1.40651062348,4.07052955735,10.2697733667
0.472365394743,-0.464674454444,1.57631594914,-1.42312590475,7.35778910771,6.71160851316
2.03005695398,-1.03798262453,0.314890820844,1.28048019976,5.54579164327,-0.0790545820502
0.97393274896,-1.05283983369,6.05086479031,0.590495111663,3.25442780867,8.08950678373
0.325521502277,-1.16948764698,0.843524404441,0.298072471424,0.688067069717,7.89124730129
0.855196161527,-0.741147253035,0.156813898759,2.66854086396,9.25911624102,0.492081344796
1.07325182759,-0.504915711887,0.237576494634,3.34191809675,4.87974554269,1.95703153146
1.75909857551,-1.02236888298,1.59416400335,2.08311699118,1.77042211397,7.02872281811
1.82849009986,-1.44900001542,2.16752536464,0.417968887991,3.90233552429,1.49631947501
1.02253106539,-1.094322512,1.21344385501,-0.294706089725,4.714853272,2.12381255867
1.27756030668,-0.96780221884,0.186135514894,0.332335400721,4.77521968311,6.17248571045
1.06021330368,-0.775641550803,2.00491919665,1.19121890115,6.44721674773,1.11366280036
0.879620259077,-1.33265287618,2.91050395493,-0.471951484655,4.40422140619,7.65517575968
1.2379428498,-1.48748421014,2.58691777575,0.413784673833,4.5793961807,1.06265866501
1.31966132344,-0.52651958673,-0.540239909302,-1.1120918372,8.85427255203,3.53211757989
1.15193746514,-1.14792207626,4.24507869978,-0.620645522442,6.76858753504,8.1001931645
1.48930364319,-0.126421357274,-0.718503261434,2.03371841717,10.2437246859,6.07088681616
0.564393347923,0.136789546696,2.53244708912,1.29523856723,4.62501362052,4.31323196175
1.04928829446,-0.0374017443514,4.97024472106,-1.09346327951,4.74661161715,-0.432555015712
1.28159647003,-2.01457952367,0.315864893505,-1.80503114644,7.4751069441,3.2090218103
0.61781297634,-0.79311131689,0.915821909261,1.04128779377,9.00004795692,6.4506228377
1.48388231473,-0.488220865054,4.78747132053,6.15692981709e-05,6.83853584291,-0.477409479984
1.09650637853,-0.0599263378818,1.82049191336,-0.417357493418,3.64543632841,8.71274674156
2.24687234365,-0.82767118782,1.4207635219,2.77754494159,4.18082488734,2.08525550393
0.726383925239,-0.356233414501,1.67659016496,-1.96941683133,2.96578687446,2.39697087263
0.161858222471,-0.655947994423,1.05656909254,0.780994919068,0.794671017294,0.162578535148
1.23772750765,-0.220784110758,2.65838908727,2.62235767878,6.02109674061,2.43247762337
0.15240259133,-0.398047176589,4.48140192953,1.57884262558,5.17904664794,2.04735250989
1.48613987243,-0.741524366653,4.37455418932,0.451634707336,4.41343175632,1.04460132789
0.690249750268,-1.38349947462,1.68999350285,3.00795026306,6.25450496639,2.17005778692
0.866199835702,-0.16319613756,2.89661690059,-1.41060426848,8.98970150788,0.811080975051
1.24746118014,-0.263831093887,2.10532470256,1.41989152377,3.55513315084,4.90388239247
1.39234534245,-0.830380822679,2.06431358243,1.70272623464,2.50763968757,3.35847156177
0.694906730875,-0.656266771597,3.09219411692,0.749576578963,7.9248121752,2.62553009655
1.53799229904,-1.15249134888,3.26824701212,0.637380351617,4.16919996328,7.09177888706
0.434883372164,-0.182555582338,1.72165639965,1.17099027219,7.12187930231,1.14779701413
0.799940163354,-0.84658800931,2.54335203624,-0.0562793329531,7.32401531549,9.84701904137
0.675455115355,-1.40481174588,2.88102230927,1.16670275396,8.56674728941,3.64774846086
0.8612204279,-0.152179481265,1.77352894091,3.39687165905,2.78785522365,5.4177723531
1.71509270391,-0.333609806212,1.75792766788,2.77158823684,8.55811706765,1.23848803678
1.7131343786,-0.954298795884,6.6710480494,0.734539362717,3.95123194632,6.48373987721
0.78090797288,-0.964838723629,2.25085677966,-1.44011651238,2.11084683254,2.90785560698
1.74430481442,-0.0092761368707,2.74601585648,-1.30843960834,6.03822147403,4.4956463532
0.789171394382,-0.373301993534,4.30185435321,0.234022060051,12.8341049995,2.64041572542
0.276638689374,0.0360208670068,3.33097081666,1.47577540872,5.70554881694,5.89758424912
0.75247736711,-0.00517415826307,0.543692576942,3.78682021142,4.39348060633,7.03615739184
0.97720184454,-1.88272537044,0.779989622871,-0.58115775369,4.86668055044,7.13805416098
0.868234770529,-1.1329603621,3.45257606633,2.20540885737,2.78526173155,2.7451102826
0.471255848714,-0.978862521591,2.09319583259,0.687892677983,1.45610847242,4.66709980655
1.08916241616,-0.767236285246,1.57143573033,1.14899063225,2.90292442858,0.871777364989
0.527505220354,-0.427133060495,3.79770272593,-1.54940519188,5.98446418115,7.59795826016
1.20233596452,-0.376693168093,-0.00951181903325,0.488384963825,9.17204348304,2.91392359387
0.984692508036,-0.481775482657,2.39558022903,2.11491053108,0.923682460081,3.49946691611
1.30545340575,-0.382366947485,2.94761187997,2.3707729311,3.89041009469,2.23674905773
1.13269239576,-0.893238284268,3.02530932001,0.877471000673,-1.18482594979,1.41004154007
0.892503903448,-0.538657601822,3.09400610431,0.529087179567,-3.71530554234,9.51675658072
0.548498415067,-1.00058415365,4.24014239387,0.487021099407,4.51731503402,2.55672924309
0.369789897203,-0.945068635873,-0.54626304451,-1.34049260782,0.05756629495,5.20839553236
1.2818047041,-0.853151782788,-0.202537657961,0.948009338814,5.50372272537,7.07965155074
1.07628858074,-0.397148139294,-0.231265836218,-3.55542692382,6.3140109221,4.1203023802
1.86786774274,-1.46110653937,0.779159693497,-1.29698297781,2.5893793335,6.74195269152
1.41191269942,-0.331151194479,0.613119028284,1.26538850071,1.17228297917,4.89844388792
0.79885220697,-0.817505838336,-1.5299414874,0.40307898361,6.40111891857,9.33643140296
1.58434942709,-1.46406137134,3.92884727735,2.03946560722,6.85264003449,3.82778316568
1.85973932512,-0.744060389749,4.20178478169,1.09540688212,7.29855703559,5.83735254768
1.36973075688,-1.04105385769,3.3431802731,-0.421173418369,5.47411181402,5.29294439204
1.06610042931,-0.845790119675,2.23280277366,-0.800484192284,5.23722381445,1.52966380685
1.03714425561,-0.423824873602,-0.194627585797,-1.96799455767,4.38456934588,2.1104752791
0.584290857942,0.0406465915852,1.52266351717,0.186451163341,3.61021406365,5.2935214984
1.11471247528,-1.8842755349,2.37550963714,1.0836819862,5.36208009337,1.42867251462
0.466475162755,-0.742186607548,0.0931988055544,2.51296468377,2.07881405224,-0.910839975499
0.894342374628,-0.197623794785,2.51658054642,0.368818741333,5.79790998778,2.46867519242
1.48289660246,-0.0695178430053,1.42181060426,0.65959464945,-1.4433756755,3.79960198923
1.22178529536,0.690077087792,5.59605758312,1.5041629056,3.84260220594,8.65593541063
0.416350790051,-0.29929528121,1.09142784547,-1.23070364438,5.92235146559,1.4335587781
1.09268867702,0.028412957403,1.46916762263,-1.24213317609,11.2039768108,1.94704421714
0.382200123116,-0.393191826294,0.190693918397,0.33481064409,5.26157200431,2.21572962562
0.762228251231,-0.869106217758,1.75704328203,-0.531264934427,3.50738934043,1.50757328261
0.929640325714,-0.465869879067,3.71682433632,1.0013541496,5.52776324299,9.29347990718
0.930200920279,-0.765277242876,0.263008369318,-0.309848526531,3.74734619808,4.17681923643
0.295982141488,-0.948377923974,2.94511941449,-0.0917778241966,5.43811694962,3.22352789608
1.50318373922,-0.414864120406,4.25262885536,0.280129817754,6.67495096764,2.25877196399
1.4141025629,-0.613875024443,1.62878712327,1.73568194526,6.75413024437,2.53890057161
1.60931442994,-1.40056927292,1.94248694761,2.70948224755,0.157246595159,0.0936943847677
1.29305023071,0.59321344888,-1.17779896814,1.12450045947,6.19752197235,0.312573588409
1.11600843895,-1.13288885564,-1.35308851867,3.40006580653,4.73077475681,5.75597078095
1.28166300339,0.0901593590813,1.79572134696,-0.544350679698,7.33071643887,2.36170320303
0.97441223282,-1.05968057162,5.97413166251,-4.58404936165,6.17507703177,4.11824471892
0.547659397887,-0.203447805932,5.30325840306,1.40943687435,4.34655928362,6.65478545744
0.622055668086,-0.869463622223,1.86785027789,0.462614077325,1.00784148979,2.11156026197
0.00919179504285,-1.60601721444,0.859506596873,0.0379018647446,5.92386031252,6.92092739714
0.483129001627,-0.422402449406,3.14600689059,2.25118187499,7.02221609262,4.74629260491
1.11257162519,-1.05797309379,3.00388590746,-0.968560308791,3.05420824796,0.0838142988909
0.208274617803,-1.06804614348,2.09404811933,0.809652930372,9.54504427827,5.26616060682
-0.122126448237,0.209816077826,1.95729959349,2.22790544069,6.05516624645,4.60290260679
1.50523099761,-0.995740582932,1.41412948662,-0.135432337428,6.41046371154,3.65327254019
1.0741893204,-0.59107805658,-0.309560064292,0.315391271572,4.89608167415,4.15806126294
1.14271162967,-1.54986867921,3.47981737432,-0.677187446759,-0.00985862659329,-0.521944678168
1.25178069712,-1.11083180459,3.106199391,-0.861674263837,5.55742915509,5.10873784815
1.32237503523,-1.35315117957,0.949134205563,0.939758769245,5.13149708535,-0.470719219244
1.24226281467,-0.9363665192,3.23472762382,0.844239927994,9.63167155878,0.127293221462
0.496791179872,-1.16227365994,1.18784326676,0.886031799349,2.25405187595,0.47822835116
1.37274169959,-1.556233017,-0.970428300421,-2.36028906201,7.9149862074,6.72966898106
1.02942683385,-1.76104661424,3.19262570237,1.65311031151,3.27544935156,0.539863450966
1.37561998789,-1.23385753744,2.29295978048,1.36647849984,2.26164541949,6.38351557781
1.2639722609,1.0116897693,1.85789632989,0.779703823461,7.44990202447,3.45930289527
1.11876854227,-0.501918049226,0.945570863639,-1.94932409534,5.53963153363,-1.18463204529
1.57999382741,-0.46377819132,2.87223681119,0.541253898096,5.72224216841,6.79249501304
0.845393650327,-0.502670677472,1.53967784644,-0.552553813723,5.57843266376,1.12273230095
0.334177965153,-0.594435637069,1.34198640206,3.38389442407,6.48506271887,4.39762837261
0.980323745615,-1.13564900329,3.67480466855,2.42418738712,9.4681339083,1.28364507403
1.19440268462,-0.984484769479,-0.349045775074,-1.23908594959,3.12258159704,12.2043462372
0.541007391138,-2.22530834106,0.925463756611,1.0984897536,2.92750647427,-1.24948360369
0.133298438036,-0.632118410253,-1.4909180207,2.25837985006,2.42818002911,4.9448775847
1.7219059545,-0.745858843282,-0.601647128939,0.597549880804,6.49150261089,1.2596701919
1.19280003214,-1.36680155321,3.00221902381,2.45135666782,7.17211944171,5.49038805688
0.277839424596,-1.0701696009,2.44235118902,0.696907418556,3.44361243079,4.3466114114
1.83303959156,-0.317216791378,1.13418161222,-0.891423637221,2.87774605431,5.23090396787
1.21393606061,-1.7322899246,3.98039691701,-1.52375076072,1.20172217934,9.5326214454
1.51816723793,-0.403686211356,3.74633873756,-2.58492135031,9.73794316113,5.53819640492
0.309294021637,0.0130603138244,2.02369766185,-0.995997930761,5.84164521362,5.08208783294
0.481534787853,-1.10486719975,1.8517592405,0.0976539678443,2.61950432943,-0.346937970898
1.08521995128,-0.693981764899,-0.39560231509,-1.1320253841,7.71382762182,6.07464454487
-0.25307290435,-0.846945573596,3.43793570525,-0.860612261097,1.94088245097,6.2340320871
0.735039058769,-0.871979902935,1.6117213633,0.139993638799,4.49874307073,2.51570060004
0.508183623602,-1.24851364474,2.58468712148,2.07649508465,10.6165826297,4.1524897478
0.719563497169,-0.825197246305,2.78887575302,1.31802746156,8.23348973211,7.52421907512
0.718824581858,0.163732978299,2.64389753764,-0.794508449331,4.55354652997,3.4131045172
1.49893860497,-0.428969277813,2.2370994404,3.48075995587,8.11342741643,6.52017344934
1.05366121676,-0.830221242767,3.21423234112,0.814503368588,11.6902327406,4.49527189805
0.807612178912,-0.704589496334,3.66870748559,0.0357624733045,1.04079652144,-1.56217664151
0.95608728498,-1.54560370613,-0.502729517574,-1.41412421216,2.84395438131,0.334578506449
0.445825697651,-1.33910688484,3.08558331205,-1.00642492632,8.93447492654,4.13685488517
1.45289062056,-0.707907406066,1.97883644478,0.643663404282,-0.203343054289,7.05101996412
1.18442724489,-0.443660039029,3.95254942943,1.92604275676,4.93895863237,2.29822320374
1.13200815892,-0.427443173976,-1.1470127443,0.1601676256,8.56626506303,-2.87715148452
1.03393376247,-1.15565033662,-0.146740136714,0.825871222298,6.11916569799,4.12390063857
1.32024252976,-1.22166443744,0.297325690232,-2.09212313545,6.01456621509,10.363186677
1.16428125684,-1.4257402378,0.546725489915,0.864175972025,4.48244546948,4.83965300775
0.624071580377,-0.097282753344,0.531350884419,1.52507235144,5.85612326718,8.91789837704
1.07973589609,-0.423057530943,1.42494065927,1.05801235642,8.41687873594,7.59446745304
0.938588459083,-0.944751765361,-0.505668148002,-0.535330793142,5.68842189865,1.03861462266
1.57921023835,-0.740744816705,2.80147561376,-1.4978285342,2.03675594044,4.64082021917
1.54644303917,-0.465131963604,-0.242241093257,-1.45304868385,1.6147702125,2.92582290677
1.27623420653,-0.409681029804,2.6939512317,-0.100208600926,7.24987410027,4.15010313446
1.07163121298,-0.127181796053,-0.0991566984503,-1.68374577159,3.29545076436,6.33366137971
0.400787124804,-0.938144110437,4.223747681,-0.74098906312,4.06056813464,5.40814633826
1.43601475065,-0.49331922396,1.85063096143,0.277406399472,6.10960976474,2.71031254284
1.00425309707,1.03683613346,1.51095022975,1.38378757279,5.19124372706,-0.879430862311
1.16018595899,-0.693198373098,1.27595806394,-1.15093215513,4.57107116274,6.34540287641
1.92520846016,-1.72674760038,3.77715133444,0.230200996022,6.98113556154,3.97308785649
1.45334411497,-0.373111772015,4.16066284471,-0.354455346536,7.70175149249,5.63979290134
0.518006470536,-0.581653590004,-0.497265331244,0.250652711478,3.17091452004,7.02190923942
0.427126854356,-0.0719915047816,3.74610977303,0.191516112041,4.72089248699,5.29647289595
2.0234070768,-0.882927861637,3.21245239587,0.0724784822385,0.837874360237,3.68431788882
1.26391972444,-0.561575137979,1.85389438479,1.3272796732,1.81080614785,-0.972826714021
1.09850769308,0.113011311877,2.39746631102,3.94026681443,6.53962118411,5.46799024558
1.08988695866,-0.686930304656,4.1824702453,-1.0091908081,4.88286892149,7.06178289687
1.09377117485,-0.195025679675,1.68415605635,1.11707776065,3.28496068402,1.9624963204
1.49927919291,-0.917582408748,4.96263134962,-0.474410750003,6.83620392532,3.67081768747
1.32458911492,-1.19339519592,1.8646870558,0.419783310013,8.23657702516,7.87258400879
1.2518517013,-0.719470919965,1.24969243477,1.02221815222,6.89836981361,0.627131396482
1.07661172519,-1.00680152196,2.59166544559,-3.22948195524,4.58255686721,3.6458326715
1.11988701644,-0.355104616117,-1.80605853106,-2.33748518039,3.97320153173,8.33806683815
1.15435715293,0.0852164241815,2.47889937674,0.326350338274,7.15581821246,5.7756972003
0.810168259629,-0.771473729977,2.72423642971,1.25677152273,5.48702513587,3.3887840556
0.895365630056,-0.826198326792,1.70661811749,-0.225433774309,5.23841691357,4.40940563292
0.494151172315,-0.351301760154,1.67667835381,1.95148008453,5.49296125997,2.53983434112
1.31198315763,-0.444890500788,2.41032760095,-1.76115749174,8.30281613709,6.2912071159
1.13213625485,-0.714807833363,3.00676784766,2.78552957664,6.63355132257,-2.54088826315
1.83286634091,0.112229949897,0.774310613891,1.68905241614,1.95264050944,4.74603428968
-0.103203906089,0.591134035989,1.95532753541,0.82822186344,1.87173700284,2.2349083545
1.24476518393,-0.0313875585542,0.589447628059,0.0147963587152,0.255965937485,5.60250920808
0.648243305351,-0.460157109686,2.70719811486,3.06175349212,3.81047720491,1.31477350555
1.14508664669,-1.13110324166,0.0477253207533,0.455741260637,8.47454483746,4.82529138291
0.90061487138,-1.00588729802,1.36932208924,-1.85640108752,3.70763661381,1.20299224299
0.953084849518,-0.54187855812,2.0377646967,-3.1473642997,5.79583240474,2.43038431256
0.435414839022,0.169114406616,3.26637622374,-1.34442358795,1.77149762462,3.20536693165
0.276931333339,-0.347790022499,0.688939395171,2.77804481082,9.94199214779,7.31983721564
0.980641245185,-0.514129629967,1.79953384959,2.05765691246,7.42710634588,4.42317128911
1.48604205441,-0.1135209042,0.960223124053,-0.598340623129,2.32272538887,3.17046071239
1.20358581862,-0.628434820537,2.70065247282,-0.426939789713,3.02401721993,6.48208818137
1.06314213908,-0.473378981545,1.67585298199,1.07343556051,8.8624984961,4.5233230634
0.176536930371,-0.1585672617,-1.57665028824,-0.217725999494,1.55445321668,4.2065257044
1.95661558103,-1.37887952179,1.80991143087,2.16873191579,3.12590279771,7.13577707147
1.45049034317,-1.24728238251,0.47379338505,0.889417465703,6.33715600631,3.92075066033
0.736922591657,0.111999237219,2.83090941649,-1.41145130364,6.84202916211,10.4888295438
1.21285306392,-0.0666414215217,1.31275213987,-0.0887972955166,11.4161129451,2.35271064326
1.63708954002,-0.941166659575,0.961871663512,-0.223706408037,4.73902703927,7.72229377592
1.97326596001,-0.0830107741988,1.81374036782,1.72260099461,5.15999409576,2.02582797764
0.510471724606,0.450602303671,3.08876080783,2.28339323422,2.91525427082,7.56654111974
0.483927864363,-0.873561362777,2.53607768749,-1.14606256382,6.70866079053,6.26479434188
0.890567818632,-0.999639638614,3.05798782577,2.09736903467,9.0179174532,2.76709055699
0.181157105078,-0.625329716402,1.24667658851,-0.818764428727,5.5558700543,5.9065017628
1.13193634619,-0.132098034953,2.20332240618,-0.772944128222,-1.0566306429,7.25886657354
1.56413963656,-0.504756657384,0.754816073265,3.53594561544,9.54702780987,1.98341604481
1.10757593538,0.100267581612,1.92588234621,-2.14171113449,5.65631400156,4.00441523013
0.924009847538,-0.967553611093,1.94576332096,0.709415277896,5.73286993646,5.5248746493
1.07713454278,-0.806816106776,1.48302165053,0.17594034956,4.59522698512,7.36419602307
1.01322967388,-0.390566183643,-0.142354427097,4.2803215229,3.35231155688,2.81078087043
1.38041281049,-0.751286054848,1.00921652453,-1.18098475851,4.3130960499,-0.903664268256
0.646304773635,-0.383393728317,6.82791412381,1.15555486881,6.89212023304,1.08818439326
0.957279973214,-0.917688568795,1.65056628984,-0.481267531326,8.72312372359,4.80986327131
1.43557413927,-1.68536424152,0.967769023253,2.10910203604,1.61210210919,2.42890679163
1.03280949826,-0.731845922273,5.01379248708,-0.63709253454,10.5851550973,1.90563383385
0.645241822941,-0.172688284872,0.959739859173,0.684018236353,4.96145331666,4.69556945451
0.197347932287,-1.91632296885,3.11206103495,1.67078727905,8.08737183701,5.87530014202
1.30315194969,-0.833757084184,0.765530260876,0.398091195012,7.67951656162,4.85134617362
0.489373568812,-0.814322014927,2.97576580919,1.37082213655,4.13817381874,5.52874472675
0.490062734631,-0.193861936756,2.62577213981,-0.413838917411,5.62585659167,3.20697534942
0.909418652354,-0.199725985804,2.50378943377,-0.500112547776,5.97928714613,3.3410099653
0.560639314734,-0.996905080046,0.539187264404,0.579544307372,4.5615816803,0.76557226093
0.80870756255,-0.870882927102,3.09709269654,-1.14003333978,-1.62742859059,4.6107641672
1.25357517614,-1.03293038749,2.04511527074,-1.86212292535,7.3558316416,2.87879798545
0.302600257243,-0.822429723497,1.59260379009,-0.437794030831,4.50462754817,4.18764896106
1.43230552431,-0.226183112592,3.60135010934,-1.73130006422,3.59545497558,0.905621914363
1.90606150953,-0.354888844726,1.08374251561,0.550999240676,1.83006841801,5.62101629632
0.476447026465,-0.566615961182,3.79108083139,-2.03411410346,5.44910079093,0.89726372807
0.472246532231,-0.275772470365,4.60152858745,-1.40693624592,2.58931711077,1.60504940578
1.02271407864,-0.25764577748,2.51664909342,0.586874492002,1.95583779526,0.417878651828
0.405888144976,0.211316017088,2.53070090816,1.13764140429,3.59672367805,2.13487438085
0.0146288627634,-0.525554720357,1.65340197533,-1.01488512104,5.72065167088,7.94421690154
0.782726338261,0.128825034238,0.97341321455,0.543799109196,1.37168120982,7.11755505876
0.970719890799,-0.234656539723,-0.592438519438,2.22759269543,4.37672145535,6.53653162352
0.565185222635,-0.466515024889,1.36733216026,0.0434414082166,5.63429265542,-2.59254198746
0.864879617224,-0.649258417518,4.00960518696,1.01705094169,0.779628407792,2.78721122262
2.14768393686,-0.649472351818,3.96127707493,-0.252300771595,6.18906893867,9.2270190461
0.413771732132,-0.952104073459,4.75875408768,4.96657737848,9.32034253788,1.36565550179
0.840971313843,-1.05592156656,2.18187340038,-1.68123557617,7.41402381636,7.99174681107
1.04521189194,-1.47421715039,2.2657619126,-1.13453235146,-0.238582548079,5.15260765843
0.954945899103,-0.743615046015,1.86719529168,2.65437515932,3.46938791216,3.30023745867
0.101005269492,-1.16229512181,2.406566159,-0.0966618526995,5.86733278318,2.90854627543
-0.144397509552,-0.268107866132,2.87840320733,-1.447896005,6.41237625292,6.948816945
2.23182475849,-1.32547709422,0.9906542345,-2.53380420424,5.3777523668,4.91067435691
1.43878691909,-0.298815520626,1.78354063468,0.798369885413,5.60282422592,0.350325181656
1.17107632874,-0.800151563431,2.23762150276,0.124184603828,4.21891768449,8.87765763508
0.135306805799,-0.732683277774,2.53649837294,-3.09309851492,7.65606219783,6.81197110643
1.57457579611,-0.516499865356,0.350602515989,0.0224176108285,10.2291661388,3.15930937839
1.51091155166,-0.41564155762,1.01344393414,1.09976945898,10.7751306989,-2.60045224607
0.693280274312,0.281866028251,1.45556269211,-1.30459567109,3.10488732877,3.82225164768
0.488133877133,-0.323955526586,-1.78193487392,-1.66337327097,4.4436834773,5.88722063687
1.0182427264,-1.28657493834,0.794549198227,-0.936970096122,-0.902083317307,3.03784144545
1.18972996528,-0.0380756565126,2.12153978441,0.509607659565,5.19523486394,5.64634217672
0.511385399189,-0.599024352024,3.57176186328,2.35052442312,2.9549149499,3.85043172003
1.06352303021,0.368533793118,1.26836681829,0.963189465599,8.03443329159,2.86890046197
0.766613941956,-0.301516105288,0.825333307912,1.35507953817,5.60811652058,2.43019120324
1.0373538994,-0.554725854952,2.19586931177,1.03421762162,5.01577992809,3.25587439566
0.993659864525,-1.09122727787,3.29662835938,1.84981244999,4.35493375651,7.54074362408
1.32013409876,-0.271234444075,-0.146612481006,-0.266881993728,5.47676620605,2.35157434168
0.832407350175,-0.103261581447,2.4678614206,-1.56653076282,3.71267949209,2.24255447752
0.378186916727,-1.56766857489,2.79674078968,0.509990167194,4.54403652243,4.14826464644
1.25889087048,-0.0958335875971,2.35970908906,2.98840114295,8.61870378496,5.25857306753
1.29708151272,-0.213609408946,-0.046598828623,2.1133989791,8.38206533923,2.07166419135
0.760490729133,-1.65217041662,3.24038407262,0.976857656985,4.54825496875,3.18124940673
0.824136664122,-1.35458938024,0.131217842857,2.28081230335,10.3302158538,9.8326246713
1.81765240227,-0.878547325799,1.24122759302,0.0601403801607,1.34628447279,6.34824181102
1.50116116632,0.0768142018559,4.00065681083,1.02737086785,5.30729032762,-1.90753065471
0.463752472835,-0.895413513519,2.46275015902,-1.02454541158,4.65709791367,7.93784519754
0.934426772924,-0.997804046128,0.869562075627,-0.667494606604,10.9990402782,2.03232742022
1.02221909272,-0.48332082974,1.26486803921,-1.17103616949,6.8487386708,2.92391738977
1.32257520976,-0.558914974969,3.16975259425,-3.58115121719,0.879506344834,2.91268681182
0.367405175241,-1.06736073989,0.507719014506,-0.203898912715,2.50391655794,-4.51135990014
1.33157130067,-0.897198874504,0.586105596373,-0.189702016028,5.44119069739,-1.64207496832
0.74647127221,-1.6570657987,0.683300161701,1.02468484492,0.0593482803018,2.82284074352
1.57294653526,-0.800216689742,-0.386141046336,0.505669941947,9.79823602311,3.25818088964
1.74237486484,0.109284029007,3.60515549615,0.323507729631,3.46066251339,7.24046999396
1.60544381467,-0.601751265501,1.67559131703,0.615112922911,4.14543831901,6.08236949429
1.12312271372,-1.53336041048,2.95106003331,2.68510398977,3.93847099391,1.13342702158
1.264169771,-0.858901559629,0.496641648499,1.62785987267,6.42159143355,8.4094226244
-0.0909644381237,0.112647986288,0.035701777342,1.67339717234,1.70194273421,1.57471659342
0.524925314352,-1.46547505695,-0.724865166289,-2.49296753545,7.76784531184,-2.21272472825
1.12135776833,-0.176478035589,2.4642825474,0.0167627719452,6.77993059735,0.508043862677
0.300422856922,-1.05799983502,2.13758516368,-0.720939933348,-0.511555590505,5.14308962835
1.12476245268,-1.16456575915,0.532128432213,2.22933747606,3.92470988108,8.4778312467
0.864541668531,-0.478761671035,2.95998567471,0.51642791345,8.15684466317,1.52406188271
1.31730314302,-0.690531633864,1.63615822633,0.192081758146,2.41263447988,1.91012211416
1.81594914235,-0.316723821845,0.924766517823,1.84316478141,4.99475297194,8.66083495079
0.755498641546,-0.667127119098,1.95877456797,1.16357763528,5.70835645589,6.07514180242
0.5977134412,-0.839815624901,0.945065122545,2.28161758119,6.40989078103,5.32504370061
1.45943461256,-0.952134218354,1.51477668998,0.808686331486,6.39420539597,0.581976338735
0.56816679016,-0.130415817107,4.15679605556,-1.61587207332,8.32786607138,3.66689883194
0.593859502898,-0.198742273033,3.70746642553,0.780221766748,6.05326190826,4.42790016768
1.00170186254,0.02356259814,-1.24080878994,-0.537351441257,6.8532603009,4.53328160471
1.66368299347,-1.92355184608,1.3420009178,-1.2936851826,4.51937523089,7.47970856024
1.24750039578,-0.0823608838642,-0.273859825498,2.94616430272,4.36298857198,6.82241346383
0.915529864925,-0.648798069242,2.16617505036,1.04245287245,3.14702842151,-0.481742528501
1.16734846044,-0.288027093167,2.46633577698,-3.26597831031,4.6777117975,1.11705517282
0.284718188692,-0.110387963092,0.910424777,1.08163809045,5.46396411954,4.80756374703
0.417174780258,-0.71522758695,3.90853430819,0.273721101398,3.04275629812,0.940562685036
0.964471634051,-0.618876978012,0.216115266608,1.85789031339,6.44068447741,0.959506186279
1.34317465806,-0.596391468108,3.59162875813,0.363572649685,6.07030690224,5.06930551159
1.86376859974,-0.774508611203,2.00874764505,-1.06239781515,6.09209087407,3.96367067088
0.133059366154,-0.994874997257,2.47740890067,1.52209098385,8.90956289804,4.60973939471
0.530252641759,-0.790737132099,0.717456334938,-2.21998487884,1.00650042411,1.75513133802
-0.570575499304,-1.26637674065,1.50997417575,-1.63113778818,8.59109063852,2.66879412123
1.52965427566,-1.33456139408,0.968035054569,1.0233439002,4.36350101224,6.18600481767
0.66188159293,-1.18506756946,1.00099928635,1.49497096468,9.90258679903,7.80573658402
1.19165966145,-0.469092376389,2.32765579066,1.83251577945,0.655000266341,2.66924539737
0.936022678331,-0.350041539691,3.42523166384,2.67105807076,2.96671011621,0.298681221172
1.16954138662,-0.383767698898,2.36867589233,1.33460237516,10.5933477474,-0.960805264669
1.05916442998,-0.73452714545,3.03112877136,-0.0344808640863,2.03523437268,6.64326205147
0.634144933686,0.128011392252,0.684613396862,1.7832604868,9.97813780544,1.83409795923
0.234191714963,-1.14704245506,2.2242718872,3.01327205193,6.39170409137,-0.367104475628
0.911125869578,-1.28320117165,0.436048774222,2.59419402824,9.27432289047,3.07666161664
0.927948416828,-1.19051313755,0.130016270326,1.62497504572,3.66663785133,3.51866551554
0.0648677233535,-1.37140160612,3.61567812845,-0.170888959398,9.72233714852,4.03338304157
0.0620123240593,0.622491983991,2.55264313199,0.259706201584,8.87979835594,9.93942761467
0.957455990035,-0.0915435085293,3.11113934929,0.251549629635,5.97669495071,1.06680078408
2.03381054337,-0.738473203941,1.81866464611,-0.218392904505,-0.0831210501796,1.03309368728
1.39347720902,-0.00499888557927,-1.32782118148,-1.41334749727,9.33902104453,7.39199468705
0.97729257835,-0.849441325852,3.36399255503,0.970112081289,7.89187653865,-4.18798578471
1.0592484592,-1.08418165455,3.83533252444,-1.22363177551,5.21139453311,7.22282119831
0.389014703007,-0.684388992528,0.992911239225,3.03467051166,6.72746923373,3.93843053071
1.3290948252,-1.77428876856,1.67113955502,-2.84551188474,9.86672799547,-0.330805022917
0.620568066025,-0.390928294557,1.26277491153,2.16720927288,4.41314648825,6.77377678961
1.03545714352,-1.50853390897,2.53836042502,-1.95489219484,-0.248046251856,4.55550331164
0.875349463835,-0.345720174088,1.08828374579,1.58450210841,8.58873289891,7.16836272589
0.473860346088,-0.959438361039,4.59849987097,1.96103448791,6.6179756183,3.57213257144
0.980947786406,-0.257111303588,-0.108928707284,-2.05735853493,10.3065832272,5.3958362444
1.15007241852,-0.394267359581,4.29389426789,-0.568379182273,8.7435330485,1.19529693141
0.352807577047,-1.32664611253,4.47600474369,2.51856567,9.33423515308,6.70536357423
0.869065242693,-0.381277016937,0.122317016406,-1.4745547657,7.59986483547,5.95018049359
1.07601978649,-0.421246289369,2.49196141808,-0.947647001519,4.46623200941,6.08633346933
0.996830545185,-0.850022761556,2.22104382854,0.157733723798,4.45418079763,4.05228959064
0.451206249076,0.744189313603,2.71128248101,0.620115849284,2.26509564473,4.98324757974
0.439115065413,-0.305171693066,1.87656056255,-0.152500326174,6.18139316475,3.91733425871
0.784843100569,-1.17465221651,3.59950130982,0.15957173743,2.50414657725,5.60520602646
1.42305975275,-0.715983471678,3.27017717815,1.16681942022,6.62068097689,6.94897364832
1.52655277754,-2.05472476229,3.43635060955,1.85662032711,8.52707070238,3.26441259691
1.22136637327,-0.553737593079,3.72708140928,-0.766897752804,4.83177908888,4.60278608151
1.1209440783,-0.519926277709,-0.669351607536,2.20270963789,7.18364731102,3.6020233621
1.85911417683,-0.612632216964,4.36310893535,-0.71435375569,6.26858543963,6.81864909886
1.02626585243,0.326514935894,2.02379229592,2.67500291392,-0.448829794964,-3.64591314953
-0.53073133643,-0.106665548512,0.0279373353168,1.84570052277,6.93937861258,3.60543339335
1.48294945897,-0.154913519438,2.90101579035,1.11886678239,6.09432574462,4.38860897928
1.29404400433,-1.12350640864,1.06498983567,-0.530668232925,2.5844042842,1.29132807473
0.646929639808,-0.972901826029,4.17265399119,0.872285091248,7.18300771486,5.22366858736
1.82128028336,-0.525106686339,1.61172705267,-1.7710458511,3.78915801411,5.74891711145
1.17025316711,-0.52443269831,3.2886879032,1.48788589861,3.41921824095,2.91050901251
0.952345980567,-0.266606683687,-0.473089505091,0.0698494700378,6.29148161978,-2.15145612169
1.05934399956,-1.40116662295,1.17136492942,-1.49626519008,5.3381126766,-0.0808366445089
0.996608771463,-0.722867984241,2.45224935389,-1.63913082951,9.09537605036,5.02611676609
1.81450811526,-0.573311169957,1.47641556445,1.48210665917,5.36873268416,-0.944197879602
0.761531021467,-1.0470237865,1.40267048677,-1.47176714839,11.4493311927,3.64389171813
1.03782798373,-0.590398379394,2.01076194453,-0.0687226770669,6.42796424674,4.52052319885
0.736432173679,-0.551764703805,3.56550556644,0.0905497804441,4.49452750905,-5.35573569155
1.21848497167,-0.784560814717,2.1520411545,1.10630893353,8.39181775132,3.54445016205
1.48740704194,-0.613649530076,-0.153068185606,0.0144989276112,8.45473783486,2.28275830716
1.51496843515,-0.643733041725,4.77976429515,3.72451999971,0.869938468375,5.13180490009
2.08459772857,-1.28359275081,0.5803120051,1.20035147698,1.23392926834,2.0368156996
1.23659904337,-0.867456842256,3.97054725611,-0.902681893626,4.03984278193,2.5728857557
1.66582226963,-0.615765989418,0.94716635456,0.287263885917,4.34397946402,1.31832888463
1.44688824493,-0.382672966552,2.56111144825,-0.910519553953,5.90597024117,0.512270512467
2.15755226379,-0.834021841593,1.52670339283,-1.51976761766,6.09486226462,2.06649515223
0.500190137746,-1.43392894339,3.42066895299,-1.70022136422,8.99361232635,1.18387576037
1.66125553678,0.0948697696107,-0.931297975994,-1.21466830049,6.44142895945,-0.195567756541
1.15051831892,-0.895962708038,1.33682586142,0.965104146826,12.2036543575,-1.21802328962
0.220551968724,-0.24126102989,3.21040406317,2.4629699417,4.20603631207,2.0094728553
0.40815855739,-0.762177000885,-0.201817937885,-0.158223557293,4.45316992909,3.17199537919
1.36349912722,-0.853278351449,0.268461623558,0.570010103616,4.62805509978,0.784227442298
1.3850198073,-0.56701288017,2.18138448121,-0.0967049958153,5.49425253672,4.46649105549
0.741510078116,-0.232263898906,2.50986993728,-0.187663079509,2.46065661356,2.08246943787
1.65062332892,-0.13411662053,1.11435610395,-1.66339797052,4.93551161721,-2.6081342635
0.370002719446,-0.134438598589,1.98689857987,-1.86106997079,10.0129240488,4.94131737154
1.32580373887,-1.43467886992,2.77961314468,0.787743995406,5.59347899229,8.71261495835
1.0436757854,-0.0785108771308,2.85677461209,1.35432964261,5.38061409018,4.74006361386
1.77139623872,-0.364698199956,4.02175952354,0.176446801998,7.98715089074,4.03624974996
0.183880401909,-0.35266755501,2.11191891313,1.81230721037,0.818620599876,3.4777471344
0.382044238488,-0.530702670243,2.50142793041,-0.0721516895555,6.18984491849,2.84952747886
1.06438322363,-0.195696050798,2.04801246167,0.279253797614,2.19541714618,0.800500746474
1.52145873719,-0.933145828511,2.23330035926,-0.0897602023139,4.8093853445,1.15669020226
0.410939740191,-0.428712229242,2.85675429699,1.52683565654,1.50577346354,6.96155108634
1.56446844184,-1.0605193431,2.95198550924,2.17279792728,2.61206238797,2.35144817362
0.746525325586,-0.65669034123,3.01697287797,0.38825401158,1.38367998247,6.50852909835
0.75306463663,-0.602526707272,2.64596304936,1.39816001969,3.5039247816,-0.801804154666
1.09726401769,-0.697731845519,-0.663755890851,0.0717276399501,10.1516800022,3.45336968195
0.690358952781,-0.79820781139,2.58219518218,3.44860665038,4.94481190513,-1.0749716669
1.8083355774,-0.773109304394,4.19398213495,0.464083614057,5.46238194744,3.75594565542
1.41265758597,-0.231012506581,1.46043289999,-0.575078749182,6.09554798298,6.80585101955
0.848959033482,-1.05051205287,3.55486055112,0.902206310038,10.0188349854,2.64358221188
0.75323218796,-1.60798742425,3.36181377541,3.39855047581,4.18916743796,5.06181969238
0.576304053449,-1.03272192666,1.82091279994,1.79692139742,0.653679100047,6.20815766
0.927506823444,-0.039318361871,-0.902394755438,3.81773204524,9.32355978789,0.898360001568
0.487762266706,-0.744549850558,2.93987722688,1.75777163206,3.03232133406,3.89504096705
0.534961768692,0.221493658176,1.13956559247,-0.496320185795,4.20768123579,7.01642464538
0.421160585394,-1.22260934029,0.325185185626,0.1467620353,0.500652251656,7.2651426843
0.378346513921,-0.831366527575,2.25119895644,-2.05512944027,3.18799508994,3.91072894572
0.770705274514,-1.25290878622,0.984312616672,0.790206221006,5.24024287603,7.57812045837
1.48488645038,-1.58784634945,5.59906088602,-0.374160333244,4.83167302411,2.82209380542
1.4513500979,-0.307672991019,1.7081870758,-0.416960341355,12.1521310693,-0.424856462064
0.517625990859,-0.853685662308,4.89879912158,-1.72952281552,10.8942701014,7.93237776813
1.35159340976,-1.74290249541,2.22740335608,0.645787655406,0.10523791277,1.09615257085
1.22499209174,-0.0538486500207,-0.181340296009,1.41353873795,5.64767875248,0.518269286644
0.701532921256,-1.80126580695,4.65941727566,1.23308019349,4.55686021336,5.79487052548
1.07826733202,-0.539342393209,1.27865457715,-0.578372586296,10.7269706897,6.38194404584
0.637145017548,-0.542611530255,2.4202417272,-1.84650981782,1.16183229505,2.83753978785
1.37899254003,-0.473419162529,3.04681155551,0.674176453872,6.02243687524,-1.53887378229
0.567127881406,-0.652222204144,-0.261043306472,1.09578709357,6.33937954678,5.90361563036
0.901118622263,-1.37779327574,1.18034875903,-2.00017765428,3.06221450045,3.04406036796
1.0330095605,-0.564064522138,0.658887709549,0.456170856126,-1.58385824799,1.45363184945
0.480669292784,-0.539400066888,0.506407299193,1.81472593584,4.15049873527,6.08847474409
1.37804842771,-0.237844550439,2.67796193354,1.86554352897,8.82358106985,3.96202401861
0.634867320484,-0.552144827749,3.52913432262,1.37593117937,8.37366468099,3.53590649082
0.126018367473,-0.370138954982,3.13933326122,1.39568584681,4.35485091277,1.42527179804
0.744236233298,-1.14918479352,0.615686484576,-0.147977743795,3.80232254232,3.10816963817
0.84939057958,-0.468301142251,3.85904820643,-2.17228328184,3.80548439949,2.94376260045
0.584877296513,-0.955299345986,0.0332051021457,2.5694897554,6.51274734739,5.91759973564
1.12877767245,-1.57213363756,1.4994892431,0.00288760668933,5.5042297419,4.50876553017
0.786434127374,-0.675471072902,2.01662640508,0.380999595588,6.23610586727,5.18511591701
0.507454221868,0.306929870938,0.928167611635,-1.41188172738,4.84869901009,6.81314673679
0.611408370532,-0.47063365857,1.13758856142,1.1867990976,1.5587613935,-1.06258499554
0.672129886857,-0.687001723802,1.78308918222,1.20142064734,6.53083189207,7.90390506474
0.598311750016,-0.603412364371,1.51564542248,0.659388687874,12.1255660684,12.1764579873
0.103983411222,-0.231218213112,0.939126886639,-1.79441685844,7.89210462415,0.35788989256
0.562320268197,-0.978494523006,1.90840147684,-1.0617560407,6.84051889026,4.20440693792
0.360008832404,-0.575716022212,2.1139692177,1.73338231917,8.36933616235,3.1335726908
1.08767081238,-0.951064891223,3.20391799109,1.66816707832,5.7555589001,1.67651967396
1.46547518629,-1.20697849761,4.0575108266,1.09024045688,5.05268910586,5.6925773648
1.3752411485,0.0698633603188,6.06326854192,1.25919758623,2.92852550037,2.21010657159
-0.131271627045,-0.863291485178,1.10274387112,1.26222578425,5.8565402344,3.90081304909
1.14067916375,-0.525569251289,0.194196432974,0.803852802289,5.23175771318,1.39843799941
1.26053078747,-0.532414079964,0.841937935642,1.71248464676,3.55083890853,4.93728376141
0.769304636971,-0.802847633472,1.44614964897,-0.723607587181,10.4364215835,10.807628774
0.722934935223,-0.774095584959,2.23552233256,0.758632249348,4.10515109928,5.96800563993
1.11486084025,-0.568886597419,1.59014593529,0.870301679346,5.14360689437,4.35786725384
0.740719035647,-0.762567291182,-0.547436223643,0.329331385736,3.67770735847,6.96959142719
1.01499416376,-0.751873307148,1.43940211832,1.83363087897,4.90839238051,6.26779432367
1.24798326564,-0.35381512877,3.20729304563,-1.07639141525,5.13025569668,2.30990115685
0.777288406321,-0.348193374571,-0.611162549749,1.88741238106,12.1656460844,4.20694786774
0.895658548591,-0.45558901432,1.07296342046,1.36698739021,7.82179750924,3.01088712115
1.9709547614,-0.390593692428,1.88505869116,0.240267913825,8.96979488616,10.7689364055
1.29321505992,-0.549911710752,4.78126655165,-2.20159225186,8.74660004329,6.34466135249
0.866547799128,-0.351860038239,0.724114169977,1.27243211464,5.85265811111,2.16616312996
0.0826684439935,-0.00207906001263,0.317051538446,-0.588489953888,4.14846386883,0.199116700389
0.633114563914,-0.574671534428,1.5289665727,0.616449268543,6.03005747481,3.34191078736
0.716461437518,-0.062671948023,1.4829804608,1.78662988588,8.22072239369,0.276541727573
1.22569951525,-0.329455861594,3.0523442625,0.59133238276,8.3442613544,1.7400109442
0.209781344208,-1.09961657316,2.09893458143,0.603545416124,8.5720257762,-0.209704059493
1.92667929054,-0.534515687214,-0.391588035066,0.155314643857,5.22620615112,4.68800693801
1.29556226229,-0.737963877662,0.621692080141,-0.550481208456,1.14201887938,0.041424928119
1.29856805225,-0.84636354295,1.3360883481,1.73423110202,4.95544404604,1.89278884341
0.430910330707,0.383578913746,0.166792820226,-0.037216034456,7.40822440417,-1.36141091017
0.63929269696,-0.794053584933,3.91461233274,0.738639116818,4.10024264247,4.92323517889
0.276916359304,-0.855402206278,3.41061462403,1.43815250929,10.557495002,4.98607502621
1.24357885494,-0.816150871542,2.85570167217,-0.388986319434,4.56932596091,2.78043792139
1.41676991457,-0.988137256482,1.45217507584,0.55779714651,6.62972624548,3.30691288837
0.693941174916,-0.532452182862,2.14636658989,-0.878501432116,2.85014657056,2.72951744701
0.231985623501,-0.351571007748,-0.509320456516,-0.143205306055,6.07826740712,2.89628047308
0.649683355781,-0.634751176936,0.411541421265,-0.966440721908,5.09494539339,-1.86864968245
0.739854022793,0.689577763401,1.35230971032,-1.95284270524,11.269260916,4.47492188157
1.33933093102,-1.14859296308,1.35797328456,-0.188372167695,7.6406808573,3.51915248427
1.12860113318,-0.626565021937,2.0641606213,-0.000507535067032,5.38889718506,1.76571224459
0.259236457481,-1.11407705236,0.609189487071,-1.68088148968,2.29326100095,2.31072453467
1.09687982534,-0.69110309649,2.20284607478,2.8690836148,0.0151315791407,6.71827344289
0.9119862989,-1.00206812933,-0.578052407735,-2.13112644827,1.46227786262,1.93456909163
-0.244686426684,-1.42869526652,2.82475166468,1.05117914283,2.21288327493,1.48026346962
0.632289120093,-0.10175881383,0.68204097557,-3.38243417027,0.429109377688,6.33365868864
0.354490358594,-1.44776889145,1.68237791619,1.05099405683,6.87434617942,0.517782518232
0.134053865793,-0.048203315449,3.91637147193,1.07506532206,2.26002411862,3.65538741842
0.0300675512275,-0.523611599634,0.436371961527,-2.72604704387,2.51001898034,-2.42917482075
1.08591659624,-1.25751234475,-0.368999934398,1.85529939474,-1.0621960512,0.921915871474
0.214761520067,-0.274033516539,3.02124902148,0.514084419812,6.26501837037,0.21709128076
0.955855959625,-0.696926903817,2.30295047824,-0.199557073234,7.05984795873,6.08440249649
1.06991281982,-0.232735061186,1.74886029866,0.56188504701,5.57238494153,4.66211076144
0.781242404965,-0.0555184602386,3.22412778393,-2.05825500294,3.28490526194,1.06574045881
0.900592607113,0.426982817045,2.49026867739,0.204078008186,2.17110960449,3.73794145384
0.774256706445,-0.13395793958,1.35000007661,-1.08039082163,6.41266111544,0.24163882816
1.60567657722,-1.07248281676,3.49759755356,0.124770328673,7.80578201118,2.40719994353
0.602994324239,-0.766384603678,0.0320813428302,1.19537321695,6.68921452179,4.39105396721
1.14708790006,-0.46342510973,2.83472172489,0.681551235574,5.92075664776,2.11977877751
0.436075073897,-1.01657346931,-0.0174757725354,1.35495152068,11.4220714387,7.58231169171
1.98666286575,-1.1986884664,1.87499425462,-1.47926133321,3.9109702363,8.63957749086
0.847874924333,0.455673223214,3.74363613362,-0.230191780408,5.0152739312,2.89872368811
-0.0357297428121,-0.626703639084,0.256483472386,0.697497109007,4.82525108481,2.89152842911
0.381026996164,-0.121235252099,3.72851517058,-0.867112957237,8.37689161298,6.34637061287
1.22273072985,-0.160361649899,2.7416459162,1.59812867988,8.19633816237,0.152587742893
1.01410826875,-0.38091833628,1.69993933313,1.37573894439,4.75835597602,2.51990122925
0.678057720987,-0.888002131253,4.02037880694,0.219240957543,5.95341171313,1.8756667318
0.423156740664,-0.581908859135,2.26722967672,0.577555888855,4.83321929284,11.6415404173
0.470679137219,0.244230025421,1.40086141791,0.619449979573,12.4616450284,1.26385705489
0.629027127935,-0.117099438953,1.39391405176,-1.49941738621,3.54214927305,4.08527108922
0.541508007529,0.140378294583,3.47778496284,1.42056372518,-1.67828079583,7.08099902919
0.947187151454,-0.480096617632,1.09284042395,2.01643266712,7.19485860605,-3.57856793963
0.249134770784,-0.794565317824,3.02158515185,1.11302543443,7.8159184972,5.83902453054
1.3551273776,-1.0579677555,0.507432877335,0.681442869648,5.63807242245,1.7991300711
1.62349158517,-0.39703630903,0.0441168107749,2.67259545499,5.79435976966,4.67264360007
0.584770141341,-0.241864135923,2.70499459642,1.49602386546,6.46090700949,7.54894795059
1.16396953131,-0.477876541632,0.744173210474,2.30682255171,5.54662441574,6.06250445173
1.47444052083,-0.876945801547,2.95720341711,-3.52947499156,2.82939377581,-0.978496280717
1.30910601308,-0.465792048022,3.34707844465,1.63152750947,8.05474373294,9.06019567163
1.88881785855,-0.216398513844,0.952403836976,-0.837858601378,4.2183883177,5.41574948959
1.06604480158,-1.78684608655,0.803524060049,1.0165457821,-2.97225217562,2.73560373962
1.12684317671,-0.550947846254,2.66529462166,1.22024067664,6.36863269785,5.97708772552
1.13821953928,0.0385350280911,-1.03542523815,-1.53156662084,12.7039314407,2.53699959059
0.671097596691,-1.0417724157,1.84395527374,0.915593234557,6.77569638372,5.90770879222
2.03503775169,-0.588995916335,2.45072396825,-0.481522169685,6.12442708443,0.457256671915
0.322993907928,-0.923747664234,3.06983361619,0.81305756462,5.34901871818,-1.35654727269
-0.229331690817,0.0169225347252,3.28896415311,-0.453945738536,12.4323180503,4.57942163325
1.35726369912,-0.813036135503,1.19105361849,1.08771514789,1.3938010198,0.290282987666
1.01547066938,-0.684676015093,1.08699934042,1.57172829399,5.93924995241,0.490592346568
1.68991173738,-0.951846566444,0.46102408078,1.29016327927,9.78455356345,11.0962828491
0.86646089319,-0.878295064567,1.95026664027,3.20918897021,5.14426176647,2.76893722739
0.402699025823,-0.236801286918,2.7526834707,-2.01631342153,7.94104737889,7.6311034068
1.32001253437,-0.718545029537,-0.828798728903,2.08527254567,4.72109778765,5.21842086668
0.48986213813,-0.174288715267,3.85766624311,1.42163994899,5.0358780658,1.14006402954
0.779861259637,-1.04845853275,0.407488944972,-1.74219012095,2.69899652957,7.68789153892
0.621675477847,-1.55455809612,2.31932258151,-0.0785426012778,4.26069178057,1.83987546567
0.644938257676,-0.986649989093,0.939766240317,0.0526142690837,5.04863815569,4.3386117849
0.541381227864,-0.168685319003,1.53136331284,-1.7514674735,5.21213883783,2.85380046967
0.988272250541,-0.33709654295,1.61039099267,3.00339942121,5.91012588414,3.37545998865
1.60318223962,-0.843612423338,2.59330713634,-0.94179736007,1.6177069752,-1.56703948463
-0.221882689094,-0.963320299342,2.30565769695,-1.60782481823,10.5003724702,1.73931084778
0.742994014334,-0.862212779442,2.58728027052,1.99699480591,3.65142730943,1.71460420747
0.256533840245,-1.00088386546,3.16044733527,-1.52600493851,5.31567211725,1.66066954675
0.571397376766,-0.504461018537,4.1322106468,-1.15788249639,-2.15885269952,4.75107351807
0.403749085662,-0.691286887741,1.01962372073,-0.757418845393,6.88736597189,3.09038464939
0.791263153349,-0.32342399284,1.98548191983,0.507833624709,3.61863723627,7.02007198657
0.809834482517,-0.954514922514,-1.67234218492,1.40901682385,8.4417087679,-0.938882790511
1.834787446,-0.48691482437,0.191103795681,1.97836957862,6.15533785894,2.22301030187
0.932309324198,-0.474001677771,2.9062858133,2.03899912222,2.26025629782,3.60727737055
-0.0412150248275,-0.791474615194,2.06513416948,1.87382004646,4.92956011365,5.93900061374
0.849834320497,-0.257954220302,-0.446651077367,-0.765514010568,3.78131789145,2.01773734092
0.653560301633,-0.948459367165,1.24278253852,0.0799442275216,-1.79456973404,1.7383172255
0.798766259839,0.603863010147,2.62108527216,-0.588154758317,6.27298381951,0.698028337106
0.123099401003,-0.511957697553,1.40244088835,0.180204792654,7.69697933541,4.15580889926
0.503450182626,-0.41707777559,4.52522475412,0.332117119805,7.53491473854,3.57044811504
1.85848002289,0.482682278818,1.21230903269,3.82398208357,3.98409376168,5.52003855594
1.12855959853,-0.579359429806,3.75275702051,-0.337506810155,2.72462393498,8.06225317964
1.26196617182,-0.263746174577,2.63055307345,1.11507517442,0.850235036488,-4.58660079928
0.975942321184,-0.218374958751,2.31835109065,-1.32009014592,3.24036521075,2.17856897093
0.267241573777,0.503895480124,4.10071592027,1.36593978276,3.98668479291,6.59173398702
0.125274527807,-0.0572991766225,2.33164265315,-0.286972171191,11.2809707318,4.19286199922
0.444441558335,-1.23408395826,3.63773914585,0.513282140264,4.76640122607,5.94497487217
1.63447487044,-0.432652660102,5.73116368715,0.538010158997,8.34727807165,-1.52759697175
1.04159571187,-0.237178323761,3.37065553983,-0.367583029985,5.66165717482,9.11193914802
1.31664887601,-0.949812696464,3.10963868279,-1.29298055464,1.17437214328,5.20010621099
0.241206106967,-0.555733548709,2.32161232418,1.01828481165,7.89606984954,4.63005211807
0.484971315413,-0.432866653185,2.95486499085,-1.16813662976,5.7179834508,0.145923707739
0.34573860653,-1.01764378414,1.28714118575,0.592264912874,5.51663282326,3.40219422455
1.51377367716,-0.603271799332,2.40359395385,0.549964712858,6.87970421528,5.19176463323
0.610401976913,-0.221312776713,0.236125573941,-1.78857897322,5.16337066365,-0.350463352434
0.929384425399,-0.83034589116,2.96236426185,1.34345819144,-0.344086720989,2.95524454439
1.43064662347,-0.115003236365,2.58591306845,1.0414047824,4.84077009772,3.79605755714
0.969951453498,-0.101200670676,3.0231342873,0.243380766054,8.06180088069,6.45521296544
1.47580417049,-1.12205578773,-0.255685216003,0.135736251867,6.37594666921,-1.14384983285
1.17474782449,-0.558853240166,2.14086131495,-0.598212804385,3.23399406127,2.89107379136
0.811072316833,-0.584726991345,1.62743826631,1.10010469504,12.9817088309,0.400354952001
0.934040349304,-1.28579860733,1.53107673087,1.66506964007,3.13412499931,3.06972085427
0.18647967941,-0.696227282181,4.17327867985,0.522557426043,3.41215860486,0.424239669359
0.672717772222,-0.258383033001,-0.418388995758,-0.312644690895,0.976232629783,8.83998582504
0.0806939143971,-0.0973477861921,0.605251948542,1.01449150817,7.33876567401,0.471597289125
-0.103301626046,-1.04091717299,0.350564143953,-0.431446887316,5.01250167647,4.71452791399
0.610370908044,-1.22893302345,-0.679829337978,-1.46360962602,3.62342000643,2.2932397597
1.71716190238,-0.950845234992,2.01273576683,-0.693398832119,0.775101734268,4.69781961759
0.100088017469,0.246788509378,3.32596432421,2.32919639389,4.9282838144,4.79930630677
0.263831975167,-0.0605714711423,-0.736388348603,-2.65864037242,3.52495389656,3.24665900418
0.703882583325,-0.276530597873,1.9116696605,2.12698721838,10.2801000878,5.21321220823
0.2707245167,-0.91275311645,-0.841798991185,0.171147327864,8.22618299085,6.0281251355
0.782416523655,-0.267254575463,0.088562002339,0.629755198789,4.96916919472,1.12911422977
1.16722860672,-0.723975856144,1.20511063638,-0.0125031845351,7.37512476369,6.5839386347
0.907372872517,-1.15910630316,-0.694324291449,1.83098856873,7.41923776598,2.31277250102
1.36455244204,-0.952512457387,0.431294917851,0.82043714917,7.29917569775,5.7614836193
1.27532890431,-1.62196532664,-0.673300617039,-0.051838973525,10.8412842104,-1.43413633294
1.37556019045,-1.00775529884,1.74065789548,2.76938601808,9.15181378441,4.98704100685
1.10378983633,-0.767618673152,2.3656518136,-1.66953845814,2.61422013706,-0.170403211942
-0.318670873431,-1.10859687511,1.55606911407,0.333198667952,5.84310947965,2.33090885458
1.04515898896,0.0427638557623,0.995164307242,-0.240327841353,8.06825330227,4.20947906688
1.62244453502,-0.206819444392,1.80897688531,0.290986581446,3.41189043388,5.319766044
0.770337473497,-0.179934818952,1.26597194332,-0.144341657266,9.3583613613,1.66636423984
1.25286900365,-0.128234012485,2.05594218247,1.43932111084,0.62268475037,3.46261690623
1.56808965666,-0.455400016939,0.796870937204,2.87132233984,-0.524130641031,4.81736456081
1.40427689203,-0.349658530663,0.181891347512,-0.176671968482,8.14794641682,3.59615488088
0.588995644395,-1.25555077452,-1.97947740344,2.00599902923,5.12365787261,6.83851677807
0.722526580032,0.145456468705,2.337955179,-0.524848491491,4.48481220725,2.19794803852
0.319647879683,-0.00991931447219,2.98696197841,0.284869960978,2.20756502101,-1.4530909251
0.0548714054978,-0.736591159624,1.15800739698,0.884504089054,10.3899106732,1.81123491304
0.765528934039,-0.878288762374,0.489630713929,-2.25176580646,6.709586402,3.35283170212
1.03450828008,-0.300924986361,5.50332329154,0.944537929284,5.67276576752,1.12333482416
1.42752302372,-0.528286977209,0.341800141329,-0.57825603115,4.78400458205,5.08906244568
0.794023308266,-0.424516904907,2.68451370272,-2.6435851599,-0.26441135214,5.63841020056
1.21467835949,-0.931842760466,-0.592841613119,0.903678846498,6.00025971378,-2.31789990595
1.0315507565,-0.570377426193,2.59432975855,-3.55291548039,7.87052308541,4.24467489157
1.14572836459,-0.561981567481,3.13782379863,-1.19937462917,1.72992666456,3.09920820128
1.17477230586,-0.466557729367,0.564419576959,1.32723997836,3.93060104485,2.04128365166
0.989622317049,-1.27236303706,3.45536089942,-1.19677127957,5.3228769302,-1.48240125764
1.18695415022,0.111980311846,-1.10151123062,1.93469607003,7.7644177099,10.239727939
1.49514371628,-0.610204590151,0.370050838402,-0.712798971735,2.64806694868,2.19480337924
0.714003563987,-0.613423942646,2.22324411776,-3.21489615222,7.5371497841,5.83741021049
1.1255749206,-1.13761199528,2.72789110086,-2.26878314255,10.7163905659,3.88829133702
-0.209301060894,-0.00415259615801,0.655189070841,-0.52743920486,8.42946601884,0.669307960592
1.45410012783,-0.353668445449,3.68263174886,0.494715408622,2.78464163821,5.76467523081
1.64722039641,-1.39397052248,1.64534713242,-0.405657528836,4.22677992437,0.0107945309854
-0.317644602161,-0.322879271458,0.144119862237,-0.0185120160219,3.5571276936,7.12055391781
0.921549741712,-0.747913614759,2.74214075402,1.54093182894,5.79059025614,5.3419865201
0.800857813188,-0.533147855606,0.283225060715,-0.647475056693,6.60581205997,1.71437240841
0.211412052179,-0.614687263803,3.212086383,-1.01100953091,0.392161586883,-1.60517635654
0.56484969005,0.00585121465927,0.907988553315,0.381724191373,5.82135355101,5.52483116009
1.70600394617,-0.432204380224,1.7286838524,1.7396203219,10.3709801159,7.65967140195
1.0382250975,-0.948054036553,2.77266732079,0.911135759002,2.55555306924,5.27885500071
0.165834753549,0.261378301831,3.08243694066,-0.610221276643,5.00224100386,5.79641879043
0.739068926056,-0.230687781834,2.95805760453,1.81890544498,2.43279759618,9.09676106294
0.997761006228,-1.21225008197,1.34967513218,-1.53919254203,5.63041618178,7.19143335528
0.563640565707,-1.44931579418,1.88288159314,-0.894636625068,3.96065228234,4.26644485029
0.86846070859,-1.00146957986,2.28789455504,-0.0452603327184,5.2970889186,7.30873605466
0.750531464742,-0.238561998384,2.42558307113,-0.974443792737,7.20084351894,2.22642289022
0.96517332782,-0.181882218363,3.53982718895,0.205383115605,5.38900816583,2.61853586814
0.560362748507,-1.23303742056,0.867085682552,1.11141980545,3.28114809029,-1.36938755308
1.48286520313,-0.815240834955,-0.723664990278,0.553488916763,5.98279903882,8.05317899336
0.395775477563,-1.55390108874,5.49888343282,-0.96379057126,12.4111295,2.99674413575
1.14838133226,-1.26467830142,2.81150977396,0.0650423599385,8.47823431783,8.44693557625
0.75438709344,-1.48830838774,2.83950128837,0.0678220048047,3.00087632278,5.3349383935
0.616602291942,-1.22805341193,4.03942520479,-1.6578840937,9.66447084261,2.81479921363
0.983415623567,-1.07522014646,-0.0466338948387,1.74145964532,1.83189812213,3.42914124216
0.303046078515,-0.907390174127,-0.0672319629733,-3.42969263228,5.35984949168,0.297648073041
1.47779423816,-0.869836964359,3.40347107043,0.769709739751,4.90107238575,1.3124189982
0.436668259652,-0.12270444153,3.18518277427,0.0556477100745,8.3978199495,6.37333421709
0.257288125927,-0.570913578587,-0.859880065555,2.11817611199,7.81139188306,-1.47762655678
1.17447807756,-0.329476833009,3.5361683672,0.353797250418,5.54155525223,4.03705082356
0.760336230056,-0.672075177205,-1.82149873221,1.25286199339,5.34309612922,4.13922885337
1.01974602317,-2.48166270632,1.2946224882,2.38703288053,3.35558407975,-1.51939451134
-0.233223779496,-0.43556579255,2.06033012354,2.01048554373,7.0986654885,-1.13311408889
0.768075860609,-1.07003671097,2.59246865418,-1.80102765898,6.64965321553,7.05740005629
1.16182371856,-0.710595357003,-0.135963788192,2.30249683018,6.07687264495,-1.36618229239
1.2835737985,-0.123160490421,1.32992441766,-0.866358429789,7.53830736026,5.81726843799
0.761847028609,-1.19154212376,2.55129412159,-1.49857821733,4.50429490645,7.46997026755
1.95606675026,-0.819198072185,4.6043497439,0.878414455297,9.48221173443,5.5020020786
1.63910373757,-1.07089117484,0.692635178297,0.410195848384,1.82671927536,3.6749201244
0.781895182641,-0.51561794604,2.68655328883,1.06095511359,7.02164926089,-0.0132004038968
0.36543193035,-0.242951440867,1.61976953572,-0.288576073294,7.62242049477,0.498347714827
1.14089480638,-0.719371342709,2.44194169026,-0.267042920965,2.39041915215,5.84208010954
0.535850923302,-0.899235373564,3.37179577367,-1.78110499809,4.42655601067,1.98066367944
1.34969056799,-0.470503520656,-0.690945634455,-0.616894716431,4.06147704052,1.86410066396
0.288479369047,-1.01191804977,1.54372620862,0.112508641839,5.83190255559,3.12192729451
0.646333582502,-0.569360206101,0.12998361313,2.6648367749,6.36371225971,5.9921182949
0.461500337151,0.0462945254518,2.85243561474,0.841271305269,3.38210578744,3.70722870495
-0.0798175476025,0.157211066555,2.93781556061,0.944799224561,-0.498111541574,-2.29435286487
0.0578377150225,-0.798522722096,-0.554007268077,-1.27328675638,11.8248573225,5.64867347514
0.600662144222,-0.468637773384,3.90854355091,-1.58718765478,1.57778224122,6.60249612204
0.48353612363,-0.084123716896,2.74528180567,0.648992319425,12.6020147633,-0.310529163573
1.60325369058,0.103998281411,2.63651449129,-2.27497926292,3.48841930682,0.609180960993
0.578487275808,-0.51485651279,2.09878482741,1.31584767975,9.36965261743,8.62620784366
1.67675542186,-0.40591463786,2.43475839735,2.25580650222,7.80974499568,-0.510749487983
0.778608056037,-0.673274452078,2.10615598889,-1.92343766572,3.2248330356,4.53757472506
1.11098382694,-0.13360740303,2.9967573639,0.967126253035,10.2871422451,0.256672289561
0.875692889421,-0.897707197063,2.22655716411,0.748416781122,2.06068906303,5.33557744226
0.448440696118,-1.2598241727,-0.64929323025,1.00685012032,5.78466610192,8.20942798934
1.1699242981,-0.0613389919011,0.0437590810318,1.64771311473,10.6928249771,6.82932952144
1.51795913612,-0.627644133647,-1.18958034003,-0.349340263277,7.79140541713,4.847899364
0.375805783595,-0.55287449128,2.40007365758,0.937425675908,5.29912217176,9.56454339683
1.67650426427,-0.325996345559,1.88214552533,0.464165782938,2.4283050585,4.24344010349
0.41183764511,-1.07244760604,1.4068224778,0.0608043955857,4.20495538877,5.7460795416
1.64297513275,-1.27913711233,2.67974905519,3.1044331126,8.20350735954,2.61997879888
0.710004048616,-0.801002895199,0.414940367756,-0.689038024567,6.90737381093,-0.594443260585
0.629657109484,-0.629433394884,0.49921417562,0.776561077933,0.167367608405,1.93271402422
0.0237176431861,-0.521666557877,1.39674747271,-2.47089284062,5.775104433,4.04352368827
0.443849516576,-1.47464995966,2.35171537809,-1.74435039637,5.81444070566,7.8653489303
0.301407290475,0.696341978446,2.56665502435,-0.423572505649,7.1409490134,8.07000006809
0.887484134455,-0.0130057070084,2.39328004859,1.17905252906,6.93619581508,6.38802980321
0.676371418311,-0.153918871358,0.371980698639,3.35588090427,7.30754727447,1.34137898836
1.60858519393,-0.839331664929,0.585307891815,0.885528730008,3.65683741232,2.7040751681
-0.0875674607694,-1.03847505601,0.356023416769,-3.20547667327,6.71370763883,1.60386554587
0.914197313432,-1.21623208532,2.57805006258,0.911399776377,0.661535536049,1.16345378808
0.752692427752,-0.0804555355446,1.02958397525,-2.08914313126,2.13451168919,5.20449097502
-0.072345001051,-0.978622393741,0.228099740281,1.60496214907,2.89259147679,3.82986152888
1.17906064221,-0.946910937566,4.66375279767,-0.275716421996,5.78585174782,-2.17841548434
0.53746068379,-0.80743327515,2.3523920244,-0.338001621586,7.83172104388,5.02905330706
1.75040691908,-0.447392512772,1.35281116419,1.07279269363,9.78810934218,7.31074870988
1.03248881093,0.117934742855,3.6335490334,2.58329782641,6.79104951097,-2.01532508801
-0.0157884101257,0.102670346362,1.14936081198,-0.0758080694946,5.64858818983,5.14781109675
0.566645819578,-0.720483098099,0.578848269338,-0.123023665601,9.8061341041,3.79611868026
0.5814047962,-0.867347541425,1.6240877201,-1.24252845877,8.73954001063,5.05289109872
1.34920296028,-0.827349778738,3.40634346996,-0.716876791003,7.74863553602,5.46921520451
0.471160057735,-0.346737386045,1.81455625341,-1.82773279432,1.985865535,5.25103599534
0.0225358091405,0.124446375523,3.34781405974,-0.296440278966,5.20260686342,6.67935642497
1.03906452529,-0.338232835075,0.667903596958,1.01465482314,7.10547625077,6.82667634467
1.50774264773,0.0331419864124,-0.319313181015,-1.85920947816,9.58474044919,9.67532416889
0.242452490521,-0.757452901924,1.58357929628,-0.580871354094,7.33988041485,8.15544962163
0.907852625615,-0.345345688385,1.11853840066,0.14419990024,9.01743480815,1.60075868493
0.101604281674,-0.518688898784,2.5732344432,0.791484239866,5.30054196406,4.92499550798
0.607005740378,-0.854038530283,2.85300551914,-4.39348841102,4.77519635406,5.30341443309
0.798812679937,-0.202944392325,2.7240187779,-0.953559926385,11.1002388838,6.16516614218
0.771215361393,-0.589923706842,1.53256167381,-2.90504776121,3.5931532886,9.49428073508
0.795948610627,0.241362347122,2.13854441968,-0.492433499727,2.42879247208,3.53612161243
1.11793607486,-0.627806926076,2.51992401917,-1.63061635257,5.29369247045,7.91133586888
0.448849399592,-0.503573248312,-1.03258557324,1.24272169953,5.36604454347,4.7481939238
0.708659052546,-0.811908810538,1.13319585699,0.727565509692,7.82916778722,5.26293612997
0.790330696757,-0.69309545919,3.72836136822,-0.39227637589,2.81226552833,0.848761979348
0.686106756077,-0.656171358308,2.12619997162,2.38126435082,1.45980528597,3.74701948556
1.49235867777,-0.500086345875,0.946431175656,-0.766306955125,7.9645958635,1.72103537518
1.91771670585,0.0521805521587,1.34874003351,2.12394072788,8.98245813339,6.77495849012
1.99111613224,-0.818333798875,5.39079414608,-0.234827702653,2.01914331895,5.29915754275
0.475980711172,-0.780927168205,-0.150653895436,-1.50198603287,4.91636266762,0.829187279155
0.975743997553,0.378995227968,0.78039509431,0.178072717911,2.76787515742,-1.15351536542
0.893991356657,-0.978974278352,1.32301963623,0.0563974911426,2.85861694427,3.99216897603
1.52768126064,-0.130169390124,-2.73765344175,0.0151673220461,4.71800710355,0.922178050848
0.837976665641,-1.30415426751,1.9830270911,0.475897254845,6.52519757781,4.74948004293
0.399022839925,-1.16680131237,2.8649529572,0.887915666458,3.89499252755,2.83346695554
1.02701651178,-0.962591999682,1.65237349012,-0.889822465335,5.53253255741,1.55292117225
0.853284793948,-1.50704969608,0.688349754069,2.45149707259,5.63143157808,3.21480780532
1.17239382892,-1.20027768185,2.1897309037,-2.0564382207,2.73651165315,-0.921619324482
1.35637227499,0.0833559881875,-1.03495687757,-0.637617913075,3.12402152029,0.289408824334
0.4134295483,-1.56038961368,1.75943842339,0.759230944767,4.61699321051,3.3939860232
1.44956702104,-1.4163364961,0.563847012781,0.175961355588,9.8769510271,2.50476019656
1.09308303915,-0.997512666178,2.64687217437,-0.934188175076,4.739596068,4.08893009783
1.74103653636,-0.0134336992581,1.01755085947,-0.00927081563028,2.75135880949,5.35510831191
2.57421453983,-1.40631312694,0.241802356226,2.40493618644,-0.934793847929,7.02010731958
0.246908097684,0.19328751781,2.06618915306,0.879029588397,5.92955836741,2.79291692605
0.221170253659,-0.776123853873,1.28562392716,-2.64553514278,3.68601819864,5.28267473624
0.445021920903,-0.625332362844,0.907778883244,-0.681937030935,5.15054062845,6.68022677089
1.91241012748,-0.961426328133,0.827065660349,-0.250244801754,10.4558823123,3.01619629149
0.728353527102,-1.7862577336,1.97046270749,1.74502525241,7.53470402306,1.64292386964
1.39823258731,-0.701202561345,5.5190757948,0.207738775542,3.13990734213,4.61447181573
0.468455940601,0.613323831027,1.50930791229,3.97299101758,4.87615039918,2.59494321149
0.272684840233,-1.33430274151,0.590849460762,-0.847920444907,3.01585021789,7.37829292818
1.48993634751,0.130391588723,3.87781471354,-0.881379306015,8.00661483375,5.65503757802
0.515206124217,-0.113244116888,4.36087983104,2.71267113523,-0.90375860296,-1.653676301
0.644629248136,-0.688755555776,1.47769903041,1.34538044828,6.14699160869,6.04257909376
0.386584998511,-1.13679201358,1.84258039802,0.431682464365,9.79833382013,7.16651723061
0.665257541249,-0.896721164084,1.87088431997,1.08098101393,7.46950678876,2.12193740631
0.871315266527,-1.23024227051,2.06785195777,0.817961336007,7.08770529726,2.94704916033
0.820576725737,-0.240470133917,3.18323625577,-0.495568500772,4.89419599732,1.33296443749
1.26617385812,-0.55405279087,2.42823782663,-1.11068731076,5.45522110511,3.02969630996
0.834372672777,-0.238520513595,1.89799306299,-0.0919919916976,6.78569353046,8.23332479741
1.36795190457,-0.966101483275,0.145749072973,1.61815025705,0.482584229856,4.00113013702
1.42971392686,-0.331575856356,2.79047430584,1.52755905126,7.63538459796,7.38024188154
1.02988150543,-1.48872221469,2.11207171355,2.2669427959,5.59156464918,2.01983227874
1.27470963792,0.0571579280176,1.77670110498,-0.976951366791,4.02153954236,1.84959398007
1.523949835,-1.36171017532,2.74241137217,-1.50392950042,2.98516226141,5.2302452853
2.10192056984,-0.311880113853,1.75071922879,2.48680366495,4.36343477738,2.93737366448
0.876855464631,0.244782282903,-0.181700214781,-1.68828893612,4.90876108791,5.16715496993
1.22507807861,-1.25875760411,1.71469371924,1.29561423508,4.59566943027,3.59300034723
0.948250489516,-1.01490505906,2.51374089351,-2.71096943856,9.89665429451,-2.05108672474
0.895139971295,-1.66290406447,0.863510863041,0.743370768506,4.56236062165,-3.95445461025
0.327828242739,-1.16834141948,3.73603816948,-0.360169136038,11.7526930203,7.27047280177
0.379836694678,-0.746790937674,0.649385453054,0.738432456712,2.80390710325,7.9559799295
1.38376527367,-0.482978340151,6.10647935341,-0.805546111107,9.4609193515,4.08423287726
0.353583639668,-0.841421882657,0.0660020674092,-2.64955928359,3.81093312949,3.89031797582
1.46178370877,-0.452146379642,2.49509623056,1.68462799232,7.11954640333,2.96587661364
1.24581198933,-0.979736417069,2.14740630687,-1.8624856336,3.55476005075,-0.991641732766
1.4484602951,-0.74802061014,1.91400473023,-0.699057550703,4.94754393044,5.82270414782
1.83561424107,-1.5918613342,1.95308060995,-0.712866763941,3.63307736159,2.27647843676
1.180810472,-0.850266481354,3.60521076518,-0.433277682527,7.12761469144,-0.739254483011
-0.317719835393,-0.610936775707,0.769261076621,-0.0819805762158,6.86725039008,4.84426573099
0.9197133248,-1.17699286434,1.14279078073,0.310383458759,11.4924317445,3.79588759922
0.688178539383,-0.764448938958,1.09038074644,0.265830215002,9.25295752878,6.76551328098
0.947473847081,-0.533749422215,2.20826943433,0.0846956490895,5.86167033287,-0.462899729055
0.797921738301,0.0103068888509,1.45321794808,0.607665250028,6.67022115803,-1.35874944544
0.663842498638,-1.21435852103,3.65939456438,0.739351308822,2.64638870997,6.14119718878
0.304827989655,0.450704807238,2.67603972642,1.17419513546,6.20437027591,8.55089169158
1.25599704363,-0.117180838384,0.758452068973,-0.332934758305,10.6122501732,6.09741111989
1.13499363873,-1.45613512064,3.22764184511,1.04621847371,5.5777217784,-1.93025608446
0.267586852917,-0.595471694626,0.79765400747,1.67002142724,8.14330218502,6.04327237792
1.84823474513,-0.689999269739,1.16759983072,-1.19169282132,9.79090488345,9.73559233492
0.980041886134,-1.41892353285,3.49298887524,0.740021818855,6.27434496631,1.94729873622
0.653113865177,-2.10515574234,3.17533801513,1.18890115943,9.3712625825,2.54962480747
1.03128588295,-1.16929865277,1.30679858249,-0.0975228478471,3.8089327834,4.70570042085
0.76606849692,-1.56451696243,1.77198684273,-1.918656777,9.67908133182,2.93663592542
0.449173578417,-0.913400856105,1.28123944899,1.53431678599,6.24066677844,5.67279070476
1.24145828176,-0.342703138085,2.84206929418,-0.286860615458,7.06192149112,1.78411246106
0.409349509144,-0.217822928131,2.1658113686,-0.255325133455,11.6055110559,1.86458132626
0.705684905367,-0.84642012196,3.16040618359,-0.383622838936,0.321975130455,0.989761614985
0.645537172236,-1.52153466999,2.60854207569,-1.07977207012,10.7978722292,9.10846226258
0.864429014064,-0.457683053961,2.24787326018,-2.22859214583,1.97452012517,3.81080106059
1.29805974035,-0.502964407199,3.69846257835,0.877455758418,5.23972934981,4.54827829076
0.410677291407,-1.19088600524,-1.40788121252,1.139077147,5.1531527838,5.19713756586
1.33465445708,0.259643432917,0.450176516824,-1.01452139024,7.50143140458,3.23307675809
1.43794321158,0.813043792417,3.06003047295,-1.49522167477,2.97453202836,6.19995664909
0.130647799465,-1.85545087789,1.17076555183,0.105542679965,2.60074821487,4.25644164395
1.05245421213,-1.06835907306,4.55305702381,-2.69491123502,10.0681895069,0.225308780417
1.10721298271,-0.694705423505,4.45329894758,-0.166487138692,7.04423281632,-0.874650699789
1.10376857888,-0.828272020625,1.0384983537,-1.30008257429,5.19630968933,10.2791096029
1.5721144037,-0.746361983807,3.75816528744,0.707257566303,1.5200761486,5.17462025348
0.189097933979,-1.41573037074,1.17672139728,3.44842329905,3.81835571928,1.74623483047
0.875531779327,-1.0320965645,3.76609396637,0.167375373471,6.65835433196,3.13363591688
2.02075891345,-0.476115381582,0.990874467289,-0.785936391006,2.59459379782,0.183362115479
0.712049393262,-0.0955857150663,3.5628407146,1.75869934961,6.07694353998,5.42441788419
0.159640470845,-0.130448939031,1.1170330485,0.388880972402,6.77318490509,5.215233173
0.282604020906,0.0861400078918,1.43790578899,-0.252450317052,6.58911929662,2.54416249259
0.688986529388,-0.400866365971,2.70188627781,0.850454147447,6.20507130841,9.32732470397
0.734016068943,-0.930793824059,3.94682280228,-1.73204145465,2.12424392683,8.46558980589
0.623169228066,-0.440526258829,0.738266330785,0.649931252512,9.54775654039,12.6270717532
0.313700453338,-1.34375799843,1.94706180606,-0.448954316941,2.9444362849,2.14213722235
1.6148208047,-1.41138348426,2.64343915562,0.789210197247,4.28435885865,7.26867580268
0.995747296282,-0.758365750942,3.0622970495,1.75779178141,11.0997579957,3.52127778454
1.67323071834,-0.69102443456,-0.499227837757,1.19845134322,3.38354471893,8.05198405612
0.29902558525,-1.57493265254,3.64669819352,0.796716301451,4.78811719775,1.72395962977
1.04872069994,-0.241594447326,4.52892962404,0.182113291826,5.51508699276,1.01556695623
1.31404473256,0.102591555782,3.96711082736,-0.577061398229,2.37505191852,0.0826440017144
0.761754518992,-1.16858154749,-0.337758708785,-0.864297271012,8.56644954789,0.366536422965
0.55945583364,-1.19764699336,2.29831208509,0.159968796202,7.57970952206,8.86924591899
1.0930202083,0.178060063059,0.597548398037,-3.77754650547,3.12065343423,4.89838816957
1.69355714578,-1.12555110999,0.722560706942,-0.383491010543,5.44637449063,6.60677185705
0.981085869317,-0.811284841109,-0.363468536309,-0.966722114709,-1.31086428732,7.5494514238
1.28755363955,-0.644128991422,1.32195091128,1.49124433898,-0.848844750432,2.67815115356
1.70637324581,-1.32322885522,1.58629724017,1.01232791851,6.45585400528,2.42307339927
1.46104661169,-1.25983492944,2.04951912305,0.233403471183,1.59519331074,-1.42276958678
1.0117868668,-0.655432592424,1.67938540702,0.551302328638,8.09139588487,4.61755928847
0.454060185821,-0.313754292438,0.806025773716,0.8367120201,4.55395857437,-2.39197627186
0.22528755536,-0.703845119364,1.12286671737,-0.379547910223,9.08182829714,1.04149952829
0.936287188921,-0.910491633571,-0.649434443322,-1.59098213501,8.22024715014,1.00654495514
0.892104903577,-1.11774312011,0.506326127781,-2.56831145992,5.42503318692,5.94355428721
0.649906534278,-1.88051133456,2.60470734292,-0.209399515275,3.265090411,3.92662585989
0.611395631006,-0.865980717702,1.73291739886,-1.15431172829,5.81414257115,4.29103738539
0.0439434288471,-1.04250031607,0.967986631705,-2.04946611949,6.64882660121,11.5494060129
0.0243697853489,-0.0596165021661,3.41123718038,-0.287991661547,9.71684416672,5.01207738247
1.01239141093,-0.249188677455,0.0791059991738,0.761981818715,5.96689531501,3.35193282535
1.24704479967,-0.854818427578,2.38564151615,0.458092766083,2.75837154622,8.07382668059
0.719363686547,-1.10914410569,3.3189465467,3.21521858812,2.2306095863,2.2309522738
0.369951024747,0.303250585405,2.50295844662,-0.766158623269,11.1344392774,1.56705916466
0.401287696548,-0.925118727928,3.30094372422,0.446198259099,4.79202981444,2.43914679861
0.78047878957,-1.00410028246,2.65194074626,-3.05158702682,3.10794062373,1.02862372935
-0.276574465652,-1.03284276201,-0.660893034235,0.234105237922,9.98975996879,5.80195282556
0.364331516865,-1.17620520388,0.63034135882,-1.48092940848,1.69560335291,2.16603115938
0.648794693765,-0.691505573355,1.04838250272,2.15449602967,6.81465255906,4.16227856741
0.62998564398,0.276749266428,2.42838603061,0.586876067832,7.32302664398,4.63241752659
0.693798899155,0.0281946080488,3.08303301544,-0.0162273409911,10.6743248293,6.39496925143
0.592136060243,-0.722917094718,1.60414426446,-1.42376427026,3.0661809212,1.11137076417
0.820802237898,-0.202921866027,1.85633023452,0.0912600808397,7.7698640416,5.52668061918
0.947194372988,-1.24863031232,0.314069222963,-1.84881672435,-1.42200787093,4.28901793241
1.35636343676,-0.709860192137,0.475959021865,-0.839773473922,4.34413353268,8.57826302119
1.10682052059,-1.48304522498,2.98463630563,-0.0109620635456,5.62587692604,4.42476474348
1.69708462279,-0.898860221646,1.63207981083,0.481674549232,5.07668566051,2.81279485788
0.238740296308,-0.818128560117,1.8310754435,-1.36704204892,8.38838336512,7.80430853511
1.1716555405,-0.784292892103,3.68244346891,-2.19974766517,3.85273363643,2.69118904966
1.30950631504,-0.563934938505,4.81261575473,-1.38726953914,2.11335396085,4.20994969617
1.14062821399,-0.688789216427,-0.633206976852,1.43234882145,3.85031182886,5.48278859638
1.19786759082,-1.28336232844,3.04517185242,0.56660221358,5.10164556611,0.128430379826
0.239751407642,-0.175693168603,1.9122356644,0.498283197415,7.82485826538,6.36855802151
0.822344640671,-0.688593072326,-0.555079920328,-0.00358866965523,4.45913340419,3.34505251839
0.0921527552066,-1.77851147059,3.9002599137,-0.157701085992,8.22938163945,3.53360769603
1.54063866639,-0.147767783374,1.06861039008,-1.73717257484,3.13510573573,3.45670987427
0.968023141964,-0.584571371493,2.50528855755,0.760972354373,3.38294075933,0.14831922707
1.35384492823,-1.22374593662,0.367233255561,-0.420743142351,14.3977070105,4.9320228934
1.18622064211,-0.364243360228,3.28951043523,0.959297211148,3.84613723317,3.31775415437
-0.0314816468876,-0.724197101582,-0.650256257315,0.54153694812,8.39518282447,-1.06440954278
1.76129611422,-0.535903829024,1.14807299996,-2.39218449955,6.0639158043,-2.17075054355
0.862916073228,0.196210950959,1.88259062112,-1.24822889429,8.66945469019,-2.85739120031
0.835546035233,-0.182659764985,1.09881138371,0.00731748289728,4.93048869289,6.07765547205
1.03420046752,-0.315657543064,0.4910550699,-1.31698331462,0.0542940928005,3.01168188202
2.06676670771,-0.695122546687,0.948411239262,-1.51098183443,1.16662157435,7.23550800971
0.360240135103,-1.71304286218,1.76085272693,-0.342507835861,5.46962483158,1.07088639904
0.948406917238,-0.525357118619,3.66758785144,1.19651547835,3.71478347169,1.45477232763
1.27475632933,-1.13165772655,0.877840532937,-1.80832294636,2.55780610543,0.595146536719
0.134115540737,-1.70813191014,1.67957211012,0.00106830185164,7.96568260832,4.50667829921
0.83860154678,-1.90177359747,1.42826942521,1.64266404494,5.52233062781,2.41153326771
0.970994835776,-0.667042926015,1.68994008529,-1.2468901849,6.46934482153,5.16815850592
1.31839766202,-0.867945775009,3.25764953794,2.29496101743,0.905205548435,4.84638214853
1.04552973871,-1.48329549596,0.114835720734,-0.675699079398,1.2832779288,0.531881780298
1.28358836708,-0.763478875454,3.67791974595,-1.01963000396,7.52335485661,0.285721144943
0.418652375176,0.0235220126906,1.78654918362,1.23030309257,4.01870321733,5.89326605205
1.82352774532,-0.613619140017,-0.704004786966,3.79421306479,8.99556484355,8.75469482355
1.43555676131,-1.06009832222,1.75480007841,-0.718229260182,-1.970562264,-0.40744512454
0.872869880007,-0.947475651222,2.40089648954,-0.299707502465,0.634907024798,6.90154093499
1.03412729198,-1.30885646086,2.73892229546,-1.90039834013,7.59944402854,-0.236102045069
0.579145409548,-0.33540531058,2.18623364259,-0.320701193636,1.80636662975,5.77331160365
0.15753423861,-0.792066072781,0.465788825244,1.35609279061,10.3130404252,3.15783212907
0.889760557839,-0.978175289685,1.62385915618,0.223160630293,5.57323879418,9.15923157566
1.09320723026,-0.914660314682,1.52493112534,0.522174956997,4.04781666227,3.10086358357
0.593309440146,0.0758887183514,1.25198528254,1.7625486523,6.90117325897,3.47301937412
0.866927261199,-0.908684854384,-0.369551448948,-0.384335475428,6.12892757464,6.72138278833
1.6022026785,-1.05518480126,2.88314921147,3.11825574947,6.34156928156,1.43093631723
0.650403857648,0.0975524531113,4.72794718712,2.43669695462,4.63371459877,5.90937145504
0.908890152761,-0.132750248056,1.48280305693,-0.386486229619,4.74976564027,0.805581409955
1.26206791325,-0.696430372382,1.04198622434,0.769996051653,3.81286647436,0.889212404897
0.93494218301,-0.446573828042,3.22218410526,1.4608544562,5.53947536656,1.18370235266
1.5523811208,-1.09969931679,1.59600818358,-1.16333665762,3.74984249084,9.78334642619
1.53960701025,-0.532078659437,1.09228058073,-2.8777854378,4.93214934646,4.84534986801
0.895657448045,-0.49699793698,0.84475593975,-1.37567214417,3.15245346412,4.21070707009
1.10194288813,-0.0442572874856,1.71227166892,-1.25660355027,6.6938534914,5.10186163748
0.69927955127,-1.77778548213,1.46136382123,2.60857762657,6.87194388369,4.04285065886
0.84105908842,-0.272782044043,2.11532511643,-0.815366388334,6.71972599339,1.64281781375
0.996673581887,-0.913525463416,2.50350130825,2.22381394438,3.2543896642,2.39996206729
1.63756869234,-0.61996731591,3.1348369566,3.54968363403,10.0152054058,4.032664512
0.526539694969,-0.432903428593,1.77010634877,1.59431583874,6.18671898695,6.6174335506
0.498245640595,-0.571872879166,3.26483768679,0.0308394213294,5.38790047217,4.24506932769
1.06590067465,-0.693502228123,2.28664192311,-0.0051739280265,3.02872235509,1.2285353193
0.267979242528,-0.346004889001,1.09424777004,0.749461772901,7.55098548686,5.76903007172
0.767808442459,-1.40345291922,1.84123497979,0.907532320123,4.47779770375,2.76832886023
0.412585449674,-0.893526273009,-0.35860320618,0.948605291647,7.40524932969,7.13561377256
0.136403161236,-0.218986628123,2.62643532179,0.0921654235215,6.27606239342,2.23039860878
1.01058899365,-1.5728773542,1.41444124062,-0.0777107926955,3.19363026019,3.09663048293
0.109007825956,-0.358861082318,0.932693293924,1.00695223741,8.16244712871,6.063501261
1.26710309817,-0.795953788113,2.68778565153,-0.259816838191,1.50725175062,1.76959561189
