step,replica_0_potential_energy_per_atom,replica_1_potential_energy_per_atom,replica_2_potential_energy_per_atom,replica_3_potential_energy_per_atom,replica_4_potential_energy_per_atom,replica_0_coordination_number,replica_1_coordination_number,replica_2_coordination_number,replica_3_coordination_number,replica_4_coordination_number
1000,-5.49134860761,-5.55471931501,-5.57799652128,-5.65610957088,-5.67394098752,12.2777777778,12.1481481481,12.462962963,12.3703703704,12.2962962963
1020,-5.56502023193,-5.63204224168,-5.44107851322,-5.59815918048,-5.67254318221,12.3703703704,12.2407407407,12.4814814815,12.537037037,12.4444444444
1040,-5.56761835782,-5.58791375092,-5.4288231668,-5.5906346688,-5.67516703668,12.3518518519,12.2037037037,12.4259259259,12.462962963,12.4074074074
1060,-5.56389921299,-5.61140853913,-5.5038055813,-5.61968950614,-5.70324464253,12.3333333333,12.0925925926,12.4074074074,12.4814814815,12.4259259259
1080,-5.53547218073,-5.54260482901,-5.50726672642,-5.64679970197,-5.63115915763,12.3148148148,12.2222222222,12.2777777778,12.3888888889,12.462962963
1100,-5.50274529937,-5.49283615139,-5.47961394622,-5.58938906687,-5.62867916666,12.2592592593,12.2037037037,12.2777777778,12.4259259259,12.462962963
1120,-5.50907363423,-5.57311107285,-5.46532671715,-5.55536762479,-5.5587905329,12.2222222222,12.2592592593,12.3703703704,12.4074074074,12.4074074074
1140,-5.52736969861,-5.59721193116,-5.50268477381,-5.54706057466,-5.56537694423,12.2407407407,12.3703703704,12.3703703704,12.1851851852,12.4259259259
1160,-5.49699409181,-5.53499041816,-5.49722290883,-5.5615676335,-5.63892438731,12.3333333333,12.2592592593,12.4444444444,12.1666666667,12.2962962963
1180,-5.4624057538,-5.59827241217,-5.48745333355,-5.53304186225,-5.621842633,12.4259259259,12.3703703704,12.3333333333,12.2407407407,12.1666666667
1200,-5.47405629484,-5.64395372694,-5.49895207734,-5.36378073326,-5.69859581606,12.2592592593,12.3703703704,12.2407407407,12.3148148148,12.1851851852
1220,-5.47659748758,-5.65319338644,-5.52020926528,-5.45072426773,-5.68843026292,12.3888888889,12.3148148148,12.3333333333,12.3703703704,12.2777777778
1240,-5.51037915184,-5.6856857414,-5.46713425603,-5.50671180376,-5.59372050681,12.4444444444,12.4444444444,12.2407407407,12.3888888889,12.3518518519
1260,-5.53625251945,-5.65268229972,-5.49033514,-5.45656967385,-5.555819694,12.4444444444,12.4074074074,12.2777777778,12.462962963,12.3703703704
1280,-5.56079523826,-5.58074211345,-5.49915693612,-5.45352355563,-5.59561881432,12.4444444444,12.5,12.3148148148,12.3703703704,12.3333333333
1300,-5.53119569501,-5.55915727645,-5.50716178288,-5.54778080098,-5.60145892783,12.4074074074,12.4259259259,12.2777777778,12.3703703704,12.3888888889
1320,-5.49842852125,-5.57731298402,-5.45138924935,-5.51201907583,-5.5448116597,12.3333333333,12.4074074074,12.2037037037,12.462962963,12.4444444444
1340,-5.50378878511,-5.59122286545,-5.48851632419,-5.5276267462,-5.50953146352,12.2037037037,12.537037037,12.2037037037,12.4074074074,12.5740740741
1360,-5.53436206375,-5.52999990638,-5.54406732769,-5.50241540531,-5.54621528871,12.2777777778,12.3888888889,12.2962962963,12.4814814815,12.5925925926
1380,-5.48451060916,-5.57850682397,-5.58865341521,-5.47976838636,-5.55063262047,12.3148148148,12.3888888889,12.2592592593,12.4074074074,12.5740740741
1400,-5.51750621339,-5.6011699988,-5.4972656015,-5.52296305283,-5.68161772131,12.2222222222,12.462962963,12.3148148148,12.462962963,12.5
1420,-5.46877879748,-5.67666019314,-5.57675745783,-5.57676369426,-5.64107828659,12.2777777778,12.462962963,12.5185185185,12.3703703704,12.3148148148
1440,-5.42322638821,-5.6419964221,-5.58957255345,-5.57626804822,-5.60769570106,12.3333333333,12.5185185185,12.4444444444,12.4074074074,12.4444444444
1460,-5.54137262669,-5.61795118877,-5.59943574959,-5.57420994241,-5.69793058079,12.3518518519,12.6481481481,12.3333333333,12.4259259259,12.3518518519
1480,-5.53687771016,-5.61788262867,-5.53930868008,-5.46391614299,-5.70626196457,12.2037037037,12.537037037,12.3333333333,12.4074074074,12.3518518519
1500,-5.48262071557,-5.55347624833,-5.53085038532,-5.46702021783,-5.56243193229,12.3333333333,12.4814814815,12.3888888889,12.4444444444,12.3518518519
1520,-5.41132211385,-5.56878656207,-5.47246631515,-5.56795975068,-5.57766515843,12.3518518519,12.4444444444,12.3148148148,12.3703703704,12.2407407407
1540,-5.39195373157,-5.56863960314,-5.54084838786,-5.53232612001,-5.71183936609,12.3518518519,12.4074074074,12.3148148148,12.3333333333,12.2592592593
1560,-5.48773361104,-5.59926170665,-5.59176463386,-5.53625165785,-5.57573143643,12.4074074074,12.4814814815,12.3703703704,12.3518518519,12.2592592593
1580,-5.57058076248,-5.60357586439,-5.55760312208,-5.46210369743,-5.46699549233,12.3518518519,12.4814814815,12.3518518519,12.3518518519,12.2222222222
1600,-5.47055271444,-5.57089775572,-5.54768412518,-5.52978473615,-5.55399293206,12.2037037037,12.462962963,12.3148148148,12.1481481481,12.3703703704
1620,-5.42885913526,-5.54502406752,-5.53477264851,-5.49401409646,-5.52965940697,12.2777777778,12.462962963,12.2962962963,12.0925925926,12.1666666667
1640,-5.49028663682,-5.63273638204,-5.46990172091,-5.46575874149,-5.53499411722,12.2222222222,12.5185185185,12.2962962963,12.2037037037,12.1481481481
1660,-5.49388162536,-5.71092048009,-5.54229067543,-5.50271737547,-5.51634704122,12.3148148148,12.4444444444,12.3888888889,12.2962962963,12.2407407407
1680,-5.39440144431,-5.59025232018,-5.54914942351,-5.51667859313,-5.47491640639,12.2407407407,12.4259259259,12.2592592593,12.4444444444,12.2407407407
1700,-5.29471647604,-5.56972436358,-5.45134039459,-5.44851886258,-5.44090837159,12.2592592593,12.4259259259,12.2407407407,12.3333333333,12.2407407407
1720,-5.33340294288,-5.54438851029,-5.47444455544,-5.4316683166,-5.48289671896,12.2222222222,12.4074074074,12.3703703704,12.1666666667,12.3333333333
1740,-5.37914055335,-5.5681850584,-5.52405262694,-5.4200092823,-5.47158545779,12.1111111111,12.3518518519,12.4814814815,12.1296296296,12.3148148148
1760,-5.36703566722,-5.56415300235,-5.51079395456,-5.43252446336,-5.53009335017,12,12.3148148148,12.4444444444,12.037037037,12.2222222222
1780,-5.36490908107,-5.57447928793,-5.46316441042,-5.44095494835,-5.419667282,12.0925925926,12.3333333333,12.2962962963,12.0740740741,12.2407407407
1800,-5.31568183793,-5.50360328176,-5.45406895414,-5.59777006695,-5.41325957657,12.1851851852,12.3333333333,12.3703703704,12.1481481481,12.1481481481
1820,-5.20986627227,-5.50953219615,-5.5624316586,-5.59489058857,-5.38631833177,12.1296296296,12.4814814815,12.3518518519,12.1851851852,12.037037037
1840,-5.32632871711,-5.61219308558,-5.43990476849,-5.59149126485,-5.4633983256,11.9444444444,12.4814814815,12.2407407407,12.3148148148,12.1481481481
1860,-5.28059452936,-5.54888130312,-5.42904924845,-5.54880467654,-5.45969294916,12.037037037,12.4814814815,12.3518518519,12.3703703704,12.0555555556
1880,-5.30801775134,-5.55732094636,-5.50253888992,-5.47788160852,-5.52287355806,12.2037037037,12.5,12.3333333333,12.4259259259,12.0740740741
1900,-5.26959452712,-5.58685615337,-5.52880254237,-5.44253481755,-5.44395544236,12.2037037037,12.3333333333,12.3703703704,12.4259259259,12.1481481481
1920,-5.34408212005,-5.57624180202,-5.51449474541,-5.57234976731,-5.44353326413,12.2592592593,12.5,12.4814814815,12.3888888889,12.037037037
1940,-5.48124946478,-5.55851651263,-5.58451479829,-5.53227533618,-5.48556148792,12.2777777778,12.3888888889,12.5,12.3888888889,12.1111111111
1960,-5.28018381373,-5.67508553268,-5.53919723764,-5.5102740588,-5.55162728813,12.2037037037,12.3148148148,12.4259259259,12.3888888889,12.1666666667
1980,-5.19349113484,-5.57631204593,-5.50861495879,-5.53964308899,-5.55314602395,12.0925925926,12.2962962963,12.462962963,12.4259259259,12.2222222222
2000,-5.28549094113,-5.45772172969,-5.56502971595,-5.45809714432,-5.50781762876,11.9444444444,12.462962963,12.3518518519,12.3333333333,12.1296296296
2020,-5.31367602366,-5.48121523542,-5.60685851555,-5.5181517742,-5.45957322378,11.9444444444,12.4259259259,12.537037037,12.3333333333,12.1666666667
2040,-5.3393271247,-5.50248560787,-5.59081896056,-5.60015505164,-5.41206118347,12.0740740741,12.2407407407,12.4259259259,12.3888888889,12.2407407407
2060,-5.41828058529,-5.47942933765,-5.54008534837,-5.59937831472,-5.52346943478,12.1666666667,12.1851851852,12.4814814815,12.2962962963,12.2407407407
2080,-5.40087576597,-5.47196969494,-5.44713558774,-5.59467260606,-5.51872567018,12.1666666667,12.1111111111,12.4444444444,12.2592592593,12.2037037037
2100,-5.34338106859,-5.45805441049,-5.57436335281,-5.55631966286,-5.44191909611,12.0555555556,12.2037037037,12.4444444444,12.3703703704,12.1851851852
2120,-5.35292963057,-5.47637696722,-5.62260589228,-5.50572449235,-5.45383505801,12.0555555556,12.3518518519,12.3888888889,12.4259259259,12.1666666667
2140,-5.32640938599,-5.47532687688,-5.64568627726,-5.45276970901,-5.53043842076,12.0555555556,12.2037037037,12.3333333333,12.3703703704,12.3333333333
2160,-5.40076520011,-5.4939652427,-5.60218256604,-5.44173198482,-5.56746273984,12.0555555556,12.4074074074,12.3888888889,12.3703703704,12.3148148148
2180,-5.33919800861,-5.42783057789,-5.57343558332,-5.52763160281,-5.48331605639,12.2777777778,12.4074074074,12.4074074074,12.4074074074,12.4444444444
2200,-5.35213758366,-5.36905901945,-5.52649287989,-5.52752347116,-5.56012504559,12.3888888889,12.3148148148,12.3703703704,12.4814814815,12.3888888889
2220,-5.35617732923,-5.44022544576,-5.47231955566,-5.55991862668,-5.56032830645,12.3148148148,12.2592592593,12.2962962963,12.4814814815,12.4814814815
2240,-5.33637212395,-5.33452623445,-5.4262379986,-5.52935590484,-5.50307738687,12.1851851852,12.2592592593,12.4074074074,12.2777777778,12.3888888889
2260,-5.38183725042,-5.43367686592,-5.46477751322,-5.48624961254,-5.46750546203,12.0555555556,12.3333333333,12.4259259259,12.3148148148,12.3888888889
2280,-5.3145438125,-5.41381586264,-5.46192003324,-5.52739562556,-5.5058543981,12,12.3703703704,12.2592592593,12.3518518519,12.4074074074
2300,-5.2263272473,-5.2992364996,-5.48412097217,-5.59421874856,-5.51786178882,12.0185185185,12.3148148148,12.2037037037,12.2407407407,12.4814814815
2320,-5.30314739885,-5.33233068228,-5.51467849548,-5.49433301426,-5.41260538989,11.9814814815,12.3333333333,12.2592592593,12.3148148148,12.5555555556
2340,-5.39277367267,-5.40756198968,-5.56748984463,-5.41484655227,-5.338702973,12.1296296296,12.3518518519,12.2222222222,12.3148148148,12.3518518519
2360,-5.36957719769,-5.39144038491,-5.58125234273,-5.42518770334,-5.37486321333,12.1666666667,12.2962962963,12.2407407407,12.2037037037,12.2777777778
2380,-5.41632992702,-5.26720570562,-5.55698496799,-5.42998080791,-5.48585340573,12.1851851852,12.3333333333,12.2407407407,12.2777777778,12.2962962963
2400,-5.42237938334,-5.41839716532,-5.5608152822,-5.53793583349,-5.38907585667,12,12.3888888889,12.4259259259,12.462962963,12.4444444444
2420,-5.3848977382,-5.43195317018,-5.500127398,-5.6279752959,-5.5008264624,12.0185185185,12.3148148148,12.462962963,12.462962963,12.3888888889
2440,-5.36130107699,-5.31953761674,-5.43996921158,-5.56813942756,-5.49777340054,11.962962963,12.2962962963,12.462962963,12.5555555556,12.3333333333
2460,-5.35521527019,-5.42506325565,-5.51579916495,-5.43105549679,-5.44294651761,11.9444444444,12.3518518519,12.4444444444,12.5925925926,12.2962962963
2480,-5.32869411264,-5.42575660414,-5.51079355253,-5.47020281902,-5.53119663503,12.0555555556,12.4444444444,12.3333333333,12.5,12.3888888889
2500,-5.2740546908,-5.41011986739,-5.63155984299,-5.45923573245,-5.61456409647,12.037037037,12.462962963,12.4074074074,12.4444444444,12.3333333333
2520,-5.2753165492,-5.39074961628,-5.70478582905,-5.41674619368,-5.613539599,12.0185185185,12.4814814815,12.3703703704,12.462962963,12.4259259259
2540,-5.30153289165,-5.41890346721,-5.69130893896,-5.44821223158,-5.51793646517,12.0555555556,12.3888888889,12.462962963,12.3518518519,12.3888888889
2560,-5.35841394688,-5.40417293915,-5.61626395476,-5.50332099257,-5.59291026974,12,12.3518518519,12.462962963,12.3333333333,12.2777777778
2580,-5.26358862899,-5.37326888922,-5.57036554846,-5.45129432001,-5.5860309054,11.962962963,12.3333333333,12.4074074074,12.3333333333,12.3333333333
2600,-5.23607122158,-5.37061695936,-5.56248334353,-5.41666602194,-5.51736975005,12.037037037,12.2222222222,12.3333333333,12.1296296296,12.3888888889
2620,-5.31851943315,-5.25287440959,-5.54793843111,-5.43730526059,-5.55286367108,12.1111111111,12.2407407407,12.1851851852,12.1851851852,12.3518518519
2640,-5.28306899618,-5.31585470496,-5.44863727674,-5.46752153416,-5.49478814024,12.037037037,12.537037037,12.1481481481,12.2037037037,12.2962962963
2660,-5.34640772344,-5.36162424435,-5.40769181222,-5.41501260439,-5.53629993264,12.0555555556,12.4259259259,12.2407407407,12.3148148148,12.4259259259
2680,-5.2395046228,-5.34920389532,-5.51681586576,-5.37328443089,-5.60825790437,12,12.3888888889,12.3518518519,12.3148148148,12.3703703704
2700,-5.2439427182,-5.25207079218,-5.48578780882,-5.4207680342,-5.60646218003,11.9259259259,12.3703703704,12.4074074074,12.1296296296,12.2592592593
2720,-5.28565573822,-5.19190399235,-5.4958620356,-5.46938992647,-5.51946625552,11.8703703704,12.2222222222,12.3333333333,12.3148148148,12.2962962963
2740,-5.2124239202,-5.33862645231,-5.53003631759,-5.48963938929,-5.51779601656,12.1296296296,12.2592592593,12.2777777778,12.4444444444,12.3703703704
2760,-5.1879085212,-5.25144063879,-5.51220696251,-5.55794206025,-5.53602720805,12.1666666667,12.0925925926,12.3703703704,12.4259259259,12.3148148148
2780,-5.22151402039,-5.30660576388,-5.57172358547,-5.50588129469,-5.53516754747,12.1296296296,12.0740740741,12.3703703704,12.2962962963,12.2592592593
2800,-5.21719693377,-5.30887171212,-5.52881941716,-5.45338884596,-5.51416140281,12.0925925926,12.2407407407,12.5,12.4074074074,12.2962962963
2820,-5.18748876026,-5.32542093383,-5.46134135826,-5.40988234022,-5.58071309054,12.2407407407,12.2592592593,12.3518518519,12.2962962963,12.3518518519
2840,-5.19501428176,-5.36636760709,-5.4375639028,-5.42275515036,-5.68619713763,12.1481481481,12.3333333333,12.3703703704,12.4074074074,12.3148148148
2860,-5.24258086652,-5.31680626022,-5.43526674958,-5.40115060798,-5.67648510651,12.0740740741,12.1851851852,12.2962962963,12.3518518519,12.3148148148
2880,-5.19140820949,-5.37230134117,-5.54386449831,-5.40294262353,-5.61700257877,11.8888888889,12.1111111111,12.4074074074,12.5185185185,12.5
2900,-5.12305225396,-5.38389538389,-5.50156375059,-5.51411989629,-5.5583872376,11.9074074074,12.2037037037,12.4074074074,12.4074074074,12.5185185185
2920,-5.20304623642,-5.36644039435,-5.41829364235,-5.4526431384,-5.50468900702,12.0185185185,12.0925925926,12.4259259259,12.3333333333,12.537037037
2940,-5.15964727473,-5.33123016515,-5.42260685818,-5.45368353842,-5.57680994694,11.7777777778,12.2222222222,12.3703703704,12.3518518519,12.5925925926
2960,-5.15771464384,-5.38830827911,-5.52330509801,-5.51379013014,-5.55596052562,11.7962962963,12.2222222222,12.2407407407,12.3148148148,12.4814814815
2980,-5.249262394,-5.47656840923,-5.40376045698,-5.56116747787,-5.56025624869,11.9074074074,12.3518518519,12.3703703704,12.4074074074,12.3703703704
3000,-5.22627711681,-5.52124684743,-5.46845441069,-5.52324571982,-5.60425951966,11.9444444444,12.4074074074,12.2777777778,12.5185185185,12.3888888889
3020,-5.1868234415,-5.4905206761,-5.55635906122,-5.53830638547,-5.596740364,11.8888888889,12.3518518519,12.3888888889,12.5740740741,12.1851851852
3040,-5.23702908654,-5.47812921568,-5.55014705006,-5.64574181511,-5.55565685932,12,12.2407407407,12.2592592593,12.5,12.3703703704
3060,-5.11288566129,-5.47340585053,-5.43121427804,-5.5231482522,-5.54548401453,11.8518518519,12.3148148148,12.3148148148,12.3703703704,12.2777777778
3080,-5.15641098965,-5.37198609735,-5.43776067826,-5.51607755077,-5.45112352348,11.8518518519,12.2962962963,12.3148148148,12.4444444444,12.3333333333
3100,-5.19345569502,-5.41854784872,-5.57402875251,-5.60013559089,-5.57565160074,11.9444444444,12.3703703704,12.462962963,12.4074074074,12.2037037037
3120,-5.20738684338,-5.38667904437,-5.53025037682,-5.6498903126,-5.59991410254,11.9074074074,12.3888888889,12.3888888889,12.4074074074,12.3888888889
3140,-5.31150798331,-5.42689348516,-5.53654364256,-5.59271321329,-5.50436131968,11.9444444444,12.3148148148,12.3518518519,12.3333333333,12.4074074074
3160,-5.25247300482,-5.39837577101,-5.50435657219,-5.54123890375,-5.51499238108,11.9074074074,12.3148148148,12.3148148148,12.3888888889,12.4259259259
3180,-5.19509524786,-5.41501747647,-5.41721469134,-5.56980389818,-5.53688803646,11.9444444444,12.2407407407,12.3703703704,12.2962962963,12.3703703704
3200,-5.31542171554,-5.48861991563,-5.42386942301,-5.567920713,-5.542546121,11.9814814815,12.3703703704,12.462962963,12.2222222222,12.5
3220,-5.22295153334,-5.46579633517,-5.45531147084,-5.45012601904,-5.61481468317,12,12.4074074074,12.4444444444,12.3703703704,12.462962963
3240,-5.19896543913,-5.40740514416,-5.49379558218,-5.53990189243,-5.59129781923,12,12.4814814815,12.5740740741,12.3703703704,12.4444444444
3260,-5.25050790115,-5.47290500726,-5.47058494966,-5.60476029309,-5.60191839468,11.8888888889,12.5555555556,12.4259259259,12.2407407407,12.3703703704
3280,-5.19068764958,-5.48081058533,-5.52886265523,-5.52624840488,-5.71174037851,11.7962962963,12.5555555556,12.4444444444,12.2407407407,12.3333333333
3300,-5.17902067128,-5.49061295213,-5.53543420246,-5.49319670801,-5.71390949421,11.7407407407,12.5185185185,12.6666666667,12.3148148148,12.4259259259
3320,-5.24848949634,-5.51112456528,-5.50528454493,-5.51956715925,-5.63644575409,11.7592592593,12.5185185185,12.6851851852,12.2037037037,12.4444444444
3340,-5.26493583572,-5.47841789057,-5.47916566522,-5.52148643154,-5.50618098269,11.8703703704,12.5,12.6666666667,12.1296296296,12.3518518519
3360,-5.24173465045,-5.50068210114,-5.35812421092,-5.55056140228,-5.59246572199,12.0185185185,12.537037037,12.462962963,12.2592592593,12.4444444444
3380,-5.27673376143,-5.55522092564,-5.34576874618,-5.54877956494,-5.62807105662,12,12.5555555556,12.5,12.2407407407,12.3703703704
3400,-5.37008313393,-5.54394654397,-5.51947314135,-5.51387258719,-5.5484281695,11.962962963,12.537037037,12.4259259259,12.3333333333,12.3518518519
3420,-5.37807039171,-5.51668917082,-5.44467317529,-5.53767342889,-5.56803855163,12.1851851852,12.537037037,12.5,12.2962962963,12.3518518519
3440,-5.32349150594,-5.52482203974,-5.48838963081,-5.49058907917,-5.6772970871,12.2407407407,12.5185185185,12.4074074074,12.2037037037,12.4444444444
3460,-5.35124659081,-5.54472116951,-5.52207876152,-5.58886761204,-5.63252295229,12.1666666667,12.462962963,12.4444444444,12.2777777778,12.3888888889
3480,-5.34166591037,-5.53739288841,-5.35601591266,-5.62162137747,-5.60422281895,12.1481481481,12.2777777778,12.2962962963,12.2407407407,12.4814814815
3500,-5.30666736055,-5.58259330693,-5.35193788495,-5.61828089513,-5.63342646429,12.1481481481,12.2222222222,12.2777777778,12.3518518519,12.4259259259
3520,-5.33817631591,-5.58476194195,-5.46685820763,-5.58565687129,-5.64926479899,12.0740740741,12.3888888889,12.1481481481,12.3148148148,12.3888888889
3540,-5.33219417512,-5.50731970965,-5.46241455183,-5.63122087859,-5.6201707768,12.0740740741,12.3148148148,12.1851851852,12.2962962963,12.3888888889
3560,-5.44197642211,-5.54220094002,-5.37611767915,-5.57931194191,-5.50747701108,12.0925925926,12.3518518519,12.1851851852,12.1851851852,12.4444444444
3580,-5.38568976682,-5.61685473207,-5.47491775026,-5.60978247719,-5.64601382964,12.2037037037,12.3148148148,12.2962962963,12.3148148148,12.4074074074
3600,-5.28826435939,-5.59755215236,-5.53631644376,-5.59304190659,-5.68194284733,12.1666666667,12.2037037037,12.2407407407,12.3148148148,12.4814814815
3620,-5.32492122685,-5.65551472622,-5.45757811213,-5.61985697694,-5.68860179038,12.1111111111,12.2407407407,12.2222222222,12.2777777778,12.4444444444
3640,-5.27235957852,-5.61332571343,-5.56672436583,-5.60197872294,-5.61538151669,12.0925925926,12.2962962963,12.1666666667,12.2592592593,12.4074074074
3660,-5.32644024414,-5.59583151603,-5.593698871,-5.58952733109,-5.52536318216,12.2592592593,12.4074074074,12.3333333333,12.3703703704,12.462962963
3680,-5.35011801774,-5.67741074763,-5.55424273393,-5.56106675896,-5.59485269276,12.2037037037,12.3333333333,12.3148148148,12.4074074074,12.3703703704
3700,-5.37253520421,-5.62440714414,-5.56174703505,-5.57451655056,-5.60055264551,12.3333333333,12.3333333333,12.3148148148,12.3703703704,12.3148148148
3720,-5.37480515525,-5.5817727296,-5.53634819397,-5.60579297542,-5.51413374394,12.2777777778,12.4444444444,12.4814814815,12.3703703704,12.2962962963
3740,-5.32252658617,-5.57052240821,-5.50957249421,-5.6223145378,-5.45575815717,12.2962962963,12.3333333333,12.462962963,12.3888888889,12.5
3760,-5.41436697474,-5.61607567362,-5.54732961719,-5.62410174314,-5.54426249426,12.2407407407,12.462962963,12.5,12.4259259259,12.4814814815
3780,-5.42963722004,-5.62657696876,-5.63390202505,-5.53303546685,-5.49721059295,12.2222222222,12.3148148148,12.3333333333,12.3148148148,12.4074074074
3800,-5.34752777925,-5.51208592058,-5.58310895566,-5.53484000567,-5.46336722965,12.1666666667,12.3703703704,12.5,12.3703703704,12.2962962963
3820,-5.32446511189,-5.56447598905,-5.52593703293,-5.55220729394,-5.4497939791,12.2222222222,12.2962962963,12.2592592593,12.3703703704,12.2222222222
3840,-5.35231294956,-5.64188700562,-5.52101283455,-5.59930067964,-5.53620904571,12.2962962963,12.3518518519,12.3148148148,12.4814814815,12.2407407407
3860,-5.36076527043,-5.62797248079,-5.52989639956,-5.63094486758,-5.51654580004,12.3148148148,12.3518518519,12.2962962963,12.462962963,12.2592592593
3880,-5.33295129473,-5.54206272329,-5.54483913513,-5.60174473815,-5.44940599298,12.3518518519,12.462962963,12.3703703704,12.4444444444,12.2777777778
3900,-5.323514673,-5.48436680961,-5.63241808352,-5.55373243427,-5.46926532375,12.2592592593,12.5555555556,12.4814814815,12.2777777778,12.2407407407
3920,-5.36682034277,-5.53761390511,-5.5664073427,-5.55625932966,-5.53593937133,12.0555555556,12.3518518519,12.5,12.2222222222,12.3333333333
3940,-5.40289872572,-5.55768755037,-5.51812882995,-5.59808299053,-5.42595921967,12,12.3333333333,12.6296296296,12.3148148148,12.2407407407
3960,-5.30359111759,-5.56299580872,-5.56850098567,-5.57462924168,-5.41582969246,12.0185185185,12.3888888889,12.5740740741,12.3148148148,12.3703703704
3980,-5.3450502896,-5.51362738156,-5.58922480829,-5.6195573332,-5.58341988072,12.1666666667,12.2962962963,12.6481481481,12.3518518519,12.3148148148
4000,-5.34828494715,-5.5155709745,-5.54342092937,-5.63329645791,-5.46667886589,12.1481481481,12.2037037037,12.6111111111,12.4259259259,12.2777777778
4020,-5.32235681297,-5.45269676528,-5.52524567837,-5.70702053378,-5.45047613406,12,12.1851851852,12.462962963,12.4074074074,12.2962962963
4040,-5.28985260314,-5.47671172295,-5.45640270903,-5.66834940426,-5.46508152191,12.037037037,12.2222222222,12.5,12.4259259259,12.462962963
4060,-5.23461651729,-5.57763663201,-5.52973705019,-5.64966220184,-5.42214098044,12.0740740741,12.3518518519,12.3888888889,12.3518518519,12.462962963
4080,-5.28219562476,-5.584045011,-5.49969974582,-5.77085255534,-5.44173745548,11.9444444444,12.3333333333,12.4074074074,12.4444444444,12.3148148148
4100,-5.27154570752,-5.49843450787,-5.57756021897,-5.67478380907,-5.48340224157,12.1111111111,12.2777777778,12.3518518519,12.4444444444,12.3888888889
4120,-5.25873719749,-5.44005582574,-5.65323174313,-5.58428964738,-5.47529599266,12.0555555556,12.4259259259,12.3888888889,12.3518518519,12.3703703704
4140,-5.30836328816,-5.46716008132,-5.65336838983,-5.55679853614,-5.51679112901,11.8703703704,12.2777777778,12.3888888889,12.2962962963,12.2592592593
4160,-5.35582040958,-5.53125452462,-5.5246095883,-5.5165407964,-5.5005112806,11.8888888889,12.2037037037,12.5185185185,12.3888888889,12.2222222222
4180,-5.26810236896,-5.50944824694,-5.55952847553,-5.56796956821,-5.38624426685,11.9814814815,12.2037037037,12.4259259259,12.3888888889,12.2222222222
4200,-5.31677456599,-5.4311795064,-5.61361812397,-5.60995538528,-5.45514622629,11.9074074074,12.1481481481,12.4074074074,12.2592592593,12.3333333333
4220,-5.32815608725,-5.49347178271,-5.66467104463,-5.61906951633,-5.41283328155,12.0740740741,12.3518518519,12.3888888889,12.2222222222,12.3518518519
4240,-5.30994660943,-5.5680721059,-5.67256209334,-5.67042019415,-5.42470204917,12.0925925926,12.2407407407,12.3148148148,12.2222222222,12.3148148148
4260,-5.35472181512,-5.50629527594,-5.62707945512,-5.62335791996,-5.38409839549,11.8703703704,12.2592592593,12.3703703704,12.3333333333,12.462962963
4280,-5.30409788351,-5.54307210088,-5.63638717684,-5.57266251498,-5.44341207384,12,12.2037037037,12.3888888889,12.4074074074,12.3888888889
4300,-5.2054473298,-5.57972556663,-5.67824474976,-5.57356067943,-5.47385530702,12.0555555556,12.1851851852,12.3888888889,12.3518518519,12.3518518519
4320,-5.24040582065,-5.55280096077,-5.63735547743,-5.54412587298,-5.5278892246,12.1666666667,12.2592592593,12.3703703704,12.4444444444,12.3703703704
4340,-5.22555621514,-5.52811986526,-5.59065138826,-5.56727375836,-5.53658486116,12.1666666667,12.3148148148,12.4074074074,12.3333333333,12.4444444444
4360,-5.28355902778,-5.49970046524,-5.70310138702,-5.61049213276,-5.46723633984,12.0185185185,12.3518518519,12.5,12.3148148148,12.3888888889
4380,-5.30278300215,-5.53670803042,-5.64052635265,-5.57371429766,-5.49443671443,11.962962963,12.2222222222,12.4074074074,12.2962962963,12.3333333333
4400,-5.27403457758,-5.54264937675,-5.49512780744,-5.60588439995,-5.5581753397,11.962962963,12.3888888889,12.3518518519,12.1666666667,12.4074074074
4420,-5.31133801965,-5.54154129928,-5.49197617917,-5.61104628985,-5.53205399078,12.037037037,12.3333333333,12.3333333333,12.2222222222,12.537037037
4440,-5.31812339322,-5.59190149593,-5.55914321609,-5.58906455506,-5.52093617525,12.0925925926,12.2777777778,12.3888888889,12.2222222222,12.5925925926
4460,-5.10579844973,-5.54487579048,-5.50859322777,-5.62666394193,-5.53917393986,11.9814814815,12.2592592593,12.4814814815,12.2222222222,12.5555555556
4480,-5.22641529269,-5.53006157288,-5.51768062398,-5.62931341963,-5.60360928485,12.0185185185,12.3703703704,12.5185185185,12.2407407407,12.3703703704
4500,-5.26868614015,-5.55450616336,-5.47181206559,-5.63288351589,-5.49648458319,11.9259259259,12.2962962963,12.4444444444,12.2962962963,12.4444444444
4520,-5.26081045796,-5.56337853295,-5.40069796252,-5.58414855884,-5.39140009388,11.9444444444,12.3703703704,12.4814814815,12.1851851852,12.4074074074
4540,-5.30578897529,-5.51768082517,-5.50781229734,-5.52826812744,-5.57077821918,12.0555555556,12.2962962963,12.462962963,12.1481481481,12.3518518519
4560,-5.32246173039,-5.49457625965,-5.51629239397,-5.5628248784,-5.64283578747,12.0555555556,12.3888888889,12.5,12.1666666667,12.3148148148
4580,-5.30922574102,-5.51183871297,-5.48812179484,-5.61678051182,-5.57613804239,12.1296296296,12.3148148148,12.537037037,12.2777777778,12.1666666667
4600,-5.26334763013,-5.45398638085,-5.4786838159,-5.62062148764,-5.576069175,12.0740740741,12.4814814815,12.3333333333,12.2407407407,12.0925925926
4620,-5.30670748151,-5.51475914237,-5.5051309174,-5.58847582332,-5.55577856259,12.037037037,12.4444444444,12.3333333333,12.2962962963,12.0740740741
4640,-5.35093483723,-5.56831979747,-5.51753411948,-5.47098912715,-5.48800224662,11.962962963,12.5925925926,12.3148148148,12.4074074074,12
4660,-5.31353656425,-5.5258047502,-5.45949222344,-5.54052818649,-5.50051532566,12.1111111111,12.537037037,12.3703703704,12.2777777778,12.0740740741
4680,-5.26682341038,-5.6152940198,-5.55181197509,-5.57005678088,-5.58143674099,12.0740740741,12.4074074074,12.3148148148,12.2962962963,12.1296296296
4700,-5.32613446082,-5.6302531747,-5.52510020173,-5.5295369551,-5.56120713416,12.0925925926,12.5555555556,12.2407407407,12.3888888889,12.1296296296
4720,-5.25528276703,-5.58866929516,-5.46548604501,-5.44589581186,-5.54398654444,12.037037037,12.4074074074,12.1666666667,12.3518518519,12.2222222222
4740,-5.29081211695,-5.555888471,-5.50154911061,-5.4881781128,-5.5467225017,12.0185185185,12.4259259259,12.037037037,12.2037037037,12.1111111111
4760,-5.3761453283,-5.58554031781,-5.44387745777,-5.49100018851,-5.59719838004,12.0555555556,12.3888888889,12.0555555556,12.2222222222,12.1851851852
4780,-5.38451636346,-5.64480780594,-5.43718634231,-5.45261838915,-5.58089371562,12.2037037037,12.5,12.2037037037,12.2592592593,12.3333333333
4800,-5.29123950121,-5.67562412029,-5.59026397325,-5.51992616453,-5.61005317201,12.2592592593,12.5,12.3888888889,12.3148148148,12.4444444444
4820,-5.34754002319,-5.64384551513,-5.59048416184,-5.62588162821,-5.5486946509,12.1851851852,12.462962963,12.3518518519,12.2407407407,12.5
4840,-5.30851858745,-5.58115325352,-5.61903587621,-5.50846578613,-5.53056889873,12.2777777778,12.3703703704,12.3888888889,12.3703703704,12.5185185185
4860,-5.26274282925,-5.54818664707,-5.50713036421,-5.42430991906,-5.61352112252,12.2037037037,12.3148148148,12.5555555556,12.3333333333,12.462962963
4880,-5.24500730131,-5.64986603788,-5.53871262295,-5.57202600118,-5.57297791075,12.2037037037,12.3888888889,12.4814814815,12.3703703704,12.3703703704
4900,-5.26093147226,-5.53592537808,-5.58232530379,-5.59905880066,-5.54386321895,12.2592592593,12.3703703704,12.3333333333,12.2592592593,12.3888888889
4920,-5.16281214101,-5.55556548759,-5.50065389171,-5.52542397674,-5.49761718999,12.1111111111,12.3333333333,12.3148148148,12.1666666667,12.3148148148
4940,-5.14140553871,-5.61266348705,-5.56110159521,-5.33190808737,-5.44256670115,12.1111111111,12.4074074074,12.4074074074,12.0555555556,12.2962962963
4960,-5.07625937894,-5.60304937761,-5.52172630082,-5.39233510458,-5.52937272662,12.0555555556,12.2962962963,12.3888888889,12.037037037,12.3333333333
4980,-5.23598973189,-5.65588971648,-5.52775751228,-5.41572172798,-5.57316258024,12.0925925926,12.2592592593,12.462962963,12.1851851852,12.3703703704
5000,-5.1186746871,-5.64095649925,-5.50978920718,-5.40824310682,-5.55123492106,12.1666666667,12.2222222222,12.4444444444,12.3148148148,12.3518518519
5020,-5.24603448703,-5.6039625598,-5.62814637309,-5.43241949475,-5.53170952201,12.1481481481,12.3148148148,12.5,12.2777777778,12.4444444444
5040,-5.3283469296,-5.55005172752,-5.65235491403,-5.41090006707,-5.49200130756,12.1111111111,12.3148148148,12.5185185185,12.3148148148,12.4444444444
5060,-5.2873383481,-5.58606530203,-5.5763400633,-5.44628788087,-5.51274786584,12.1111111111,12.3148148148,12.462962963,12.3333333333,12.462962963
5080,-5.24251679062,-5.62384845739,-5.53823041996,-5.48416489064,-5.6041403408,12.2037037037,12.2222222222,12.3703703704,12.2777777778,12.4259259259
5100,-5.30850192401,-5.55582090576,-5.56822382276,-5.50411227932,-5.64648316837,12.0925925926,12.2592592593,12.3518518519,12.3518518519,12.3333333333
5120,-5.24312183121,-5.60194549873,-5.52064920276,-5.52821849624,-5.51109591882,12.1666666667,12.3148148148,12.4814814815,12.537037037,12.4444444444
5140,-5.32289273645,-5.5455224074,-5.52774398186,-5.60730813839,-5.49279280188,12.0925925926,12.1481481481,12.537037037,12.6481481481,12.5185185185
5160,-5.26712075109,-5.56276580206,-5.48400774552,-5.56214450331,-5.51770562586,12.0925925926,12.1296296296,12.462962963,12.5925925926,12.3703703704
5180,-5.29896351447,-5.52591202375,-5.44788187874,-5.51071954443,-5.4328406048,12.1296296296,12.1481481481,12.5,12.5925925926,12.3518518519
5200,-5.33072124314,-5.53452062445,-5.40917316772,-5.48853012668,-5.5172243138,12.2037037037,12.2407407407,12.3703703704,12.6481481481,12.2037037037
5220,-5.32810660021,-5.51900951934,-5.47945960147,-5.48680407909,-5.51270090004,12.2037037037,12.3148148148,12.3703703704,12.5740740741,12.3148148148
5240,-5.25438609901,-5.57127690264,-5.50033019878,-5.54771877096,-5.45896203398,12.1111111111,12.3518518519,12.4074074074,12.5740740741,12.2407407407
5260,-5.27931359447,-5.5193633538,-5.48589313476,-5.59423057725,-5.47015105569,12.1851851852,12.3518518519,12.3888888889,12.5185185185,12.2222222222
5280,-5.29211417842,-5.56935194989,-5.50880266229,-5.56145216049,-5.44278737786,12.1111111111,12.3888888889,12.2962962963,12.4814814815,12.4259259259
5300,-5.29446001926,-5.62282402588,-5.49988554188,-5.52011852346,-5.48853243442,12,12.3703703704,12.2962962963,12.6296296296,12.4074074074
5320,-5.28201295157,-5.55222846932,-5.45112488967,-5.52014019722,-5.4534046691,11.9074074074,12.3518518519,12.3888888889,12.462962963,12.2777777778
5340,-5.26630976494,-5.48625332414,-5.49893798768,-5.54903862133,-5.34895905283,11.9074074074,12.4259259259,12.3333333333,12.3333333333,12.4074074074
5360,-5.22686588364,-5.46555288908,-5.46486822996,-5.45703696836,-5.41775963626,11.8518518519,12.3703703704,12.2962962963,12.2222222222,12.462962963
5380,-5.22497957519,-5.50249946113,-5.45199656505,-5.54319040162,-5.52199748789,12,12.3333333333,12.462962963,12.1296296296,12.462962963
5400,-5.28005084464,-5.51053676,-5.58958990838,-5.48284430242,-5.60816116865,12.1111111111,12.2962962963,12.3518518519,12.2592592593,12.2962962963
5420,-5.23865886682,-5.53116911988,-5.62734874123,-5.46547806115,-5.57776576692,12,12.2222222222,12.3703703704,12.2222222222,12.3148148148
5440,-5.20161114843,-5.53816596631,-5.59874127471,-5.48011262791,-5.50043574391,11.962962963,12.2777777778,12.3703703704,12.3703703704,12.2222222222
5460,-5.2165360491,-5.58963791575,-5.49937758565,-5.47438376103,-5.47427783492,12.0185185185,12.3333333333,12.3333333333,12.3703703704,12.3148148148
5480,-5.17739898765,-5.49121898148,-5.53752028612,-5.52229087575,-5.4319181506,11.9444444444,12.4259259259,12.4259259259,12.3888888889,12.2962962963
5500,-5.23584319805,-5.50463377972,-5.50102679603,-5.50849718792,-5.42130126184,12.0925925926,12.3518518519,12.4814814815,12.3148148148,12.3703703704
5520,-5.11881667363,-5.57068185545,-5.54568820268,-5.46926187812,-5.46667691057,12.1111111111,12.4259259259,12.2777777778,12.4444444444,12.2592592593
5540,-5.31496917673,-5.46632507315,-5.65808590919,-5.49328196143,-5.39825659052,12.0740740741,12.462962963,12.3333333333,12.3888888889,12.3148148148
5560,-5.29076729704,-5.45850295373,-5.57690308866,-5.51260833975,-5.33595636351,12.0740740741,12.3148148148,12.3148148148,12.4444444444,12.4259259259
5580,-5.24994356481,-5.49807379007,-5.46269614042,-5.55709231331,-5.43746557414,12.0925925926,12.2777777778,12.2962962963,12.4814814815,12.5185185185
5600,-5.21816789445,-5.53674554858,-5.46541902796,-5.58058334199,-5.44356820461,12.1666666667,12.3333333333,12.4814814815,12.7037037037,12.3518518519
5620,-5.1565456553,-5.55474710019,-5.53526489223,-5.61373748917,-5.40202944675,12.1296296296,12.3888888889,12.5,12.6851851852,12.2407407407
5640,-5.15088519937,-5.6308036176,-5.57841633527,-5.59052790155,-5.39736778507,12.2222222222,12.3703703704,12.3703703704,12.4259259259,12.2037037037
5660,-5.21083397977,-5.63273773793,-5.49993877223,-5.62494859376,-5.45385536482,12.0740740741,12.3888888889,12.4259259259,12.537037037,12.3148148148
5680,-5.27445935733,-5.56554756338,-5.43792137931,-5.64127381702,-5.48645396154,12.037037037,12.5,12.4259259259,12.5925925926,12.3888888889
5700,-5.31921775131,-5.52195266617,-5.42696100734,-5.51142672606,-5.47954740312,11.9259259259,12.4444444444,12.4259259259,12.5185185185,12.3518518519
5720,-5.25584332091,-5.4755463782,-5.57193169901,-5.52005904867,-5.46378411202,11.9259259259,12.3888888889,12.3333333333,12.3148148148,12.4444444444
5740,-5.20251093467,-5.4663129321,-5.51361662876,-5.60408450301,-5.4203284367,12,12.3888888889,12.4444444444,12.4444444444,12.4074074074
5760,-5.2744676683,-5.59714020303,-5.46474366179,-5.60552025896,-5.43148486528,12.037037037,12.3148148148,12.462962963,12.537037037,12.462962963
5780,-5.28558377445,-5.55091777841,-5.5030023514,-5.52118011816,-5.45315441532,12.0925925926,12.4074074074,12.2962962963,12.5,12.3888888889
5800,-5.28637657833,-5.52313560497,-5.48353801256,-5.52068649221,-5.43153245577,12.0555555556,12.3518518519,12.4074074074,12.5,12.462962963
5820,-5.27580184381,-5.57397915919,-5.55840827161,-5.56974956113,-5.4443450173,12.0740740741,12.462962963,12.2777777778,12.537037037,12.6296296296
5840,-5.30827821609,-5.53192530807,-5.50634341157,-5.52606660534,-5.46231029473,11.9259259259,12.462962963,12.3703703704,12.4444444444,12.5555555556
5860,-5.30761100038,-5.4778029591,-5.48227686228,-5.51070116869,-5.60037828824,11.9444444444,12.6111111111,12.462962963,12.4259259259,12.5925925926
5880,-5.33439090533,-5.51867874587,-5.5681793714,-5.56841660794,-5.67618956797,12.1111111111,12.4814814815,12.5185185185,12.4259259259,12.4444444444
5900,-5.29449896818,-5.50847691504,-5.54922571267,-5.61267045339,-5.48443364323,12.2037037037,12.537037037,12.4444444444,12.4259259259,12.4444444444
5920,-5.27545095976,-5.50315071975,-5.51049465802,-5.60130358875,-5.33110199776,12.1296296296,12.5185185185,12.5185185185,12.4074074074,12.462962963
5940,-5.41652527139,-5.48906795768,-5.51560557366,-5.60497844637,-5.4687696971,12.0740740741,12.3703703704,12.3888888889,12.3518518519,12.3703703704
5960,-5.47818022177,-5.43772711972,-5.50298667556,-5.4987279516,-5.51079744571,11.9444444444,12.4074074074,12.5185185185,12.5,12.2777777778
5980,-5.33364057971,-5.50667769289,-5.54305396682,-5.45665749982,-5.46337630216,12.037037037,12.2592592593,12.4074074074,12.5,12.2592592593
6000,-5.21029517943,-5.47869597765,-5.56684991393,-5.46580036132,-5.59690096275,12.0740740741,12.3148148148,12.3888888889,12.3518518519,12.4259259259
6020,-5.3546304878,-5.45681371285,-5.59485048429,-5.44273475598,-5.57507511105,11.8888888889,12.2222222222,12.3703703704,12.4259259259,12.4074074074
6040,-5.32639409493,-5.44814801194,-5.51188832283,-5.54141363569,-5.57285183975,11.9074074074,12.1481481481,12.4444444444,12.2592592593,12.3703703704
6060,-5.3380032301,-5.44206737411,-5.55881898318,-5.56867600116,-5.47908195679,11.8703703704,12.2222222222,12.537037037,12.2222222222,12.5740740741
6080,-5.31047560517,-5.47877699013,-5.509586202,-5.52225362022,-5.58930582144,11.9444444444,12.3703703704,12.3888888889,12.2592592593,12.4814814815
6100,-5.34846729585,-5.5303003323,-5.5234830538,-5.52194102521,-5.59721010547,11.9814814815,12.2777777778,12.2962962963,12.2222222222,12.537037037
6120,-5.32088002217,-5.53149396924,-5.49149949919,-5.47780431909,-5.45856584075,12.037037037,12.3518518519,12.1851851852,12.1296296296,12.6111111111
6140,-5.28697215287,-5.46179086144,-5.48390952833,-5.41393545749,-5.49767486837,11.9259259259,12.3518518519,12.2037037037,12.0740740741,12.5555555556
6160,-5.18660443939,-5.46416083836,-5.52880170288,-5.48452253859,-5.48263884526,11.9074074074,12.2407407407,12.3333333333,12.1296296296,12.4259259259
6180,-5.28884805169,-5.51894536703,-5.5510982636,-5.43761929804,-5.50457069126,11.8703703704,12.2037037037,12.4814814815,12.2592592593,12.4074074074
6200,-5.26265387636,-5.41504173347,-5.55211243106,-5.46800375487,-5.55560562832,11.9074074074,12.1481481481,12.3703703704,12.2962962963,12.537037037
6220,-5.2710862291,-5.42954291302,-5.6273141127,-5.5666956968,-5.51932079286,11.9444444444,12.1296296296,12.3518518519,12.2222222222,12.4814814815
6240,-5.27882969473,-5.41923195182,-5.58355632991,-5.57242916233,-5.51331810509,11.8333333333,12.1666666667,12.2407407407,12.2407407407,12.4074074074
6260,-5.27295667746,-5.39527706861,-5.52438361962,-5.47765252053,-5.5287181958,11.9444444444,12.1851851852,12.2962962963,12.3333333333,12.3518518519
6280,-5.23472130658,-5.55071568646,-5.44768954148,-5.51275856651,-5.53871987091,11.9814814815,12.1666666667,12.4814814815,12.3703703704,12.3518518519
6300,-5.24042854171,-5.47696717284,-5.5501289352,-5.48952043672,-5.50624102825,11.8888888889,12.3148148148,12.4074074074,12.3518518519,12.3888888889
6320,-5.19041663327,-5.50693457541,-5.53159532382,-5.49097482146,-5.4686284873,11.8888888889,12.2407407407,12.4444444444,12.3888888889,12.3333333333
6340,-5.2312791684,-5.57726564766,-5.51054181265,-5.50940006817,-5.44933358164,11.8888888889,12.2592592593,12.4074074074,12.6481481481,12.3148148148
6360,-5.24041927851,-5.45713100934,-5.46673294746,-5.42928086822,-5.51431527677,11.8333333333,12.4444444444,12.2037037037,12.6851851852,12.3333333333
6380,-5.23363993538,-5.43250751008,-5.37988605582,-5.45582778089,-5.6373398261,11.8333333333,12.3518518519,12.1296296296,12.5185185185,12.3333333333
6400,-5.30537023881,-5.51378235482,-5.38041568093,-5.53197103021,-5.51800845445,11.8333333333,12.3333333333,12.0555555556,12.4814814815,12.3148148148
6420,-5.27292258876,-5.53445712767,-5.4101862459,-5.51019159042,-5.41330616777,11.8888888889,12.1851851852,12.2407407407,12.4444444444,12.3888888889
6440,-5.2828047761,-5.5605140873,-5.43862996173,-5.4599344703,-5.51975134325,11.8703703704,12.1481481481,12.2222222222,12.3888888889,12.4814814815
6460,-5.32056730877,-5.56686277126,-5.48117522185,-5.37965004743,-5.5589194276,11.9444444444,12.2407407407,12.2777777778,12.3888888889,12.3703703704
6480,-5.21102182494,-5.59993336057,-5.44804609436,-5.44266318738,-5.47181771099,11.9074074074,12.2777777778,12.3888888889,12.3703703704,12.3888888889
6500,-5.20994882275,-5.62376825634,-5.43687951601,-5.39694079399,-5.5043780844,12,12.3703703704,12.4444444444,12.2222222222,12.462962963
6520,-5.3180386909,-5.55191995675,-5.40219768214,-5.39813099118,-5.58305626814,11.9074074074,12.2777777778,12.462962963,12.3703703704,12.4259259259
6540,-5.29399752235,-5.48103564893,-5.47193942798,-5.49616675148,-5.59434308496,11.8333333333,12.4444444444,12.5,12.4814814815,12.462962963
6560,-5.25887285615,-5.41158066925,-5.47959289387,-5.52564608913,-5.55642606608,11.9259259259,12.5555555556,12.3703703704,12.462962963,12.3148148148
6580,-5.33667846924,-5.40690668962,-5.49755933411,-5.51574373472,-5.53616868265,11.9814814815,12.5,12.462962963,12.5,12.2592592593
6600,-5.24428928718,-5.55830094682,-5.4624054141,-5.5529041965,-5.44537365404,11.8703703704,12.462962963,12.3888888889,12.5185185185,12.3148148148
6620,-5.23955475116,-5.6069146002,-5.46127097277,-5.50989028763,-5.5322226864,11.9814814815,12.4444444444,12.4444444444,12.462962963,12.3518518519
6640,-5.19161144909,-5.51572400708,-5.50556467501,-5.56104900534,-5.50054649112,11.9074074074,12.3333333333,12.3888888889,12.5740740741,12.3148148148
6660,-5.21898563081,-5.48492642844,-5.50673913257,-5.57410444145,-5.50279818607,11.9074074074,12.2962962963,12.2962962963,12.5740740741,12.2407407407
6680,-5.27948839292,-5.57933295085,-5.4397287965,-5.48493365648,-5.59578789781,11.9074074074,12.3148148148,12.3333333333,12.5185185185,12.2777777778
6700,-5.25485622531,-5.55017851301,-5.45155217138,-5.49312842559,-5.59353331608,11.8703703704,12.3888888889,12.3148148148,12.4444444444,12.3333333333
6720,-5.24487939906,-5.54540289435,-5.53736893548,-5.51505936895,-5.64796532139,12.0555555556,12.3888888889,12.2592592593,12.5,12.2037037037
6740,-5.30575123265,-5.62058999356,-5.55860892689,-5.56534627179,-5.61048105905,12.0185185185,12.537037037,12.2962962963,12.4814814815,12.2407407407
6760,-5.33348706877,-5.59951626656,-5.45891934135,-5.54630341082,-5.55244571552,11.9444444444,12.4814814815,12.3333333333,12.4444444444,12.1481481481
6780,-5.42128572061,-5.62272702744,-5.45012737244,-5.54252082703,-5.56300802349,11.9074074074,12.4444444444,12.3148148148,12.4074074074,12.2222222222
6800,-5.3291331091,-5.60549686177,-5.48435207957,-5.50244380727,-5.53248020091,12.0740740741,12.462962963,12.4444444444,12.4814814815,12.2037037037
6820,-5.20518960333,-5.55287150305,-5.45677810043,-5.43376406744,-5.52391128999,12.037037037,12.4814814815,12.3333333333,12.3703703704,12.2037037037
6840,-5.23711646983,-5.59317020773,-5.48014415227,-5.45802165498,-5.51756569216,12.1111111111,12.5185185185,12.3703703704,12.4259259259,12.1481481481
6860,-5.3113597533,-5.64303142175,-5.52199732603,-5.51118569012,-5.48207781303,12.1111111111,12.537037037,12.3148148148,12.4444444444,12.2037037037
6880,-5.28973209979,-5.59004248903,-5.48490105507,-5.47043096787,-5.5462657034,12.0925925926,12.4814814815,12.3333333333,12.3703703704,12.3518518519
6900,-5.35152881153,-5.54595968677,-5.45582993102,-5.49520475944,-5.57629306587,12.1296296296,12.5,12.2592592593,12.4074074074,12.3703703704
6920,-5.42640813446,-5.59475582351,-5.49006528399,-5.5551477155,-5.53020456788,12.2222222222,12.4444444444,12.3148148148,12.3888888889,12.3148148148
6940,-5.39247769701,-5.64087074044,-5.49684303834,-5.54990916871,-5.54357192784,12.1851851852,12.2962962963,12.3518518519,12.5,12.2777777778
6960,-5.32758617019,-5.61223110904,-5.54211985784,-5.50791236741,-5.55715420024,12.1851851852,12.2037037037,12.4259259259,12.4814814815,12.3703703704
6980,-5.30084519671,-5.62370659142,-5.56784222017,-5.49140850154,-5.55809981648,12.2777777778,12.2037037037,12.5185185185,12.5,12.3333333333
7000,-5.29063716454,-5.59021735407,-5.45327598845,-5.60187274284,-5.54572335379,12.3148148148,12.2777777778,12.3888888889,12.5740740741,12.2592592593
7020,-5.34880323377,-5.63747595065,-5.42535409344,-5.59228112067,-5.55877853524,12.1666666667,12.2777777778,12.4259259259,12.462962963,12.1296296296
7040,-5.34376412815,-5.63964998191,-5.42280423638,-5.53421716722,-5.50132836371,12.2037037037,12.3148148148,12.462962963,12.4259259259,12.3148148148
7060,-5.35789344704,-5.62554225711,-5.47286697078,-5.5939067678,-5.51477221635,12.0740740741,12.3518518519,12.3518518519,12.4259259259,12.3888888889
7080,-5.35818677128,-5.63856160321,-5.44306796624,-5.61120823357,-5.59119196603,12.0740740741,12.4259259259,12.4444444444,12.3518518519,12.3148148148
7100,-5.28852178914,-5.6264449119,-5.39095106825,-5.50222393262,-5.5492964403,12.0555555556,12.2222222222,12.3148148148,12.4074074074,12.2777777778
7120,-5.19132181095,-5.64693397185,-5.40283240114,-5.50585837648,-5.56603129453,12,12.3333333333,12.3703703704,12.4259259259,12.3888888889
7140,-5.26657616626,-5.69066783726,-5.55536875718,-5.50389916485,-5.57588496769,11.9444444444,12.3333333333,12.4074074074,12.4074074074,12.3148148148
7160,-5.30755783366,-5.68887515475,-5.54819663915,-5.54715863129,-5.59012135348,12.0925925926,12.3333333333,12.2962962963,12.4259259259,12.2962962963
7180,-5.3333920887,-5.66357068878,-5.52241173248,-5.55519733301,-5.52817277264,12.0185185185,12.2777777778,12.3148148148,12.4444444444,12.4259259259
7200,-5.21976112294,-5.61696973081,-5.50092310572,-5.49800427553,-5.43875719573,12.0740740741,12.2407407407,12.3148148148,12.4444444444,12.2962962963
7220,-5.36079387598,-5.558299443,-5.4992365842,-5.53992211692,-5.45076716273,12.1666666667,12.1851851852,12.2777777778,12.4259259259,12.5185185185
7240,-5.27796463424,-5.57267897197,-5.43721689704,-5.50565511327,-5.54215529191,12.1296296296,12.2037037037,12.2962962963,12.3888888889,12.3888888889
7260,-5.25907953577,-5.63860752109,-5.38148957221,-5.51201064154,-5.51464060527,12.1851851852,12.2962962963,12.2962962963,12.3333333333,12.3888888889
7280,-5.3438499284,-5.6019334087,-5.33385353348,-5.55593434294,-5.44775571565,12.1111111111,12.2222222222,12.3888888889,12.4259259259,12.3148148148
7300,-5.3265890448,-5.62087501474,-5.3823479752,-5.54908180667,-5.4682084286,12.0925925926,12.4074074074,12.4444444444,12.5185185185,12.3518518519
7320,-5.27284976393,-5.5595614388,-5.35608566858,-5.51453946064,-5.50001574337,12.0555555556,12.3703703704,12.3703703704,12.4074074074,12.1851851852
7340,-5.2438082182,-5.54398318039,-5.52710718643,-5.54423390828,-5.4943434977,12.2037037037,12.4074074074,12.4259259259,12.4074074074,12.2037037037
7360,-5.26500427553,-5.65255754083,-5.49113107301,-5.52344365851,-5.49076927979,12.1666666667,12.4259259259,12.3888888889,12.4444444444,12.1296296296
7380,-5.21187840543,-5.51806403275,-5.37698609307,-5.44162867104,-5.39229803973,12.0925925926,12.4444444444,12.3518518519,12.4074074074,12.0185185185
7400,-5.28912455759,-5.48017163203,-5.39776112648,-5.46134283675,-5.37533928324,12.0185185185,12.5,12.3148148148,12.3148148148,12.037037037
7420,-5.27051127559,-5.55774346569,-5.35696094792,-5.48052760817,-5.44646774896,12.0740740741,12.4259259259,12.2777777778,12.5,12.0185185185
7440,-5.31931952081,-5.49658095172,-5.40933771245,-5.55667075503,-5.30990587896,12.0555555556,12.462962963,12.2222222222,12.462962963,12.1481481481
7460,-5.29946831776,-5.53238519173,-5.35390174023,-5.57817971841,-5.33766309734,12.1481481481,12.2777777778,12.1111111111,12.3518518519,12.2222222222
7480,-5.32896217005,-5.58604472737,-5.31258826311,-5.49532021456,-5.21924706432,12.2592592593,12.2592592593,12.037037037,12.4259259259,12.2592592593
7500,-5.25140732895,-5.53728462855,-5.46342032911,-5.3369420946,-5.34837944577,12.2592592593,12.3518518519,12.1111111111,12.3703703704,12.2222222222
7520,-5.31622249678,-5.59495868035,-5.43485339695,-5.42814659679,-5.43965896481,12.2407407407,12.3518518519,12.1481481481,12.3518518519,12.1481481481
7540,-5.34484711197,-5.54032169558,-5.47179738225,-5.5455955704,-5.41469230342,12.2407407407,12.3888888889,12.1666666667,12.2592592593,12.2222222222
7560,-5.30058421447,-5.5440770608,-5.4715550955,-5.46619456383,-5.3556825966,12.0925925926,12.2777777778,12.1111111111,12.4074074074,12.2777777778
7580,-5.19076537068,-5.53028270092,-5.4515775507,-5.4884603594,-5.40633145579,12.0555555556,12.3888888889,12.2777777778,12.4259259259,12.4259259259
7600,-5.16371350596,-5.50804257512,-5.52472355211,-5.50616039456,-5.39786043872,12.1296296296,12.4259259259,12.2777777778,12.3518518519,12.2407407407
7620,-5.21274387124,-5.63844975458,-5.47692489328,-5.57789113414,-5.41839562913,12.0555555556,12.2962962963,12.5,12.3148148148,12.3703703704
7640,-5.22745663077,-5.6097339396,-5.43757904959,-5.54628183147,-5.39396489771,12.0185185185,12.3518518519,12.4814814815,12.3518518519,12.3703703704
7660,-5.21657616937,-5.51332241147,-5.48193226974,-5.47797241801,-5.36136192812,11.9814814815,12.4259259259,12.6111111111,12.3888888889,12.3703703704
7680,-5.15355233954,-5.52047862859,-5.49485863701,-5.47943991647,-5.36742596425,12.1111111111,12.3703703704,12.6666666667,12.3333333333,12.3888888889
7700,-5.194708103,-5.53362036284,-5.45014794545,-5.51802427458,-5.52273680961,12.0555555556,12.2777777778,12.5555555556,12.3148148148,12.3518518519
7720,-5.32784488332,-5.5233059064,-5.47292620081,-5.51294367363,-5.52464370687,12.1296296296,12.2962962963,12.3148148148,12.4259259259,12.3148148148
7740,-5.290075911,-5.556272423,-5.52797252779,-5.4909746325,-5.44335162481,12.1851851852,12.3518518519,12.5740740741,12.4259259259,12.4074074074
7760,-5.26047102435,-5.58039551158,-5.56016271345,-5.45091343435,-5.46854455184,12.2962962963,12.3333333333,12.5925925926,12.4444444444,12.4444444444
7780,-5.36275707652,-5.50871562356,-5.44902915739,-5.48801392228,-5.45472883616,12.4074074074,12.2592592593,12.5185185185,12.5185185185,12.3333333333
7800,-5.35553437853,-5.5741831133,-5.42274947023,-5.54345934288,-5.5095551218,12.3703703704,12.3333333333,12.3888888889,12.4444444444,12.3888888889
7820,-5.34596091369,-5.53570191773,-5.43924375888,-5.60781584533,-5.50812851696,12.1111111111,12.3703703704,12.2407407407,12.3703703704,12.3148148148
7840,-5.31119223222,-5.43576010174,-5.44777465402,-5.56403564556,-5.54932215905,12.0740740741,12.4444444444,12.3333333333,12.3518518519,12.4074074074
7860,-5.38474711739,-5.44059722416,-5.49804242363,-5.55381525644,-5.5433753428,12.0925925926,12.3518518519,12.2407407407,12.5,12.4814814815
7880,-5.36484465348,-5.42226114835,-5.42560288978,-5.53290468944,-5.51254125974,12.2407407407,12.3703703704,12.2407407407,12.3703703704,12.4074074074
7900,-5.2338142667,-5.4385855684,-5.44340935379,-5.42939524824,-5.40067497523,12.2222222222,12.3333333333,12.3888888889,12.3518518519,12.462962963
7920,-5.2502004369,-5.5488704996,-5.4679800034,-5.38890192474,-5.32821412942,12.1296296296,12.3703703704,12.2962962963,12.2962962963,12.3148148148
7940,-5.39029771613,-5.61192829862,-5.52706104129,-5.40095783663,-5.55206026459,12.1296296296,12.4259259259,12.3888888889,12.3333333333,12.2777777778
7960,-5.48950385328,-5.6362073089,-5.54070795686,-5.37518052292,-5.59071014124,12.1296296296,12.462962963,12.3148148148,12.2592592593,12.3148148148
7980,-5.48069688238,-5.66687128433,-5.49620901169,-5.44846127696,-5.44276383311,12.3148148148,12.462962963,12.2962962963,12.3333333333,12.4074074074
8000,-5.35274144744,-5.52450847108,-5.54104915874,-5.44789507251,-5.47465369007,12.3703703704,12.4814814815,12.3333333333,12.4814814815,12.5
8020,-5.22810703878,-5.60212328523,-5.59510194282,-5.43167114877,-5.62470286907,12.2037037037,12.4259259259,12.3518518519,12.3333333333,12.5555555556
8040,-5.2531733632,-5.60839035756,-5.63495749963,-5.45633157405,-5.47963096701,12.1296296296,12.4259259259,12.3703703704,12.3148148148,12.7407407407
8060,-5.30951792098,-5.61649683712,-5.50634282591,-5.55166482425,-5.41986736746,12.2407407407,12.462962963,12.4444444444,12.3148148148,12.6851851852
8080,-5.32808246881,-5.54499425634,-5.51605685205,-5.52676675199,-5.43487686794,12.0925925926,12.4074074074,12.3148148148,12.3888888889,12.7407407407
8100,-5.40064512671,-5.4983503111,-5.64551032575,-5.47902058745,-5.53124764336,11.9074074074,12.4259259259,12.3333333333,12.4259259259,12.5740740741
8120,-5.20499625552,-5.56102784266,-5.59549353701,-5.4835089931,-5.50102831727,12.0740740741,12.4814814815,12.462962963,12.5,12.3703703704
8140,-5.22022910222,-5.52728173601,-5.48880379773,-5.40960222106,-5.46416869784,12.0555555556,12.3703703704,12.5555555556,12.5740740741,12.3703703704
8160,-5.25666951879,-5.46228868338,-5.52585782165,-5.5686668484,-5.43427080112,11.9259259259,12.1851851852,12.3888888889,12.3888888889,12.3888888889
8180,-5.26895446073,-5.47151446002,-5.50473641868,-5.54101700586,-5.47170404114,11.8333333333,12.2037037037,12.2592592593,12.2777777778,12.2777777778
8200,-5.25734146993,-5.44707441811,-5.59630715748,-5.36520348494,-5.46660439107,11.9444444444,12.1851851852,12.2962962963,12.3333333333,12.2037037037
8220,-5.37272233061,-5.52755143537,-5.56947261419,-5.46496564104,-5.52016554701,12.0925925926,12.2407407407,12.3333333333,12.4444444444,12.2222222222
8240,-5.30638368869,-5.50052049903,-5.55741756363,-5.48210431764,-5.537181575,12.2037037037,12.3333333333,12.2777777778,12.4444444444,12.2777777778
8260,-5.31802572897,-5.51106343733,-5.56987009993,-5.50380190876,-5.44604152548,12.3333333333,12.3333333333,12.2777777778,12.4074074074,12.2962962963
8280,-5.27520527655,-5.52555675901,-5.42474679713,-5.54597853104,-5.39655228692,12.2592592593,12.3333333333,12.3518518519,12.3518518519,12.3888888889
8300,-5.33575664893,-5.48557543012,-5.46070543424,-5.51760269763,-5.44865601932,12.4259259259,12.3333333333,12.3148148148,12.4259259259,12.3888888889
8320,-5.36440274895,-5.55343785084,-5.49384509106,-5.46543965864,-5.42997102376,12.3703703704,12.3703703704,12.3333333333,12.3148148148,12.4074074074
8340,-5.37112035339,-5.5462974621,-5.47934649311,-5.55017008746,-5.40988815814,12.3703703704,12.2407407407,12.3888888889,12.2777777778,12.4259259259
8360,-5.3680931468,-5.60689918807,-5.48730921346,-5.55657941817,-5.38304075122,12.3703703704,12.2407407407,12.4259259259,12.2962962963,12.2962962963
8380,-5.27540817164,-5.64697510162,-5.43038215443,-5.52924090621,-5.51941919845,12.1851851852,12.3333333333,12.5,12.3518518519,12.4259259259
8400,-5.24444239412,-5.63923480274,-5.46171043908,-5.45032057927,-5.61565643237,12.0740740741,12.3703703704,12.2777777778,12.4074074074,12.4074074074
8420,-5.20606703663,-5.60401340396,-5.47866236559,-5.51929299178,-5.446478539,11.8518518519,12.4259259259,12.2962962963,12.462962963,12.4259259259
8440,-5.1959620262,-5.42867807025,-5.56864163994,-5.52769751989,-5.42797033734,12.037037037,12.3518518519,12.3888888889,12.4444444444,12.3703703704
8460,-5.23811305903,-5.52408204449,-5.5728463501,-5.58558145478,-5.50540518284,12.0740740741,12.2592592593,12.462962963,12.3888888889,12.4074074074
8480,-5.1801446258,-5.57748240778,-5.57838584968,-5.56313893026,-5.38866270234,12.2222222222,12.2962962963,12.4814814815,12.2407407407,12.4814814815
8500,-5.23177996218,-5.58314617064,-5.57726759323,-5.5434407982,-5.36839625312,12.2962962963,12.1851851852,12.3888888889,12.3148148148,12.2777777778
8520,-5.2768707176,-5.54776404805,-5.51746833571,-5.59865337342,-5.5075871778,12.1851851852,12.1481481481,12.2962962963,12.3703703704,12.2222222222
8540,-5.27968572161,-5.55458560256,-5.51605765046,-5.57344728057,-5.46675944409,12.1481481481,12.3148148148,12.3148148148,12.3333333333,12.2592592593
8560,-5.26794767012,-5.470871638,-5.58826301298,-5.52408903883,-5.47769144079,12.037037037,12.3148148148,12.4259259259,12.3703703704,12.3703703704
8580,-5.16244718443,-5.47307991447,-5.51563443235,-5.49072303458,-5.49392423583,11.9259259259,12.2777777778,12.3333333333,12.3518518519,12.4814814815
8600,-5.13915791495,-5.52264504636,-5.37954279406,-5.58287195454,-5.56340956355,11.9259259259,12.2777777778,12.3333333333,12.3148148148,12.2777777778
8620,-5.20130892719,-5.53193076151,-5.47853371566,-5.56528684736,-5.53549182375,11.8703703704,12.2222222222,12.462962963,12.2222222222,12.2962962963
8640,-5.28999778511,-5.62914398885,-5.50505470898,-5.43941408106,-5.47363237268,11.9259259259,12.4074074074,12.3703703704,12.3148148148,12.3518518519
8660,-5.25027758906,-5.61981668959,-5.47852551536,-5.47327378077,-5.54598865928,11.962962963,12.4259259259,12.4074074074,12.4259259259,12.2777777778
8680,-5.14273322936,-5.57301809109,-5.47064062215,-5.56825164062,-5.53410420304,11.8888888889,12.462962963,12.3888888889,12.5,12.2962962963
8700,-5.20156975998,-5.52484250645,-5.46905232841,-5.4569690174,-5.5361715347,11.8703703704,12.6111111111,12.3148148148,12.5,12.2777777778
8720,-5.33329013142,-5.46629937475,-5.46020674721,-5.47069617458,-5.54232837193,11.962962963,12.5740740741,12.3888888889,12.462962963,12.3518518519
8740,-5.2670112103,-5.47767468805,-5.47728324381,-5.40223727821,-5.48303032198,11.9814814815,12.5185185185,12.4259259259,12.4444444444,12.3888888889
8760,-5.31063568104,-5.57762466672,-5.43457479319,-5.52632908306,-5.53715606244,11.9814814815,12.4444444444,12.462962963,12.4074074074,12.4259259259
8780,-5.28849112167,-5.58925865171,-5.41810657871,-5.51863316725,-5.54281542729,12.0185185185,12.537037037,12.462962963,12.4259259259,12.462962963
8800,-5.26014334911,-5.44625230214,-5.37992306947,-5.46426801259,-5.45627588079,12.0555555556,12.4259259259,12.3148148148,12.3703703704,12.3703703704
8820,-5.3522747799,-5.44349600364,-5.31517677902,-5.54253017809,-5.42674326543,11.8888888889,12.3888888889,12.3888888889,12.3333333333,12.2592592593
8840,-5.31303800785,-5.49426479125,-5.39672466979,-5.60702895004,-5.44989565915,12,12.3888888889,12.4814814815,12.4074074074,12.2407407407
8860,-5.26048924007,-5.46121638603,-5.45024437769,-5.62676359369,-5.40770650744,12.1296296296,12.2777777778,12.4074074074,12.3888888889,12.3888888889
8880,-5.21401396386,-5.52406260615,-5.50994378175,-5.54729092373,-5.50618529218,11.9814814815,12.3333333333,12.3333333333,12.3333333333,12.537037037
8900,-5.24327654453,-5.42530604823,-5.38672547573,-5.5118094819,-5.57770219673,11.9444444444,12.3148148148,12.3518518519,12.2962962963,12.6481481481
8920,-5.23281263839,-5.46651071129,-5.31245435839,-5.47729080807,-5.49243393351,11.9814814815,12.3518518519,12.3703703704,12.2777777778,12.5
8940,-5.3542373122,-5.54322276693,-5.38080692138,-5.44633293675,-5.48179204619,11.8703703704,12.2777777778,12.537037037,12.1666666667,12.5185185185
8960,-5.23678879359,-5.53149789553,-5.46881910789,-5.52913487591,-5.49688217287,11.8148148148,12.3518518519,12.462962963,12.1666666667,12.462962963
8980,-5.18493695285,-5.54598676749,-5.50084951758,-5.60110918966,-5.50076207412,11.7407407407,12.3888888889,12.5185185185,12.1296296296,12.6111111111
9000,-5.20074810716,-5.58814276293,-5.47509385881,-5.49267882604,-5.46054288245,11.8888888889,12.3148148148,12.4444444444,12.1481481481,12.4444444444
9020,-5.28260338697,-5.50586947424,-5.53705560233,-5.47373721352,-5.56161374148,12,12.2592592593,12.4444444444,12.1851851852,12.3518518519
9040,-5.2713377607,-5.51335558617,-5.51817112861,-5.57344211811,-5.52082155217,11.9814814815,12.5,12.4074074074,12.2222222222,12.3148148148
9060,-5.21155976023,-5.50773925312,-5.4695394666,-5.58877180633,-5.47152443932,12.0555555556,12.5740740741,12.3703703704,12.2962962963,12.3333333333
9080,-5.2370544767,-5.61436538429,-5.54242099507,-5.57512280496,-5.52252176689,12.0555555556,12.462962963,12.4259259259,12.2777777778,12.3148148148
9100,-5.32069556075,-5.67638086583,-5.53979803937,-5.52046662745,-5.47132442617,12.1296296296,12.2962962963,12.4074074074,12.1851851852,12.1666666667
9120,-5.20075206138,-5.62419063782,-5.43159402453,-5.50952559213,-5.39237737432,12.0925925926,12.4259259259,12.3703703704,12.1111111111,12.2222222222
9140,-5.18662902723,-5.50091825502,-5.30587386877,-5.51828245829,-5.44487737836,11.8888888889,12.3888888889,12.2592592593,12.2592592593,12.3333333333
9160,-5.24125462314,-5.57507384831,-5.46569012744,-5.51216574927,-5.50094853444,11.9074074074,12.4259259259,12.1851851852,12.3148148148,12.3148148148
9180,-5.24809237107,-5.53517804539,-5.51145969316,-5.4731411353,-5.44909342876,11.962962963,12.3703703704,12.0925925926,12.2037037037,12.2962962963
9200,-5.29030244108,-5.47342591003,-5.50523009837,-5.4564662665,-5.46968718111,12.0555555556,12.4814814815,12.1851851852,12.1296296296,12.3888888889
9220,-5.19459989911,-5.49904559738,-5.47277666586,-5.48452976063,-5.51855390241,12,12.2962962963,12.1851851852,12.1296296296,12.4259259259
9240,-5.29351783416,-5.46805271509,-5.42694091042,-5.53910302433,-5.49117953306,11.9444444444,12.2962962963,12.2407407407,12.2222222222,12.2407407407
9260,-5.29460613027,-5.4339388446,-5.39625765301,-5.53026986358,-5.48555838123,11.8148148148,12.2222222222,12.2962962963,12.1111111111,12.2592592593
9280,-5.18105488555,-5.38836177578,-5.4955768263,-5.51491025394,-5.46075952636,11.8518518519,12.3333333333,12.3888888889,12.2592592593,12.2407407407
9300,-5.13577973328,-5.44662386067,-5.54469435386,-5.51630174798,-5.48559686385,11.8518518519,12.2222222222,12.3333333333,12.2777777778,12.2222222222
9320,-5.23770960475,-5.40997087273,-5.38881376086,-5.46204446141,-5.46773144082,11.7962962963,12.3148148148,12.4814814815,12.2962962963,12.3518518519
9340,-5.2572933989,-5.45574778126,-5.46651287522,-5.41561698219,-5.45192862055,11.7777777778,12.5,12.3148148148,12.2407407407,12.462962963
9360,-5.30948663341,-5.50587148047,-5.52946869531,-5.39151263306,-5.47359367703,11.7407407407,12.3518518519,12.2592592593,12.2222222222,12.3888888889
9380,-5.32321223391,-5.49881495226,-5.47740388631,-5.47186488604,-5.47337775247,11.9259259259,12.1666666667,12.2962962963,12.2407407407,12.4444444444
9400,-5.32391310313,-5.52361513204,-5.49284902798,-5.50794971463,-5.49310929613,11.9444444444,12.3148148148,12.3888888889,12.2962962963,12.3518518519
9420,-5.28592351709,-5.52186463269,-5.48607180751,-5.59875386284,-5.53901851945,11.8518518519,12.3518518519,12.2592592593,12.462962963,12.3333333333
9440,-5.31778685299,-5.42580739221,-5.38951722109,-5.64283090752,-5.55387004618,12,12.462962963,12.3703703704,12.5925925926,12.3703703704
9460,-5.25090406148,-5.42365070405,-5.47891447075,-5.61421243635,-5.59086640106,11.8703703704,12.3888888889,12.4259259259,12.7222222222,12.2592592593
9480,-5.25565058872,-5.41137759102,-5.39858792275,-5.54078524413,-5.67986708332,11.9259259259,12.3333333333,12.5555555556,12.6666666667,12.2777777778
9500,-5.38511047438,-5.35201111541,-5.42158372077,-5.55654588837,-5.62704989244,11.962962963,12.2962962963,12.3888888889,12.5555555556,12.2962962963
9520,-5.40579225004,-5.42075660492,-5.46393498,-5.52105411521,-5.62425605075,12.1666666667,12.2962962963,12.4444444444,12.4444444444,12.3703703704
9540,-5.40306079667,-5.49527074898,-5.48559178503,-5.37048885835,-5.5624017182,12.1296296296,12.3148148148,12.462962963,12.3518518519,12.4259259259
9560,-5.3697317985,-5.50097861823,-5.52316546857,-5.4217575834,-5.65049917847,11.962962963,12.2037037037,12.537037037,12.4074074074,12.4074074074
9580,-5.31968721393,-5.4790045494,-5.42720453552,-5.42810475543,-5.63784498278,11.9444444444,12.2777777778,12.537037037,12.3888888889,12.3888888889
9600,-5.31643247713,-5.40308806157,-5.45365065907,-5.48023658062,-5.6189237541,11.8148148148,12.2222222222,12.3333333333,12.2592592593,12.4259259259
9620,-5.32476389509,-5.38022503052,-5.47661761162,-5.55464379876,-5.57518628503,11.9259259259,12.1851851852,12.3703703704,12.3518518519,12.3703703704
9640,-5.37323984085,-5.38750142345,-5.51834118495,-5.53355662493,-5.53839003257,11.9444444444,12.037037037,12.3703703704,12.4074074074,12.3333333333
9660,-5.31197397651,-5.33295684632,-5.53740394774,-5.4455920185,-5.56548727544,11.9444444444,12.0925925926,12.5185185185,12.3333333333,12.3888888889
9680,-5.36463893079,-5.39279412751,-5.49412296563,-5.48878259118,-5.56234898457,11.9074074074,12.2222222222,12.537037037,12.3888888889,12.462962963
9700,-5.3024565479,-5.51398573682,-5.55270586826,-5.54738822676,-5.54828261776,11.9074074074,12.2592592593,12.4444444444,12.4444444444,12.5
9720,-5.22746767953,-5.45364318686,-5.61707413923,-5.54108749875,-5.58530517478,12.0185185185,12.4074074074,12.4074074074,12.537037037,12.5185185185
9740,-5.2174391359,-5.38141958514,-5.64224644256,-5.46214325947,-5.60694995118,12,12.3703703704,12.462962963,12.4444444444,12.5
9760,-5.22995686205,-5.35265031244,-5.60459080097,-5.43678102664,-5.55810652478,12,12.3703703704,12.6296296296,12.5185185185,12.5
9780,-5.27990340426,-5.32755885985,-5.52744063232,-5.47293960602,-5.44796937029,12.0555555556,12.3333333333,12.5925925926,12.5740740741,12.4814814815
9800,-5.31594988057,-5.45130515126,-5.48056443082,-5.48058717056,-5.55206487701,12.1481481481,12.3518518519,12.5185185185,12.5740740741,12.3888888889
9820,-5.28870280912,-5.44238759768,-5.57534904808,-5.53442723892,-5.57194979424,12.1111111111,12.2777777778,12.5,12.5555555556,12.462962963
9840,-5.37023095328,-5.35886680855,-5.48282151732,-5.47355442528,-5.49982603763,12.2222222222,12.2407407407,12.4814814815,12.4444444444,12.2777777778
9860,-5.29653322547,-5.39753790515,-5.54514521476,-5.41222768244,-5.50267637399,12.1666666667,12.2777777778,12.4814814815,12.5185185185,12.2407407407
9880,-5.34197875428,-5.3836009441,-5.50527965945,-5.4451521149,-5.61508719028,12.1111111111,12.2407407407,12.3888888889,12.5925925926,12.2592592593
9900,-5.39086284699,-5.32159381077,-5.48450753467,-5.56469583482,-5.63554266228,12.1666666667,12.1296296296,12.3888888889,12.6111111111,12.2037037037
9920,-5.3010044725,-5.40940768333,-5.49335577899,-5.5681116329,-5.59215932247,12.2407407407,12.0740740741,12.462962963,12.6296296296,12.2962962963
9940,-5.20650161027,-5.47663458798,-5.44801438725,-5.48777013186,-5.61011443343,12.2592592593,12.1666666667,12.4259259259,12.5555555556,12.3888888889
9960,-5.22640380153,-5.51563600645,-5.44109445395,-5.3205333314,-5.53730766605,12.3148148148,12.2962962963,12.462962963,12.5185185185,12.3518518519
9980,-5.36992042743,-5.48933595958,-5.40632474519,-5.31124608695,-5.51742818716,12.2222222222,12.3148148148,12.3888888889,12.5185185185,12.2962962963
10000,-5.34586607513,-5.37102435737,-5.47991271904,-5.36063951637,-5.56817404706,12.2222222222,12.2962962963,12.5555555556,12.4814814815,12.2962962963
10020,-5.33160870959,-5.37307070302,-5.55077704876,-5.47010027807,-5.59106134702,12,12.3333333333,12.4259259259,12.4444444444,12.2407407407
10040,-5.32322330102,-5.42611007019,-5.51299522171,-5.46830681905,-5.57951045287,12.1481481481,12.2222222222,12.2962962963,12.462962963,12.3148148148
10060,-5.23764407986,-5.53463325539,-5.45959784992,-5.51221926129,-5.53028321289,12.1296296296,12.2592592593,12.2037037037,12.4259259259,12.3333333333
10080,-5.30269555393,-5.45932491309,-5.37598580212,-5.52894453054,-5.59183197133,12.0555555556,12.2777777778,12.2777777778,12.2962962963,12.3703703704
10100,-5.2131225582,-5.49428646805,-5.38806771897,-5.51718098415,-5.65692871465,12.1481481481,12.2222222222,12.3518518519,12.4259259259,12.3148148148
10120,-5.15363717311,-5.47940906851,-5.5246256423,-5.47133126653,-5.58737047388,12.1111111111,12.2777777778,12.3518518519,12.2777777778,12.2962962963
10140,-5.17277893268,-5.48528314279,-5.45508745614,-5.46717601353,-5.53847850113,12.0185185185,12.3703703704,12.3518518519,12.3518518519,12.3888888889
10160,-5.21489926882,-5.51047606829,-5.32704440805,-5.55064493289,-5.55682569583,11.9074074074,12.537037037,12.3333333333,12.3703703704,12.4814814815
10180,-5.24301591557,-5.48465492876,-5.35193677563,-5.49053340358,-5.6312902375,11.8703703704,12.4444444444,12.3518518519,12.3518518519,12.4074074074
10200,-5.27683262135,-5.52833797943,-5.42532046438,-5.4593389852,-5.54685136519,11.8888888889,12.462962963,12.2037037037,12.3703703704,12.4074074074
10220,-5.23948694149,-5.59476741981,-5.49862365954,-5.48654746895,-5.49078070755,11.9074074074,12.4814814815,12.1111111111,12.3333333333,12.4074074074
10240,-5.22199988642,-5.55409791023,-5.42425743083,-5.49855141813,-5.51336176837,11.8703703704,12.4074074074,12.1666666667,12.3703703704,12.4814814815
10260,-5.33892221444,-5.50281272526,-5.34776673309,-5.38885226847,-5.55427726149,12.0185185185,12.4074074074,12.2962962963,12.3888888889,12.5185185185
10280,-5.33152297074,-5.50572637838,-5.43313203232,-5.42021951096,-5.59700445924,11.9814814815,12.4444444444,12.3333333333,12.5185185185,12.6296296296
10300,-5.25349737178,-5.65359930321,-5.49200444349,-5.54483927915,-5.55638850675,12.1481481481,12.3518518519,12.4259259259,12.3518518519,12.5740740741
10320,-5.30061047584,-5.66925272491,-5.50345239634,-5.55783798709,-5.49581528636,12.1296296296,12.3518518519,12.2037037037,12.4074074074,12.6111111111
10340,-5.30162468219,-5.70464280321,-5.51401244715,-5.60049575616,-5.50363118103,12.1111111111,12.2777777778,12.2592592593,12.462962963,12.5
10360,-5.3253003302,-5.68899117621,-5.49782137018,-5.56663060023,-5.52340420312,12.1296296296,12.2962962963,12.2222222222,12.3148148148,12.5925925926
10380,-5.3533272931,-5.64593718396,-5.45047432123,-5.52209968657,-5.58303485281,12.1481481481,12.3888888889,12.3703703704,12.3703703704,12.5555555556
10400,-5.18053066672,-5.6368559529,-5.50940354711,-5.57121690273,-5.54970126243,12.1296296296,12.537037037,12.4074074074,12.3703703704,12.6111111111
10420,-5.30011231228,-5.60562583165,-5.51043041927,-5.49929967841,-5.53043894024,12.2407407407,12.4444444444,12.2962962963,12.3888888889,12.3518518519
10440,-5.30341506033,-5.56294161851,-5.47757227862,-5.47288865576,-5.50752390531,12.2407407407,12.462962963,12.3888888889,12.2962962963,12.2777777778
10460,-5.37229211269,-5.5867027551,-5.34147971673,-5.58833798116,-5.4625825556,12.0740740741,12.4444444444,12.2962962963,12.3333333333,12.3703703704
10480,-5.28534601552,-5.60048576633,-5.41136942748,-5.56753663827,-5.48194775774,12.0555555556,12.4074074074,12.4444444444,12.4074074074,12.4074074074
10500,-5.20053153674,-5.6004838391,-5.45359737712,-5.50878214496,-5.46767417691,11.8518518519,12.5,12.4259259259,12.3703703704,12.2777777778
10520,-5.22355707877,-5.57431426341,-5.5219703871,-5.54426222623,-5.50144810041,11.9259259259,12.5,12.3518518519,12.3518518519,12.0925925926
10540,-5.24247058141,-5.61518514997,-5.50097401502,-5.56008659717,-5.44704694555,11.8703703704,12.4814814815,12.4444444444,12.3518518519,12.2407407407
10560,-5.2047255494,-5.56579183692,-5.48409929301,-5.52276022017,-5.51028343827,11.9444444444,12.5185185185,12.4814814815,12.5,12.1851851852
10580,-5.11287098642,-5.55675116933,-5.38063492976,-5.46651911704,-5.45539446766,12.1481481481,12.5555555556,12.5555555556,12.5,12.2777777778
10600,-5.24120898698,-5.50452782846,-5.42032858316,-5.52413780796,-5.48478529271,12.1111111111,12.5740740741,12.5740740741,12.3888888889,12.3888888889
10620,-5.29627777312,-5.50453626962,-5.43646420795,-5.53605475667,-5.49509212926,12.0185185185,12.537037037,12.3888888889,12.4259259259,12.3888888889
10640,-5.2061105258,-5.43371824795,-5.4340301041,-5.60545086032,-5.52706692098,11.9814814815,12.3518518519,12.3888888889,12.3518518519,12.3333333333
10660,-5.17043570659,-5.56772281851,-5.48860183021,-5.64373509756,-5.45291746786,11.9444444444,12.2962962963,12.3518518519,12.3518518519,12.462962963
10680,-5.25235844481,-5.426853414,-5.50363938477,-5.62643774174,-5.39458552797,11.8148148148,12.4814814815,12.4074074074,12.4814814815,12.4074074074
10700,-5.19823947466,-5.45816972822,-5.46331004694,-5.64309349307,-5.52656676901,11.7037037037,12.2962962963,12.3518518519,12.4074074074,12.4074074074
10720,-5.11664641322,-5.51378898286,-5.43970657812,-5.59246612819,-5.47534773308,11.7962962963,12.2407407407,12.4074074074,12.2592592593,12.2962962963
10740,-5.22703568968,-5.49716951763,-5.43853530439,-5.58778266218,-5.4367404564,11.8148148148,12.3518518519,12.4074074074,12.2407407407,12.2962962963
10760,-5.25950837152,-5.45568600346,-5.38922025913,-5.61020447616,-5.40404889404,11.8888888889,12.462962963,12.3888888889,12.3333333333,12.2777777778
10780,-5.22534434376,-5.4291131317,-5.2174217617,-5.54220333687,-5.36622496212,11.962962963,12.5185185185,12.2407407407,12.3333333333,12.1851851852
10800,-5.23223614945,-5.36607743825,-5.3203811598,-5.45420777716,-5.40412241623,11.8518518519,12.5,12.2592592593,12.3148148148,12.2037037037
10820,-5.34390702623,-5.39939610296,-5.42618137531,-5.41191576483,-5.48559075311,11.7962962963,12.5,12.2592592593,12.3333333333,12.1481481481
10840,-5.36910239185,-5.46574157518,-5.37770981293,-5.49006022147,-5.54498175342,12.037037037,12.4814814815,12.2407407407,12.4814814815,12.1296296296
10860,-5.28430170151,-5.49750311731,-5.42822438592,-5.52856687341,-5.54204712549,12.0740740741,12.4814814815,12.3148148148,12.3888888889,12.2222222222
10880,-5.24741087632,-5.42373717613,-5.39984714511,-5.59840683882,-5.50299924302,12.0925925926,12.3518518519,12.3333333333,12.3518518519,12.2037037037
10900,-5.20794321732,-5.45160776808,-5.38940108936,-5.61891054348,-5.5241119327,12.0555555556,12.2962962963,12.3888888889,12.3888888889,12.2222222222
10920,-5.16872372967,-5.51847283441,-5.35502009833,-5.62622598046,-5.45951692203,12.2037037037,12.4074074074,12.4814814815,12.2407407407,12.3333333333
10940,-5.3211179149,-5.38131267013,-5.29828669174,-5.62026771587,-5.54712387916,12.1851851852,12.3518518519,12.4259259259,12.2777777778,12.3888888889
10960,-5.22729234527,-5.34585130679,-5.36691545185,-5.57442884201,-5.57969599901,12.1481481481,12.4814814815,12.4259259259,12.1481481481,12.3518518519
10980,-5.26549547458,-5.40392491591,-5.38859005711,-5.55526476828,-5.49195436691,12.2037037037,12.462962963,12.2777777778,12.2777777778,12.4444444444
11000,-5.30880451669,-5.43691299936,-5.45561737347,-5.56417517872,-5.51755134225,12.0925925926,12.3703703704,12.3518518519,12.3333333333,12.3148148148
11020,-5.29063138857,-5.31120575392,-5.40287590054,-5.58363370282,-5.51203421917,12.1111111111,12.4074074074,12.462962963,12.3518518519,12.2222222222
11040,-5.28128314997,-5.38779992719,-5.39693195604,-5.52687563024,-5.42885374699,12.1851851852,12.4814814815,12.3703703704,12.4444444444,12.3148148148
11060,-5.17312821324,-5.38989224973,-5.38010768067,-5.54204754868,-5.44303237374,11.9814814815,12.462962963,12.2962962963,12.462962963,12.2222222222
11080,-5.19646220548,-5.40366200649,-5.40188137666,-5.61089330625,-5.4318032382,11.8148148148,12.4444444444,12.3703703704,12.3888888889,12.2592592593
11100,-5.21094227106,-5.42593531174,-5.42136975712,-5.61180812827,-5.40217281316,11.8888888889,12.5185185185,12.3518518519,12.3888888889,12.2777777778
11120,-5.25206162669,-5.41397054025,-5.36462065713,-5.56557402008,-5.40724741902,11.9074074074,12.4074074074,12.3333333333,12.4814814815,12.2592592593
11140,-5.28503954379,-5.43773728246,-5.29107247159,-5.5395449758,-5.46683198304,11.9444444444,12.3888888889,12.4074074074,12.5555555556,12.1481481481
11160,-5.23345508945,-5.39620680654,-5.37176148354,-5.56066986064,-5.49089450839,12.0185185185,12.2592592593,12.3888888889,12.5,12.1851851852
11180,-5.03440064998,-5.36551069409,-5.48364415267,-5.51232977913,-5.45805245859,12.0555555556,12.2222222222,12.3148148148,12.4814814815,12.2222222222
11200,-5.14522980058,-5.3866082117,-5.48152695511,-5.56172918186,-5.39491155504,12.0925925926,12.2222222222,12.2407407407,12.4259259259,12.2407407407
11220,-5.10575860643,-5.46208749244,-5.39905754703,-5.60197304081,-5.37885261537,12.0740740741,12.2407407407,12.2407407407,12.4814814815,12.2962962963
11240,-5.15527989695,-5.51102679037,-5.3342300805,-5.64331962486,-5.43529190006,12.0555555556,12.3518518519,12.3518518519,12.4074074074,12.3148148148
11260,-5.22279341882,-5.43846407162,-5.4237381762,-5.62654241629,-5.49548841341,11.962962963,12.3148148148,12.3333333333,12.3703703704,12.3333333333
11280,-5.15062305282,-5.3911840806,-5.50335651209,-5.65049323993,-5.50688004522,11.962962963,12.3703703704,12.3333333333,12.4444444444,12.2592592593
11300,-5.14623101507,-5.41739063285,-5.48937285697,-5.60967871951,-5.42343071027,11.9814814815,12.2407407407,12.3333333333,12.5,12.1666666667
11320,-5.22740771773,-5.46809909575,-5.52345513835,-5.71201980809,-5.46164277807,11.8148148148,12.0740740741,12.3333333333,12.537037037,12.037037037
11340,-5.16276836564,-5.5095658777,-5.50267665634,-5.73979984122,-5.47178194928,11.8703703704,12.1666666667,12.2777777778,12.3518518519,12.0925925926
11360,-5.21270575679,-5.46447754684,-5.47513142855,-5.67119799126,-5.52305819943,11.9259259259,12.2407407407,12.2962962963,12.4074074074,12.3148148148
11380,-5.23585437486,-5.38598681018,-5.39447218947,-5.68443575563,-5.47607617917,11.9444444444,12.2777777778,12.2592592593,12.3518518519,12.5185185185
11400,-5.1031475015,-5.4268207014,-5.40167093057,-5.65258107561,-5.48951797861,11.8518518519,12.3148148148,12.2592592593,12.4444444444,12.537037037
11420,-5.14260782713,-5.42811185846,-5.41971280097,-5.66444406179,-5.47265393071,11.7407407407,12.3703703704,12.2777777778,12.3333333333,12.5925925926
11440,-5.09601048256,-5.42114310246,-5.499952692,-5.62422482233,-5.44681944694,11.6481481481,12.3333333333,12.3148148148,12.2777777778,12.4259259259
11460,-5.0778053263,-5.46633926728,-5.50536011163,-5.6090428176,-5.42776314082,11.8518518519,12.1851851852,12.2222222222,12.3148148148,12.5740740741
11480,-5.06851528335,-5.46922924189,-5.36652041169,-5.66072188086,-5.47265617845,12.0555555556,12.1666666667,12.3148148148,12.3148148148,12.4444444444
11500,-5.11422361114,-5.45099564657,-5.46132881817,-5.68001889999,-5.48237369889,11.8703703704,12.1481481481,12.3518518519,12.5,12.3148148148
11520,-5.1262113599,-5.43152280918,-5.4958348169,-5.59350175054,-5.52888585032,11.8703703704,12.1296296296,12.4259259259,12.5,12.4074074074
11540,-5.18190732695,-5.45188333024,-5.41079811338,-5.62779235671,-5.54495719169,11.8518518519,12.1666666667,12.3148148148,12.4259259259,12.3888888889
11560,-5.25159403752,-5.521376495,-5.47343808935,-5.64532333771,-5.41424131472,12.037037037,12.2962962963,12.3148148148,12.3333333333,12.3518518519
11580,-5.16127175136,-5.5714015272,-5.51712462996,-5.561330539,-5.39596682727,12.0185185185,12.3703703704,12.4444444444,12.4259259259,12.4259259259
11600,-5.19194678171,-5.49122721644,-5.5135876436,-5.54117803222,-5.45189863998,11.8888888889,12.3518518519,12.5555555556,12.5740740741,12.3888888889
11620,-5.18078575667,-5.55204120595,-5.43152994658,-5.66066611362,-5.46973875713,11.8888888889,12.462962963,12.537037037,12.4259259259,12.4074074074
11640,-5.23641352802,-5.54275755015,-5.34596447812,-5.61707857643,-5.50500760303,12.0740740741,12.4814814815,12.537037037,12.5,12.3518518519
11660,-5.27090369428,-5.58001709698,-5.3751595867,-5.54113330651,-5.42554002793,12.1666666667,12.3518518519,12.5185185185,12.4814814815,12.2592592593
11680,-5.37152694704,-5.5537749896,-5.48139323128,-5.58009694191,-5.48722153472,12.2037037037,12.3333333333,12.3888888889,12.3333333333,12.3518518519
11700,-5.34479917633,-5.44070989287,-5.45819463901,-5.63475473907,-5.4466547057,12.1481481481,12.3518518519,12.4074074074,12.2962962963,12.3333333333
11720,-5.24714699361,-5.57761016125,-5.33699319241,-5.61386835419,-5.43742098678,12.037037037,12.4074074074,12.3148148148,12.3148148148,12.4074074074
11740,-5.34973625321,-5.53855898579,-5.4536968107,-5.55930463937,-5.54681906751,12.0555555556,12.3888888889,12.2592592593,12.2777777778,12.3703703704
11760,-5.33963788463,-5.592859113,-5.48170273867,-5.58009138091,-5.54582514598,12.0185185185,12.3333333333,12.3333333333,12.2407407407,12.2222222222
11780,-5.26002761674,-5.62844089808,-5.42194431598,-5.57774252631,-5.48689821631,11.8888888889,12.3148148148,12.4259259259,12.3148148148,12.2037037037
11800,-5.27788665894,-5.47959740011,-5.43025353751,-5.66909541229,-5.48188462049,11.9259259259,12.2592592593,12.3703703704,12.3333333333,12.2592592593
11820,-5.31684297428,-5.54127655188,-5.42547589033,-5.74186632584,-5.46806216221,11.962962963,12.2777777778,12.2777777778,12.4814814815,12.2592592593
11840,-5.31038577381,-5.60064343503,-5.48814117457,-5.59840003459,-5.54951904739,12.0925925926,12.2962962963,12.2962962963,12.4444444444,12.3333333333
11860,-5.37906500203,-5.56788810147,-5.53051253899,-5.52232405154,-5.50825453455,12.0740740741,12.2777777778,12.2222222222,12.3703703704,12.4259259259
11880,-5.30213263262,-5.58948360785,-5.48249217907,-5.61941490856,-5.48769936766,12.0555555556,12.3703703704,12.3703703704,12.3333333333,12.2962962963
11900,-5.31697599297,-5.60156637239,-5.57898421399,-5.56589857747,-5.5596548757,12.1296296296,12.5,12.4259259259,12.2592592593,12.1851851852
11920,-5.39548499791,-5.56109447884,-5.47146320328,-5.45981003391,-5.6198027571,11.9814814815,12.5,12.3518518519,12.2037037037,12.3148148148
11940,-5.33052828016,-5.53250049792,-5.45409383557,-5.52285480076,-5.62803008945,12.0740740741,12.5,12.2777777778,12.2592592593,12.3703703704
11960,-5.33267838884,-5.51114874079,-5.50378981191,-5.57031793038,-5.65042935237,11.9259259259,12.4444444444,12.462962963,12.2592592593,12.3518518519
11980,-5.2978274915,-5.47831073198,-5.43770110624,-5.49856179364,-5.53574624941,12.037037037,12.3148148148,12.2592592593,12.2222222222,12.4074074074
12000,-5.36785220638,-5.53964923627,-5.37473930596,-5.4374954892,-5.53609094246,12.0555555556,12.2777777778,12.2777777778,12.1481481481,12.3888888889
