step,replica_0_potential_energy_per_atom,replica_1_potential_energy_per_atom,replica_2_potential_energy_per_atom,replica_3_potential_energy_per_atom,replica_4_potential_energy_per_atom,replica_0_coordination_number,replica_1_coordination_number,replica_2_coordination_number,replica_3_coordination_number,replica_4_coordination_number
1000,-5.49134860761,-5.55471931501,-5.57799652128,-5.65610957088,-5.67394098752,12.2777777778,12.1481481481,12.462962963,12.3703703704,12.2962962963
1020,-5.56502023193,-5.63204224168,-5.44107851322,-5.59815918048,-5.67254318221,12.3703703704,12.2407407407,12.4814814815,12.537037037,12.4444444444
1040,-5.56761835782,-5.58791375092,-5.4288231668,-5.5906346688,-5.67516703668,12.3518518519,12.2037037037,12.4259259259,12.462962963,12.4074074074
1060,-5.56389921299,-5.61140853913,-5.5038055813,-5.61968950614,-5.70324464253,12.3333333333,12.0925925926,12.4074074074,12.4814814815,12.4259259259
1080,-5.53547218073,-5.54260482901,-5.50726672642,-5.64679970197,-5.63115915763,12.3148148148,12.2222222222,12.2777777778,12.3888888889,12.462962963
1100,-5.50274529937,-5.49283615139,-5.47961394622,-5.58938906687,-5.62867916666,12.2592592593,12.2037037037,12.2777777778,12.4259259259,12.462962963
1120,-5.50907363423,-5.57311107285,-5.46532671715,-5.55536762479,-5.5587905329,12.2222222222,12.2592592593,12.3703703704,12.4074074074,12.4074074074
1140,-5.52736969861,-5.59721193116,-5.50268477381,-5.54706057466,-5.56537694423,12.2407407407,12.3703703704,12.3703703704,12.1851851852,12.4259259259
1160,-5.49699409181,-5.53499041816,-5.49722290883,-5.5615676335,-5.63892438731,12.3333333333,12.2592592593,12.4444444444,12.1666666667,12.2962962963
1180,-5.4624057538,-5.59827241217,-5.48745333355,-5.53304186225,-5.621842633,12.4259259259,12.3703703704,12.3333333333,12.2407407407,12.1666666667
1200,-5.47405629484,-5.64395372694,-5.49895207734,-5.36378073326,-5.69859581606,12.2592592593,12.3703703704,12.2407407407,12.3148148148,12.1851851852
1220,-5.47659748758,-5.65319338644,-5.52020926528,-5.45072426773,-5.68843026292,12.3888888889,12.3148148148,12.3333333333,12.3703703704,12.2777777778
1240,-5.51037915184,-5.6856857414,-5.46713425603,-5.50671180376,-5.59372050681,12.4444444444,12.4444444444,12.2407407407,12.3888888889,12.3518518519
1260,-5.53625251945,-5.65268229972,-5.49033514,-5.45656967385,-5.555819694,12.4444444444,12.4074074074,12.2777777778,12.462962963,12.3703703704
1280,-5.56079523826,-5.58074211345,-5.49915693612,-5.45352355563,-5.59561881432,12.4444444444,12.5,12.3148148148,12.3703703704,12.3333333333
1300,-5.53119569501,-5.55915727645,-5.50716178288,-5.54778080098,-5.60145892783,12.4074074074,12.4259259259,12.2777777778,12.3703703704,12.3888888889
1320,-5.49842852125,-5.57731298402,-5.45138924935,-5.51201907583,-5.5448116597,12.3333333333,12.4074074074,12.2037037037,12.462962963,12.4444444444
1340,-5.50378878511,-5.59122286545,-5.48851632419,-5.5276267462,-5.50953146352,12.2037037037,12.537037037,12.2037037037,12.4074074074,12.5740740741
1360,-5.53436206375,-5.52999990638,-5.54406732769,-5.50241540531,-5.54621528871,12.2777777778,12.3888888889,12.2962962963,12.4814814815,12.5925925926
1380,-5.48451060916,-5.57850682397,-5.58865341521,-5.47976838636,-5.55063262047,12.3148148148,12.3888888889,12.2592592593,12.4074074074,12.5740740741
1400,-5.51750621339,-5.6011699988,-5.4972656015,-5.52296305283,-5.68161772131,12.2222222222,12.462962963,12.3148148148,12.462962963,12.5
1420,-5.46877879748,-5.67666019314,-5.57675745783,-5.57676369426,-5.64107828659,12.2777777778,12.462962963,12.5185185185,12.3703703704,12.3148148148
1440,-5.42322638821,-5.6419964221,-5.58957255345,-5.57626804822,-5.60769570106,12.3333333333,12.5185185185,12.4444444444,12.4074074074,12.4444444444
1460,-5.54137262669,-5.61795118877,-5.59943574959,-5.57420994241,-5.69793058079,12.3518518519,12.6481481481,12.3333333333,12.4259259259,12.3518518519
1480,-5.53687771016,-5.61788262867,-5.53930868008,-5.46391614299,-5.70626196457,12.2037037037,12.537037037,12.3333333333,12.4074074074,12.3518518519
1500,-5.48262071557,-5.55347624833,-5.53085038532,-5.46702021783,-5.56243193229,12.3333333333,12.4814814815,12.3888888889,12.4444444444,12.3518518519
1520,-5.41132211385,-5.56878656207,-5.47246631515,-5.56795975068,-5.57766515843,12.3518518519,12.4444444444,12.3148148148,12.3703703704,12.2407407407
1540,-5.39195373157,-5.56863960314,-5.54084838786,-5.53232612001,-5.71183936609,12.3518518519,12.4074074074,12.3148148148,12.3333333333,12.2592592593
1560,-5.48773361104,-5.59926170665,-5.59176463386,-5.53625165785,-5.57573143643,12.4074074074,12.4814814815,12.3703703704,12.3518518519,12.2592592593
1580,-5.57058076248,-5.60357586439,-5.55760312208,-5.46210369743,-5.46699549233,12.3518518519,12.4814814815,12.3518518519,12.3518518519,12.2222222222
1600,-5.47055271444,-5.57089775572,-5.54768412518,-5.52978473615,-5.55399293206,12.2037037037,12.462962963,12.3148148148,12.1481481481,12.3703703704
1620,-5.42885913526,-5.54502406752,-5.53477264851,-5.49401409646,-5.52965940697,12.2777777778,12.462962963,12.2962962963,12.0925925926,12.1666666667
1640,-5.49028663682,-5.63273638204,-5.46990172091,-5.46575874149,-5.53499411722,12.2222222222,12.5185185185,12.2962962963,12.2037037037,12.1481481481
1660,-5.49388162536,-5.71092048009,-5.54229067543,-5.50271737547,-5.51634704122,12.3148148148,12.4444444444,12.3888888889,12.2962962963,12.2407407407
1680,-5.39440144431,-5.59025232018,-5.54914942351,-5.51667859313,-5.47491640639,12.2407407407,12.4259259259,12.2592592593,12.4444444444,12.2407407407
1700,-5.29471647604,-5.56972436358,-5.45134039459,-5.44851886258,-5.44090837159,12.2592592593,12.4259259259,12.2407407407,12.3333333333,12.2407407407
1720,-5.33340294288,-5.54438851029,-5.47444455544,-5.4316683166,-5.48289671896,12.2222222222,12.4074074074,12.3703703704,12.1666666667,12.3333333333
1740,-5.37914055335,-5.5681850584,-5.52405262694,-5.4200092823,-5.47158545779,12.1111111111,12.3518518519,12.4814814815,12.1296296296,12.3148148148
1760,-5.36703566722,-5.56415300235,-5.51079395456,-5.43252446336,-5.53009335017,12,12.3148148148,12.4444444444,12.037037037,12.2222222222
1780,-5.36490908107,-5.57447928793,-5.46316441042,-5.44095494835,-5.419667282,12.0925925926,12.3333333333,12.2962962963,12.0740740741,12.2407407407
1800,-5.31568183793,-5.50360328176,-5.45406895414,-5.59777006695,-5.41325957656,12.1851851852,12.3333333333,12.3703703704,12.1481481481,12.1481481481
1820,-5.20986627227,-5.50953219615,-5.5624316586,-5.59489058857,-5.38631833177,12.1296296296,12.4814814815,12.3518518519,12.1851851852,12.037037037
1840,-5.32632871711,-5.61219308558,-5.43990476849,-5.59149126485,-5.4633983256,11.9444444444,12.4814814815,12.2407407407,12.3148148148,12.1481481481
1860,-5.28059452936,-5.54888130312,-5.42904924845,-5.54880467654,-5.45969294916,12.037037037,12.4814814815,12.3518518519,12.3703703704,12.0555555556
1880,-5.30801775134,-5.55732094636,-5.50253888992,-5.47788160852,-5.52287355806,12.2037037037,12.5,12.3333333333,12.4259259259,12.0740740741
1900,-5.26959452712,-5.58685615337,-5.52880254237,-5.44253481755,-5.44395544236,12.2037037037,12.3333333333,12.3703703704,12.4259259259,12.1481481481
1920,-5.34408212005,-5.57624180202,-5.51449474541,-5.57234976731,-5.44353326413,12.2592592593,12.5,12.4814814815,12.3888888889,12.037037037
1940,-5.48124946478,-5.55851651263,-5.58451479829,-5.53227533618,-5.48556148793,12.2777777778,12.3888888889,12.5,12.3888888889,12.1111111111
1960,-5.28018381374,-5.67508553268,-5.53919723764,-5.5102740588,-5.55162728813,12.2037037037,12.3148148148,12.4259259259,12.3888888889,12.1666666667
1980,-5.19349113485,-5.57631204593,-5.5086149588,-5.53964308899,-5.55314602395,12.0925925926,12.2962962963,12.462962963,12.4259259259,12.2222222222
2000,-5.28549094113,-5.45772172969,-5.56502971595,-5.45809714432,-5.50781762876,11.9444444444,12.462962963,12.3518518519,12.3333333333,12.1296296296
2020,-5.31367602366,-5.48121523542,-5.60685851555,-5.5181517742,-5.45957322378,11.9444444444,12.4259259259,12.537037037,12.3333333333,12.1666666667
2040,-5.33932712471,-5.50248560787,-5.59081896056,-5.60015505164,-5.41206118347,12.0740740741,12.2407407407,12.4259259259,12.3888888889,12.2407407407
2060,-5.41828058528,-5.47942933765,-5.54008534837,-5.59937831472,-5.52346943478,12.1666666667,12.1851851852,12.4814814815,12.2962962963,12.2407407407
2080,-5.40087576597,-5.47196969494,-5.44713558773,-5.59467260606,-5.51872567018,12.1666666667,12.1111111111,12.4444444444,12.2592592593,12.2037037037
2100,-5.34338106859,-5.45805441049,-5.57436335281,-5.55631966286,-5.4419190961,12.0555555556,12.2037037037,12.4444444444,12.3703703704,12.1851851852
2120,-5.35292963057,-5.47637696722,-5.62260589228,-5.50572449235,-5.45383505801,12.0555555556,12.3518518519,12.3888888889,12.4259259259,12.1666666667
2140,-5.326409386,-5.47532687688,-5.64568627726,-5.45276970901,-5.53043842076,12.0555555556,12.2037037037,12.3333333333,12.3703703704,12.3333333333
2160,-5.40076520012,-5.4939652427,-5.60218256605,-5.44173198483,-5.56746273984,12.0555555556,12.4074074074,12.3888888889,12.3703703704,12.3148148148
2180,-5.33919800864,-5.42783057789,-5.57343558332,-5.52763160281,-5.48331605639,12.2777777778,12.4074074074,12.4074074074,12.4074074074,12.4444444444
2200,-5.35213758367,-5.36905901946,-5.52649287989,-5.52752347116,-5.56012504559,12.3888888889,12.3148148148,12.3703703704,12.4814814815,12.3888888889
2220,-5.35617732923,-5.44022544576,-5.47231955566,-5.55991862668,-5.56032830646,12.3148148148,12.2592592593,12.2962962963,12.4814814815,12.4814814815
2240,-5.33637212397,-5.33452623445,-5.42623799859,-5.52935590484,-5.50307738687,12.1851851852,12.2592592593,12.4074074074,12.2777777778,12.3888888889
2260,-5.38183725044,-5.43367686592,-5.46477751322,-5.48624961254,-5.46750546203,12.0555555556,12.3333333333,12.4259259259,12.3148148148,12.3888888889
2280,-5.31454381249,-5.41381586264,-5.46192003324,-5.52739562556,-5.5058543981,12,12.3703703704,12.2592592593,12.3518518519,12.4074074074
2300,-5.22632724729,-5.2992364996,-5.48412097217,-5.59421874855,-5.51786178882,12.0185185185,12.3148148148,12.2037037037,12.2407407407,12.4814814815
2320,-5.30314739884,-5.33233068228,-5.51467849547,-5.49433301425,-5.41260538989,11.9814814815,12.3333333333,12.2592592593,12.3148148148,12.5555555556
2340,-5.3927736727,-5.40756198969,-5.56748984463,-5.41484655226,-5.338702973,12.1296296296,12.3518518519,12.2222222222,12.3148148148,12.3518518519
2360,-5.36957719773,-5.39144038492,-5.58125234273,-5.42518770334,-5.37486321333,12.1666666667,12.2962962963,12.2407407407,12.2037037037,12.2777777778
2380,-5.41632992705,-5.26720570562,-5.55698496799,-5.42998080791,-5.48585340574,12.1851851852,12.3333333333,12.2407407407,12.2777777778,12.2962962963
2400,-5.42237938334,-5.41839716533,-5.5608152822,-5.53793583349,-5.38907585668,12,12.3888888889,12.4259259259,12.462962963,12.4444444444
2420,-5.38489773812,-5.43195317017,-5.50012739799,-5.6279752959,-5.50082646239,12.0185185185,12.3148148148,12.462962963,12.462962963,12.3888888889
2440,-5.36130107697,-5.31953761675,-5.4399692116,-5.56813942755,-5.49777340053,11.962962963,12.2962962963,12.462962963,12.5555555556,12.3333333333
2460,-5.35521527028,-5.42506325565,-5.51579916495,-5.43105549679,-5.44294651761,11.9444444444,12.3518518519,12.4444444444,12.5925925926,12.2962962963
2480,-5.32869411259,-5.42575660415,-5.51079355252,-5.47020281902,-5.53119663502,12.0555555556,12.4444444444,12.3333333333,12.5,12.3888888889
2500,-5.27405469088,-5.41011986738,-5.63155984298,-5.45923573245,-5.61456409646,12.037037037,12.462962963,12.4074074074,12.4444444444,12.3333333333
2520,-5.27531654937,-5.39074961629,-5.70478582904,-5.41674619368,-5.61353959899,12.0185185185,12.4814814815,12.3703703704,12.462962963,12.4259259259
2540,-5.30153289182,-5.41890346722,-5.69130893897,-5.44821223157,-5.51793646516,12.0555555556,12.3888888889,12.462962963,12.3518518519,12.3888888889
2560,-5.35841394687,-5.40417293915,-5.61626395477,-5.50332099257,-5.59291026974,12,12.3518518519,12.462962963,12.3333333333,12.2777777778
2580,-5.26358862896,-5.37326888921,-5.57036554845,-5.45129432,-5.58603090542,11.962962963,12.3333333333,12.4074074074,12.3333333333,12.3333333333
2600,-5.2360712218,-5.37061695936,-5.56248334353,-5.41666602193,-5.51736975004,12.037037037,12.2222222222,12.3333333333,12.1296296296,12.3888888889
2620,-5.31851943345,-5.2528744096,-5.54793843109,-5.43730526057,-5.55286367108,12.1111111111,12.2407407407,12.1851851852,12.1851851852,12.3518518519
2640,-5.2830689963,-5.31585470496,-5.44863727674,-5.46752153415,-5.49478814025,12.037037037,12.537037037,12.1481481481,12.2037037037,12.2962962963
2660,-5.34640772321,-5.36162424435,-5.40769181226,-5.41501260441,-5.53629993263,12.0555555556,12.4259259259,12.2407407407,12.3148148148,12.4259259259
2680,-5.2395046228,-5.34920389531,-5.51681586575,-5.3732844309,-5.60825790443,12,12.3888888889,12.3518518519,12.3148148148,12.3703703704
2700,-5.24394271833,-5.25207079215,-5.48578780879,-5.4207680342,-5.60646218005,11.9259259259,12.3703703704,12.4074074074,12.1296296296,12.2592592593
2720,-5.28565573782,-5.19190399237,-5.49586203559,-5.46938992646,-5.51946625549,11.8703703704,12.2222222222,12.3333333333,12.3148148148,12.2962962963
2740,-5.21242392049,-5.33862645229,-5.53003631767,-5.48963938934,-5.51779601655,12.1296296296,12.2592592593,12.2777777778,12.4444444444,12.3703703704
2760,-5.18790852116,-5.25144063878,-5.51220696256,-5.55794206027,-5.53602720804,12.1666666667,12.0925925926,12.3703703704,12.4259259259,12.3148148148
2780,-5.22151401967,-5.30660576389,-5.57172358549,-5.50588129478,-5.53516754749,12.1296296296,12.0740740741,12.3703703704,12.2962962963,12.2592592593
2800,-5.21719693349,-5.30887171202,-5.52881941715,-5.45338884599,-5.51416140282,12.0925925926,12.2407407407,12.5,12.4074074074,12.2962962963
2820,-5.18748876166,-5.32542093383,-5.46134135835,-5.40988234015,-5.58071309054,12.2407407407,12.2592592593,12.3518518519,12.2962962963,12.3518518519
2840,-5.19501428179,-5.36636760708,-5.43756390283,-5.42275515032,-5.68619713763,12.1481481481,12.3333333333,12.3703703704,12.4074074074,12.3148148148
2860,-5.24258086584,-5.31680626012,-5.43526674972,-5.40115060789,-5.67648510658,12.0740740741,12.1851851852,12.2962962963,12.3518518519,12.3148148148
2880,-5.19140820923,-5.37230134115,-5.54386449836,-5.40294262366,-5.61700257874,11.8888888889,12.1111111111,12.4074074074,12.5185185185,12.5
2900,-5.12305225342,-5.38389538387,-5.50156375053,-5.51411989641,-5.55838723751,11.9074074074,12.2037037037,12.4074074074,12.4074074074,12.5185185185
2920,-5.20304623729,-5.36644039444,-5.41829364234,-5.4526431383,-5.50468900706,12.0185185185,12.0925925926,12.4259259259,12.3333333333,12.537037037
2940,-5.1596472752,-5.331230165,-5.42260685836,-5.45368353828,-5.57680994698,11.7777777778,12.2222222222,12.3703703704,12.3518518519,12.5925925926
2960,-5.1577146453,-5.38830827913,-5.52330509815,-5.51379013017,-5.55596052558,11.7962962963,12.2222222222,12.2407407407,12.3148148148,12.4814814815
2980,-5.24926239369,-5.47656840915,-5.403760457,-5.56116747817,-5.56025624856,11.9074074074,12.3518518519,12.3703703704,12.4074074074,12.3703703704
3000,-5.22627711788,-5.52124684747,-5.46845441079,-5.5232457199,-5.60425951963,11.9444444444,12.4074074074,12.2777777778,12.5185185185,12.3888888889
3020,-5.18682344038,-5.49052067604,-5.55635906129,-5.5383063853,-5.59674036401,11.8888888889,12.3518518519,12.3888888889,12.5740740741,12.1851851852
3040,-5.23702908461,-5.47812921548,-5.55014705012,-5.64574181513,-5.55565685929,12,12.2407407407,12.2592592593,12.5,12.3703703704
3060,-5.1128856595,-5.47340585042,-5.43121427778,-5.5231482523,-5.54548401468,11.8518518519,12.3148148148,12.3148148148,12.3703703704,12.2777777778
3080,-5.15641099089,-5.37198609724,-5.43776067827,-5.51607755095,-5.45112352344,11.8518518519,12.2962962963,12.3148148148,12.4444444444,12.3333333333
3100,-5.19345569794,-5.41854784854,-5.5740287526,-5.60013559112,-5.57565160052,11.9444444444,12.3703703704,12.462962963,12.4074074074,12.2037037037
3120,-5.20738684509,-5.38667904457,-5.53025037694,-5.64989031229,-5.59991410245,11.9074074074,12.3888888889,12.3888888889,12.4074074074,12.3888888889
3140,-5.31150798909,-5.4268934852,-5.53654364257,-5.59271321323,-5.50436131967,11.9444444444,12.3148148148,12.3518518519,12.3333333333,12.4074074074
3160,-5.25247300082,-5.398375771,-5.50435657218,-5.54123890375,-5.514992381,11.9074074074,12.3148148148,12.3148148148,12.3888888889,12.4259259259
3180,-5.19509525746,-5.41501747673,-5.41721469153,-5.56980389831,-5.5368880363,11.9444444444,12.2407407407,12.3703703704,12.2962962963,12.3703703704
3200,-5.31542172149,-5.48861991539,-5.42386942309,-5.56792071289,-5.54254612121,11.9814814815,12.3703703704,12.462962963,12.2222222222,12.5
3220,-5.22295152886,-5.46579633504,-5.45531147091,-5.45012601881,-5.6148146832,12,12.4074074074,12.4444444444,12.3703703704,12.462962963
3240,-5.19896546339,-5.40740514449,-5.4937955825,-5.53990189266,-5.59129781924,12,12.4814814815,12.5740740741,12.3703703704,12.4444444444
3260,-5.25050791605,-5.47290500798,-5.47058494995,-5.60476029287,-5.60191839418,11.8888888889,12.5555555556,12.4259259259,12.2407407407,12.3703703704
3280,-5.1906876477,-5.48081058567,-5.528862655,-5.52624840421,-5.71174037825,11.7962962963,12.5555555556,12.4444444444,12.2407407407,12.3333333333
3300,-5.17902068768,-5.49061295227,-5.535434202,-5.49319670839,-5.7139094942,11.7407407407,12.5185185185,12.6666666667,12.3148148148,12.4259259259
3320,-5.24848950424,-5.51112456488,-5.50528454541,-5.51956715877,-5.6364457539,11.7592592593,12.5185185185,12.6851851852,12.2037037037,12.4444444444
3340,-5.26493584006,-5.47841788901,-5.47916566542,-5.52148643157,-5.50618098261,11.8703703704,12.5,12.6666666667,12.1296296296,12.3518518519
3360,-5.24173467067,-5.5006821004,-5.3581242109,-5.5505614039,-5.59246572227,12.0185185185,12.537037037,12.462962963,12.2592592593,12.4444444444
3380,-5.27673377386,-5.55522092575,-5.34576874507,-5.5487795646,-5.62807105638,12,12.5555555556,12.5,12.2407407407,12.3703703704
3400,-5.37008313432,-5.54394654386,-5.51947314166,-5.51387258787,-5.54842816999,11.962962963,12.537037037,12.4259259259,12.3333333333,12.3518518519
3420,-5.3780703927,-5.51668916723,-5.44467317525,-5.5376734305,-5.56803855187,12.1851851852,12.537037037,12.5,12.2962962963,12.3518518519
3440,-5.32349155292,-5.52482203616,-5.48838963089,-5.49058907838,-5.67729708744,12.2407407407,12.5185185185,12.4074074074,12.2037037037,12.4444444444
3460,-5.35124661585,-5.54472116815,-5.52207876161,-5.58886761287,-5.6325229525,12.1666666667,12.462962963,12.4444444444,12.2777777778,12.3888888889
3480,-5.34166590792,-5.5373928871,-5.35601591341,-5.6216213781,-5.60422281879,12.1481481481,12.2777777778,12.2962962963,12.2407407407,12.4814814815
3500,-5.30666740033,-5.58259330393,-5.35193788482,-5.61828089437,-5.63342646444,12.1481481481,12.2222222222,12.2777777778,12.3518518519,12.4259259259
3520,-5.33817631514,-5.58476193779,-5.46685820822,-5.58565687145,-5.6492647987,12.0740740741,12.3888888889,12.1481481481,12.3148148148,12.3888888889
3540,-5.33219415464,-5.50731970919,-5.46241455252,-5.63122088071,-5.62017077638,12.0740740741,12.3148148148,12.1851851852,12.2962962963,12.3888888889
3560,-5.44197641083,-5.54220094014,-5.37611767828,-5.57931194213,-5.50747701204,12.0925925926,12.3518518519,12.1851851852,12.1851851852,12.4444444444
3580,-5.38568977181,-5.61685473299,-5.4749177478,-5.60978247919,-5.64601382919,12.2037037037,12.3148148148,12.2962962963,12.3148148148,12.4074074074
3600,-5.28826442233,-5.59755215112,-5.53631644367,-5.59304190798,-5.68194284663,12.1666666667,12.2037037037,12.2407407407,12.3148148148,12.4814814815
3620,-5.32492129476,-5.65551472367,-5.45757811217,-5.61985697861,-5.6886017912,12.1111111111,12.2407407407,12.2222222222,12.2777777778,12.4444444444
3640,-5.2723596705,-5.61332571445,-5.56672436753,-5.6019787239,-5.61538151753,12.0925925926,12.2962962963,12.1666666667,12.2592592593,12.4074074074
3660,-5.32644030768,-5.59583151914,-5.59369886976,-5.5895273326,-5.52536318014,12.2592592593,12.4074074074,12.3333333333,12.3703703704,12.462962963
3680,-5.35011792588,-5.67741074547,-5.55424273242,-5.56106675908,-5.59485269022,12.2037037037,12.3333333333,12.3148148148,12.4074074074,12.3703703704
3700,-5.37253510823,-5.62440714028,-5.56174703414,-5.57451654571,-5.60055264601,12.3333333333,12.3333333333,12.3148148148,12.3703703704,12.3148148148
3720,-5.3748054003,-5.58177273012,-5.53634819275,-5.60579297293,-5.5141337452,12.2777777778,12.4444444444,12.4814814815,12.3703703704,12.2962962963
3740,-5.32252657287,-5.57052240918,-5.50957249366,-5.62231453898,-5.45575815683,12.2962962963,12.3333333333,12.462962963,12.3888888889,12.5
3760,-5.41436692775,-5.61607567224,-5.54732962079,-5.62410174646,-5.54426249451,12.2407407407,12.462962963,12.5,12.4259259259,12.4814814815
3780,-5.42963724392,-5.62657696564,-5.63390202502,-5.53303546353,-5.49721059226,12.2222222222,12.3148148148,12.3333333333,12.3148148148,12.4074074074
3800,-5.347527774,-5.51208585387,-5.58310895152,-5.53484000321,-5.4633672312,12.1666666667,12.3703703704,12.5,12.3703703704,12.2962962963
3820,-5.32446544601,-5.5644765807,-5.52593703315,-5.55220729286,-5.44979397883,12.2222222222,12.2962962963,12.2592592593,12.3703703704,12.2222222222
3840,-5.35231306708,-5.64188789033,-5.52101283248,-5.59930067898,-5.53620904704,12.2962962963,12.3518518519,12.3148148148,12.4814814815,12.2407407407
3860,-5.36076513131,-5.62797215137,-5.52989639634,-5.63094486922,-5.51654580038,12.3148148148,12.3518518519,12.2962962963,12.462962963,12.2592592593
3880,-5.33295133455,-5.54206236252,-5.54483913858,-5.60174473573,-5.44940598508,12.3518518519,12.462962963,12.3703703704,12.4444444444,12.2777777778
3900,-5.3235138875,-5.48436715368,-5.63241808553,-5.55373243881,-5.46926533044,12.2592592593,12.5555555556,12.4814814815,12.2777777778,12.2407407407
3920,-5.36682058079,-5.53761513584,-5.56640733891,-5.55625933541,-5.53593937356,12.0555555556,12.3518518519,12.5,12.2222222222,12.3333333333
3940,-5.40289986773,-5.55768825571,-5.51812881925,-5.59808299106,-5.42595921479,12,12.3333333333,12.6296296296,12.3148148148,12.2407407407
3960,-5.30359177752,-5.56299660186,-5.56850099089,-5.57462925281,-5.41582968174,12.0185185185,12.3888888889,12.5740740741,12.3148148148,12.3703703704
3980,-5.34504888547,-5.5136287667,-5.5892248069,-5.61955733679,-5.58341988185,12.1666666667,12.2962962963,12.6481481481,12.3518518519,12.3148148148
4000,-5.34828380844,-5.51557158324,-5.54342091804,-5.63329645472,-5.46667885034,12.1481481481,12.2037037037,12.6111111111,12.4259259259,12.2777777778
4020,-5.32235840742,-5.45269605838,-5.52524567619,-5.70702053722,-5.4504761363,12,12.1851851852,12.462962963,12.4074074074,12.2962962963
4040,-5.28985216792,-5.47670980861,-5.45640271446,-5.66834941174,-5.46508153083,12.037037037,12.2222222222,12.5,12.4259259259,12.462962963
4060,-5.23461471383,-5.57763641948,-5.52973705404,-5.64966220093,-5.42214097902,12.0740740741,12.3518518519,12.3888888889,12.3518518519,12.462962963
4080,-5.28219636764,-5.58404543339,-5.49969972657,-5.77085255464,-5.44173743916,11.9444444444,12.3333333333,12.4074074074,12.4444444444,12.3148148148
4100,-5.27154698599,-5.49843860445,-5.57756020562,-5.67478382278,-5.48340224405,12.1111111111,12.2777777778,12.3518518519,12.4444444444,12.3888888889
4120,-5.25873485897,-5.44005814799,-5.65323175354,-5.58428965928,-5.47529599786,12.0555555556,12.4259259259,12.3888888889,12.3518518519,12.3703703704
4140,-5.30836081884,-5.46715978643,-5.65336841482,-5.55679853365,-5.51679113584,11.8703703704,12.2777777778,12.3888888889,12.2962962963,12.2592592593
4160,-5.35582156776,-5.5312554502,-5.52460959644,-5.51654079151,-5.50051129837,11.8888888889,12.2037037037,12.5185185185,12.3888888889,12.2222222222
4180,-5.26810238733,-5.50945102424,-5.55952846198,-5.56796955195,-5.38624427122,11.9814814815,12.2037037037,12.4259259259,12.3888888889,12.2222222222
4200,-5.31677441503,-5.43117940851,-5.61361814571,-5.6099553972,-5.45514623851,11.9074074074,12.1481481481,12.4074074074,12.2592592593,12.3333333333
4220,-5.32815596808,-5.49347464808,-5.6646710967,-5.61906952684,-5.4128332781,12.0740740741,12.3518518519,12.3888888889,12.2222222222,12.3518518519
4240,-5.30994250775,-5.56807104748,-5.67256215362,-5.67042020695,-5.42470199612,12.0925925926,12.2407407407,12.3148148148,12.2222222222,12.3148148148
4260,-5.3547285606,-5.50629537873,-5.62707951057,-5.6233579164,-5.3840984253,11.8703703704,12.2592592593,12.3703703704,12.3333333333,12.462962963
4280,-5.30410080389,-5.54307418507,-5.63638718947,-5.57266250543,-5.44341207568,12,12.2037037037,12.3888888889,12.4074074074,12.3888888889
4300,-5.20545357289,-5.57972505434,-5.67824475816,-5.5735607223,-5.47385536522,12.0555555556,12.1851851852,12.3888888889,12.3518518519,12.3518518519
4320,-5.24041594614,-5.55280720223,-5.63735550749,-5.54412583958,-5.52788914751,12.1666666667,12.2592592593,12.3703703704,12.4444444444,12.3703703704
4340,-5.22554683291,-5.52812898111,-5.59065141092,-5.567273737,-5.53658485025,12.1666666667,12.3148148148,12.4074074074,12.3333333333,12.4444444444
4360,-5.28355761659,-5.49971189384,-5.70310139872,-5.61049213051,-5.46723630863,12.0185185185,12.3518518519,12.5,12.3148148148,12.3888888889
4380,-5.30279227176,-5.53670481232,-5.64052635805,-5.57371426735,-5.49443665689,11.962962963,12.2222222222,12.4074074074,12.2962962963,12.3333333333
4400,-5.27402535206,-5.54264964215,-5.49512779179,-5.6058844295,-5.558175359,11.962962963,12.3888888889,12.3518518519,12.1666666667,12.4074074074
4420,-5.31133928077,-5.54154138949,-5.4919761658,-5.6110463477,-5.53205392241,12.037037037,12.3333333333,12.3333333333,12.2222222222,12.537037037
4440,-5.31811542927,-5.59188481047,-5.55914322977,-5.58906453999,-5.52093614138,12.0925925926,12.2777777778,12.3888888889,12.2222222222,12.5925925926
4460,-5.10580912072,-5.54487875379,-5.50859327458,-5.6266639638,-5.53917392572,11.9814814815,12.2592592593,12.4814814815,12.2222222222,12.5555555556
4480,-5.2264295365,-5.53006332104,-5.51768059385,-5.629313456,-5.60360936193,12.0185185185,12.3703703704,12.5185185185,12.2407407407,12.3703703704
4500,-5.26868205273,-5.55451339741,-5.4718120045,-5.6328835364,-5.49648443399,11.9259259259,12.2962962963,12.4444444444,12.2962962963,12.4444444444
4520,-5.2607668403,-5.56339252996,-5.40069802206,-5.58414841835,-5.39140003069,11.9444444444,12.3703703704,12.4814814815,12.1851851852,12.4074074074
4540,-5.30579036765,-5.51766933372,-5.50781255099,-5.5282680634,-5.57077846735,12.0555555556,12.2962962963,12.462962963,12.1481481481,12.3518518519
4560,-5.32242723547,-5.49456501971,-5.51629277927,-5.56282495879,-5.64283590931,12.0555555556,12.3888888889,12.5,12.1666666667,12.3148148148
4580,-5.30922578286,-5.51184338956,-5.48812266924,-5.61678057283,-5.57613806878,12.1296296296,12.3148148148,12.537037037,12.2777777778,12.1666666667
4600,-5.26338733298,-5.45397392735,-5.47868361025,-5.62062154593,-5.57606912082,12.0740740741,12.4814814815,12.3333333333,12.2407407407,12.0925925926
4620,-5.30669092861,-5.51479308191,-5.5051294084,-5.58847590738,-5.55577852753,12.037037037,12.4444444444,12.3333333333,12.2962962963,12.0740740741
4640,-5.35095295404,-5.56825561442,-5.51753423079,-5.47098924169,-5.48800227571,11.962962963,12.5925925926,12.3148148148,12.4074074074,12
4660,-5.31345332143,-5.52577388269,-5.45949140956,-5.54052825359,-5.50051536043,12.1111111111,12.537037037,12.3703703704,12.2777777778,12.0740740741
4680,-5.26683819584,-5.615303083,-5.55181192619,-5.57005678733,-5.58143718225,12.0740740741,12.4074074074,12.3148148148,12.2962962963,12.1296296296
4700,-5.326063075,-5.63026650826,-5.52509861575,-5.52953692076,-5.56120706606,12.0925925926,12.5555555556,12.2407407407,12.3888888889,12.1296296296
4720,-5.25559020335,-5.58868025846,-5.46548494208,-5.4458958112,-5.54398650154,12.037037037,12.4074074074,12.1666666667,12.3518518519,12.2222222222
4740,-5.29084790998,-5.55594667003,-5.50154962152,-5.48817816465,-5.54672253787,12.0185185185,12.4259259259,12.037037037,12.2037037037,12.1111111111
4760,-5.37638253182,-5.58553596421,-5.4438759004,-5.49099928599,-5.59719827247,12.0555555556,12.3888888889,12.0555555556,12.2222222222,12.1851851852
4780,-5.38452355522,-5.64480060241,-5.43718486239,-5.45261751401,-5.5808939761,12.2037037037,12.5,12.2037037037,12.2592592593,12.3333333333
4800,-5.29076391646,-5.67570828284,-5.59026518954,-5.51992720413,-5.61005330801,12.2592592593,12.5,12.3888888889,12.3148148148,12.4444444444
4820,-5.34769656156,-5.64385708437,-5.59048329654,-5.62588147011,-5.54869466683,12.1851851852,12.462962963,12.3518518519,12.2407407407,12.5
4840,-5.30868750932,-5.58115268828,-5.61903195124,-5.50846623013,-5.53056909195,12.2777777778,12.3703703704,12.3888888889,12.3703703704,12.5185185185
4860,-5.26252798796,-5.54823938556,-5.50712497812,-5.42431203251,-5.61352076111,12.2037037037,12.3148148148,12.5555555556,12.3333333333,12.462962963
4880,-5.24493953863,-5.64993357826,-5.53871075354,-5.5720260639,-5.57297800851,12.1851851852,12.3888888889,12.4814814815,12.3703703704,12.3703703704
4900,-5.26106400155,-5.5359419558,-5.58232650274,-5.59905971674,-5.54386337906,12.2592592593,12.3703703704,12.3333333333,12.2592592593,12.3888888889
4920,-5.16316109152,-5.55559221811,-5.50065356425,-5.52542461337,-5.49761724078,12.1111111111,12.3333333333,12.3148148148,12.1666666667,12.3148148148
4940,-5.1423010048,-5.61274794306,-5.56109900021,-5.33190758967,-5.44256631694,12.1111111111,12.4074074074,12.4074074074,12.0555555556,12.2962962963
4960,-5.0758831549,-5.60303907094,-5.52172210987,-5.39233702631,-5.52937276014,12.0740740741,12.2962962963,12.3888888889,12.037037037,12.3333333333
4980,-5.23695801493,-5.65581801886,-5.52775095765,-5.41572114838,-5.57316255998,12.0925925926,12.2592592593,12.462962963,12.1851851852,12.3703703704
5000,-5.11934839158,-5.64094817421,-5.50978543116,-5.40824228397,-5.55123600552,12.1666666667,12.2222222222,12.4444444444,12.3148148148,12.3518518519
5020,-5.24527181884,-5.60406847053,-5.62814819062,-5.4324223927,-5.53170946655,12.1481481481,12.3148148148,12.5,12.2777777778,12.4444444444
5040,-5.32863674698,-5.55002197727,-5.65235136613,-5.41090451661,-5.49200185109,12.0740740741,12.3148148148,12.5185185185,12.3148148148,12.4444444444
5060,-5.28727290207,-5.5862573235,-5.57633860288,-5.44628541593,-5.51274865541,12.1111111111,12.3148148148,12.462962963,12.3333333333,12.462962963
5080,-5.24268917619,-5.62391536176,-5.53823070981,-5.48416396964,-5.6041398405,12.2222222222,12.2222222222,12.3703703704,12.2777777778,12.4259259259
5100,-5.30775666372,-5.55594660453,-5.56821235908,-5.50410333447,-5.64648328576,12.1111111111,12.2592592593,12.3518518519,12.3518518519,12.3333333333
5120,-5.2435798532,-5.60218557981,-5.52065348977,-5.52821258117,-5.51109620889,12.1666666667,12.3148148148,12.4814814815,12.537037037,12.4444444444
5140,-5.32288204231,-5.54560154639,-5.52775739166,-5.60731085814,-5.49279264274,12.1111111111,12.1481481481,12.537037037,12.6481481481,12.5185185185
5160,-5.26553539584,-5.56293783919,-5.48401384329,-5.56214714287,-5.51770609325,12.0555555556,12.1296296296,12.462962963,12.5925925926,12.3703703704
5180,-5.30211642292,-5.52613365413,-5.44788303599,-5.51072934769,-5.43284162824,12.1296296296,12.1481481481,12.5,12.5925925926,12.3518518519
5200,-5.33267581042,-5.53412618918,-5.40918437503,-5.4885265957,-5.51722412864,12.2222222222,12.2407407407,12.3703703704,12.6481481481,12.2037037037
5220,-5.33273315116,-5.51880694916,-5.47945514801,-5.48678650558,-5.51270176755,12.2037037037,12.3148148148,12.3703703704,12.5740740741,12.3148148148
5240,-5.25102886629,-5.57113852648,-5.50033246532,-5.54771313529,-5.45896180014,12.0925925926,12.3518518519,12.4074074074,12.5740740741,12.2407407407
5260,-5.27827285228,-5.51943034536,-5.48591594888,-5.59422695024,-5.47015228705,12.2037037037,12.3518518519,12.3888888889,12.5185185185,12.2222222222
5280,-5.29010531087,-5.56993346031,-5.50882316392,-5.56145795375,-5.44278603474,12.1296296296,12.4074074074,12.2962962963,12.4814814815,12.4259259259
5300,-5.29667076184,-5.62279386806,-5.49986454847,-5.52013282812,-5.48853467343,11.9814814815,12.3703703704,12.2962962963,12.6296296296,12.4074074074
5320,-5.28170600093,-5.55294143373,-5.45114591001,-5.52014457451,-5.45340536043,11.9074074074,12.3518518519,12.3888888889,12.462962963,12.2777777778
5340,-5.26448282301,-5.48648468866,-5.49892949524,-5.54903867428,-5.3489596153,11.8333333333,12.4259259259,12.3333333333,12.3333333333,12.4074074074
5360,-5.22469127573,-5.46479850008,-5.46486225829,-5.45705346572,-5.4177624485,11.9074074074,12.3888888889,12.2962962963,12.2222222222,12.462962963
5380,-5.22150714022,-5.50223127027,-5.45192764645,-5.54320288102,-5.52199887774,12.0185185185,12.3333333333,12.462962963,12.1296296296,12.462962963
5400,-5.27974750862,-5.51131374378,-5.58954352806,-5.48285182146,-5.60816755846,12.037037037,12.2777777778,12.3518518519,12.2592592593,12.2962962963
5420,-5.24843020995,-5.53191197839,-5.6273024605,-5.46547064622,-5.57777658894,11.9444444444,12.2407407407,12.3703703704,12.2222222222,12.3148148148
5440,-5.19461000208,-5.53915631218,-5.59870458328,-5.4800998519,-5.5004284837,12,12.2962962963,12.3703703704,12.3703703704,12.2222222222
5460,-5.2133515984,-5.59062352028,-5.49937206289,-5.47434486474,-5.47427616986,12.037037037,12.3148148148,12.3333333333,12.3703703704,12.3148148148
5480,-5.17485557312,-5.4924244777,-5.53760988563,-5.52229734108,-5.43191705113,11.9259259259,12.4444444444,12.4259259259,12.3888888889,12.2962962963
5500,-5.2308430625,-5.50433661866,-5.5010537222,-5.50849080031,-5.42130382857,12.1111111111,12.3518518519,12.4814814815,12.3148148148,12.3703703704
5520,-5.12547330374,-5.57076481882,-5.54575481294,-5.46926899809,-5.46668354534,12.1296296296,12.4074074074,12.2777777778,12.4444444444,12.2592592593
5540,-5.31879095794,-5.46434670775,-5.658247778,-5.49330912838,-5.39826331233,12.2222222222,12.462962963,12.3333333333,12.3888888889,12.3148148148
5560,-5.25279749544,-5.45915107512,-5.57708643373,-5.51257137295,-5.33595904668,12.1111111111,12.3148148148,12.3148148148,12.4444444444,12.4259259259
5580,-5.23220466334,-5.4953826593,-5.46278011305,-5.55711513756,-5.43747780013,12.0925925926,12.2777777778,12.2962962963,12.4814814815,12.5185185185
5600,-5.24229267638,-5.53825477441,-5.46549309841,-5.58061198573,-5.4435764432,12.0555555556,12.3333333333,12.4814814815,12.7037037037,12.3518518519
5620,-5.21803069132,-5.55684216175,-5.53516094367,-5.61374452477,-5.40203180406,12.0740740741,12.3888888889,12.5,12.6851851852,12.2407407407
5640,-5.11904854877,-5.62989471505,-5.57848811128,-5.59055598474,-5.39735138779,12.1296296296,12.3703703704,12.3888888889,12.4259259259,12.2037037037
5660,-5.19905083906,-5.63293746942,-5.50000484587,-5.62493556692,-5.4538711939,12.1296296296,12.4074074074,12.4259259259,12.537037037,12.3148148148
5680,-5.26752731688,-5.56356129859,-5.43804552086,-5.6413139795,-5.48644366622,11.962962963,12.5,12.4074074074,12.5925925926,12.3888888889
5700,-5.31152314325,-5.51833557426,-5.42711658469,-5.51143042525,-5.47956287894,11.962962963,12.5,12.4259259259,12.5185185185,12.3518518519
5720,-5.24588456481,-5.47473380248,-5.57198101249,-5.52009371126,-5.46380127402,11.8148148148,12.3888888889,12.3333333333,12.3148148148,12.4444444444
5740,-5.16556496367,-5.46983958818,-5.51366261143,-5.60401241031,-5.42034202028,11.9814814815,12.4259259259,12.4259259259,12.4444444444,12.4074074074
5760,-5.3436898784,-5.60032714538,-5.46488197324,-5.60548620044,-5.43150253577,12.037037037,12.2962962963,12.462962963,12.537037037,12.462962963
5780,-5.32735257278,-5.5538896563,-5.50321957814,-5.52120453623,-5.45318182246,12.1481481481,12.3703703704,12.2777777778,12.5,12.3888888889
5800,-5.30890682395,-5.51864911149,-5.48347101388,-5.52070935422,-5.43152391338,12.1851851852,12.3703703704,12.4074074074,12.5,12.462962963
5820,-5.38102097488,-5.57326885463,-5.55859516908,-5.5698181082,-5.44433788328,12.2222222222,12.462962963,12.2777777778,12.537037037,12.6296296296
5840,-5.27725640938,-5.52884124476,-5.50677574958,-5.52597094314,-5.46224034337,12.0555555556,12.5,12.3888888889,12.4444444444,12.5555555556
5860,-5.31996170077,-5.47159506052,-5.48242126037,-5.51067389808,-5.6003537468,12.0740740741,12.6481481481,12.462962963,12.4259259259,12.5925925926
5880,-5.3402817602,-5.51766374618,-5.5677890717,-5.56841577634,-5.67624819756,12.0555555556,12.4814814815,12.5185185185,12.4259259259,12.4444444444
5900,-5.354104496,-5.51309667899,-5.54872389086,-5.61252254583,-5.48447128315,12.0740740741,12.5555555556,12.4444444444,12.4259259259,12.4444444444
5920,-5.36739495119,-5.49367448663,-5.51044368665,-5.6011304084,-5.33117150152,12.0555555556,12.4814814815,12.5,12.4074074074,12.462962963
5940,-5.38878897656,-5.48748370529,-5.51621504117,-5.60510965553,-5.46884067453,12.0740740741,12.3703703704,12.3703703704,12.3518518519,12.3703703704
5960,-5.37397069388,-5.44485366249,-5.50329963705,-5.49905599308,-5.51070488134,12.1296296296,12.4444444444,12.5185185185,12.5,12.2777777778
5980,-5.36014911607,-5.50524653686,-5.54420182282,-5.45679765833,-5.46343277064,12.0555555556,12.2962962963,12.4074074074,12.4814814815,12.2592592593
6000,-5.34529723647,-5.47458291251,-5.56595597448,-5.46613365529,-5.59690444704,12.1111111111,12.2962962963,12.3888888889,12.3518518519,12.4259259259
6020,-5.27566715914,-5.45861843531,-5.59375517562,-5.44300271045,-5.57506292144,12.1666666667,12.2592592593,12.3888888889,12.4259259259,12.4074074074
6040,-5.27695136891,-5.46443096948,-5.51190625117,-5.5412648808,-5.5727179936,12.037037037,12.1666666667,12.4444444444,12.2592592593,12.3703703704
6060,-5.23824321857,-5.43404815164,-5.55898629893,-5.56883238965,-5.47908943048,11.962962963,12.2407407407,12.5185185185,12.2222222222,12.5740740741
6080,-5.20743388431,-5.49564360686,-5.50976866924,-5.52296363261,-5.58922242417,11.8333333333,12.3703703704,12.3888888889,12.2592592593,12.4814814815
6100,-5.20382178743,-5.54798826387,-5.52411479171,-5.52200998483,-5.59715025672,11.8333333333,12.2962962963,12.2962962963,12.2222222222,12.537037037
6120,-5.16041408429,-5.55774245963,-5.49136527417,-5.47783292903,-5.45879837661,11.7777777778,12.3518518519,12.1851851852,12.1296296296,12.6111111111
6140,-5.23903326702,-5.46139474927,-5.48389919607,-5.41474168488,-5.49768268139,11.6851851852,12.4444444444,12.1851851852,12.0740740741,12.5555555556
6160,-5.21579914077,-5.48507605504,-5.52904576892,-5.48450849075,-5.48291202064,11.9074074074,12.2592592593,12.3333333333,12.1481481481,12.4259259259
6180,-5.30974692475,-5.53851329495,-5.55052451258,-5.43680015988,-5.50466945234,11.962962963,12.2962962963,12.5,12.2592592593,12.4259259259
6200,-5.3339195703,-5.4285336304,-5.55210723986,-5.46903500601,-5.55570524059,12.1296296296,12.2962962963,12.3518518519,12.2962962963,12.537037037
6220,-5.24046687756,-5.45487814491,-5.62685698271,-5.5675340733,-5.51922904218,12.0925925926,12.1851851852,12.3518518519,12.2037037037,12.4814814815
6240,-5.19351190658,-5.4154218284,-5.58358894753,-5.57304573407,-5.51309381538,12.0740740741,12.2222222222,12.2407407407,12.2962962963,12.4074074074
6260,-5.24209793098,-5.40773800445,-5.52590790483,-5.47849217977,-5.52903331753,12.1111111111,12.1851851852,12.3518518519,12.3518518519,12.3518518519
6280,-5.26634774211,-5.52986392314,-5.44599802763,-5.51258638796,-5.53885110924,11.9814814815,12.2037037037,12.4814814815,12.3703703704,12.3518518519
6300,-5.19963051954,-5.49926253486,-5.54782692054,-5.48992894519,-5.50637906687,12.2222222222,12.2407407407,12.4259259259,12.3518518519,12.3888888889
6320,-5.21168488147,-5.52408445456,-5.52973114327,-5.49083333733,-5.4690113215,12.2592592593,12.2407407407,12.4259259259,12.3888888889,12.3333333333
6340,-5.22964833394,-5.5682931438,-5.51128681546,-5.50881415733,-5.449553718,12.1851851852,12.3148148148,12.4074074074,12.6666666667,12.3333333333
6360,-5.17516303736,-5.45160744839,-5.46944413107,-5.42846575306,-5.51446494229,12.1851851852,12.4814814815,12.1851851852,12.6481481481,12.3333333333
6380,-5.24991961322,-5.44356953886,-5.37722749861,-5.4566324689,-5.63743600398,12.0185185185,12.3703703704,12.1111111111,12.5185185185,12.3333333333
6400,-5.29696189546,-5.49425657154,-5.37902964102,-5.53295090336,-5.51835856338,12.0185185185,12.3148148148,12.0185185185,12.4814814815,12.3148148148
6420,-5.28142804842,-5.53943644665,-5.41426528822,-5.50966656141,-5.41339092714,11.8888888889,12.1666666667,12.2037037037,12.462962963,12.3888888889
6440,-5.14132390417,-5.50758147806,-5.4400716927,-5.45909440504,-5.51987929935,11.8703703704,12.037037037,12.2592592593,12.3703703704,12.4814814815
6460,-5.29040754391,-5.58536422857,-5.47954954995,-5.37988676861,-5.5587255775,11.8703703704,12.1851851852,12.2407407407,12.3703703704,12.3703703704
6480,-5.23821520115,-5.52715823169,-5.44739635752,-5.44300539631,-5.47196179198,11.9814814815,12.2777777778,12.3888888889,12.3518518519,12.3888888889
6500,-5.23996518772,-5.47620636151,-5.42132197257,-5.39853434627,-5.50359086895,12,12.2592592593,12.462962963,12.2407407407,12.462962963
6520,-5.28075380429,-5.48611147184,-5.40746363866,-5.39771867704,-5.58211748537,12.0185185185,12.2037037037,12.462962963,12.3703703704,12.4259259259
6540,-5.2015933426,-5.37247335898,-5.48155301841,-5.49949740725,-5.59383968819,11.9074074074,12.2222222222,12.5185185185,12.5,12.462962963
6560,-5.16373138321,-5.33796897748,-5.47531904613,-5.52563289718,-5.5571080787,11.9444444444,12.2407407407,12.4074074074,12.4814814815,12.3148148148
6580,-5.27970946748,-5.42602094167,-5.49543135593,-5.51494699298,-5.53613386896,11.9259259259,12.2407407407,12.3518518519,12.4814814815,12.2407407407
6600,-5.28541060214,-5.51972520232,-5.45177161382,-5.55281188878,-5.44400246928,11.9814814815,12.2962962963,12.3888888889,12.537037037,12.3148148148
6620,-5.21262999284,-5.38091184034,-5.45906248729,-5.51103070523,-5.53075293119,11.9074074074,12.4259259259,12.4259259259,12.4814814815,12.3703703704
6640,-5.1927327045,-5.43713428909,-5.51759760107,-5.56339958711,-5.50248584186,12.0555555556,12.6296296296,12.3518518519,12.5925925926,12.2962962963
6660,-5.21127368532,-5.43636190321,-5.51685872621,-5.57927388958,-5.50163058053,12.0185185185,12.462962963,12.3333333333,12.6111111111,12.2407407407
6680,-5.13779365126,-5.36081210801,-5.4404141974,-5.48887454771,-5.59528744559,11.7962962963,12.3703703704,12.3148148148,12.5740740741,12.2777777778
6700,-5.10397136644,-5.39046316212,-5.45838531869,-5.49015544822,-5.59479928604,11.7962962963,12.3148148148,12.4074074074,12.4444444444,12.3333333333
6720,-5.10746625322,-5.50763534639,-5.52308455766,-5.52349530002,-5.6488523838,11.7037037037,12.2962962963,12.2962962963,12.5185185185,12.2222222222
6740,-5.19237828901,-5.50652232242,-5.54378436679,-5.57254853208,-5.6103881806,11.8148148148,12.2777777778,12.3518518519,12.4074074074,12.2037037037
6760,-5.24974455173,-5.44397468172,-5.50897445007,-5.53803183753,-5.54918746173,11.8333333333,12.3148148148,12.2777777778,12.5,12.1851851852
6780,-5.0722530785,-5.38567173579,-5.50106107789,-5.53902896005,-5.55982171123,11.7962962963,12.3703703704,12.3518518519,12.3888888889,12.1666666667
6800,-5.07466493619,-5.34846396619,-5.45588172382,-5.50887298555,-5.53593422176,11.9074074074,12.3518518519,12.3888888889,12.4814814815,12.2222222222
6820,-5.13062202818,-5.45916498012,-5.44988037399,-5.45924724922,-5.52306418479,12.037037037,12.4259259259,12.3148148148,12.4444444444,12.2222222222
6840,-5.12654142055,-5.5355333719,-5.43236494219,-5.47166298926,-5.51860764124,12.0185185185,12.4074074074,12.2592592593,12.4444444444,12.1481481481
6860,-5.12721042542,-5.38205615134,-5.50525113194,-5.5019153807,-5.484130133,12.0740740741,12.4444444444,12.2777777778,12.5185185185,12.1851851852
6880,-5.16994645928,-5.51671377162,-5.50864391876,-5.47675772022,-5.54967715751,12.0185185185,12.3518518519,12.2222222222,12.5,12.3518518519
6900,-5.1840594154,-5.55693694269,-5.47080219153,-5.49822980491,-5.57680011053,11.8518518519,12.3703703704,12.3333333333,12.462962963,12.3703703704
6920,-5.20318597631,-5.44847125267,-5.41642404853,-5.54797488924,-5.53262348988,11.7777777778,12.3703703704,12.3703703704,12.3703703704,12.3518518519
6940,-5.15267931316,-5.39935885514,-5.49732101972,-5.57071922792,-5.54815323107,11.8333333333,12.3518518519,12.3703703704,12.4444444444,12.2962962963
6960,-5.17097278078,-5.41907092615,-5.54763747455,-5.53257043516,-5.55551310899,11.8888888889,12.4259259259,12.3518518519,12.5,12.3888888889
6980,-5.16510619963,-5.41604260865,-5.58440749072,-5.51344254326,-5.55630664534,11.7962962963,12.3888888889,12.3333333333,12.5185185185,12.3333333333
7000,-5.15578035865,-5.38076556097,-5.50719516559,-5.58257644307,-5.54237826663,11.8888888889,12.3333333333,12.2592592593,12.5740740741,12.1851851852
7020,-5.13671984964,-5.40401972468,-5.33441235309,-5.58051426182,-5.54491394322,12.0185185185,12.3518518519,12.2777777778,12.3518518519,12.1851851852
7040,-5.19453818509,-5.45008154109,-5.43895163417,-5.52453740259,-5.50880362903,12.0925925926,12.3518518519,12.2037037037,12.4074074074,12.2222222222
7060,-5.20695743142,-5.46551377434,-5.45701547454,-5.57617885651,-5.51042247381,12.1666666667,12.3518518519,12.2777777778,12.3148148148,12.3888888889
7080,-5.23980834239,-5.56758416928,-5.41988919909,-5.59218475035,-5.59123244192,12.0925925926,12.4259259259,12.3333333333,12.4074074074,12.2777777778
7100,-5.17288534791,-5.58076396298,-5.29314422951,-5.46803756103,-5.55988313623,12.1666666667,12.4259259259,12.3703703704,12.4444444444,12.3148148148
7120,-5.18617576668,-5.54545355482,-5.34213851473,-5.50637518918,-5.57077685708,12.1296296296,12.462962963,12.1296296296,12.5,12.3333333333
7140,-5.15623156579,-5.56099538159,-5.45503978812,-5.5369556387,-5.57032136576,12.1111111111,12.3148148148,12.1851851852,12.5,12.4074074074
7160,-5.22147474488,-5.48430887529,-5.50133240106,-5.47023888153,-5.59190027016,12.0185185185,12.2592592593,12.2037037037,12.537037037,12.3888888889
7180,-5.17599730687,-5.34750086586,-5.44448228717,-5.48952915975,-5.51258640753,11.9444444444,12.2407407407,12.3518518519,12.5185185185,12.3518518519
7200,-5.19225508175,-5.43771333015,-5.5055202049,-5.46065361982,-5.43663593275,11.962962963,12.2592592593,12.3888888889,12.4074074074,12.4814814815
7220,-5.22347207772,-5.52813994097,-5.45788710291,-5.48791157693,-5.4432033973,12.0925925926,12.0925925926,12.462962963,12.2962962963,12.3703703704
7240,-5.14709555588,-5.41258237341,-5.43053960496,-5.4373652222,-5.5575970084,12.1481481481,12.1851851852,12.4814814815,12.2407407407,12.3703703704
7260,-5.24380855517,-5.39539373428,-5.50934500501,-5.44745541784,-5.53846765293,12.0740740741,12.1111111111,12.5555555556,12.3888888889,12.3518518519
7280,-5.21566669937,-5.37350352735,-5.48970025782,-5.48154303809,-5.43162586699,12.0740740741,12.2037037037,12.5555555556,12.3148148148,12.2222222222
7300,-5.17261167683,-5.30428866672,-5.57324103807,-5.52242823465,-5.49393590073,11.9074074074,12.2592592593,12.4814814815,12.2407407407,12.2962962963
7320,-5.18750604547,-5.39528050388,-5.64734597929,-5.40277310146,-5.521737591,11.9814814815,12.2037037037,12.5740740741,12.2037037037,12.2222222222
7340,-5.24389707282,-5.43603090603,-5.62377325955,-5.3486138573,-5.50083671639,12.0740740741,12.2592592593,12.537037037,12.2777777778,12.1851851852
7360,-5.22783428885,-5.46487037704,-5.614584482,-5.45715184662,-5.48572201089,12.1111111111,12.537037037,12.5925925926,12.3703703704,12.2777777778
7380,-5.24268243915,-5.35688700744,-5.48167278689,-5.40216557763,-5.37521746118,11.9444444444,12.4259259259,12.6481481481,12.2777777778,12.1851851852
7400,-5.19627557824,-5.41174011802,-5.51387004376,-5.49186031148,-5.36532190792,12.037037037,12.4814814815,12.3703703704,12.2407407407,12.1296296296
7420,-5.16478412686,-5.52022512887,-5.48792778532,-5.51029369642,-5.45066139943,12.0925925926,12.5185185185,12.2592592593,12.2222222222,12.0740740741
7440,-5.16448997304,-5.5180350474,-5.52741247733,-5.52263841885,-5.36047777963,12.1111111111,12.537037037,12.2407407407,12.2407407407,12.1111111111
7460,-5.16416307476,-5.5346874102,-5.5394840246,-5.4397585123,-5.33106681777,12.1296296296,12.4444444444,12.2037037037,12.3518518519,12.1296296296
7480,-5.1785023134,-5.52872850424,-5.4849286505,-5.48381166083,-5.33766022648,11.9814814815,12.5555555556,12.2407407407,12.3518518519,12.0555555556
7500,-5.14566592766,-5.55281271035,-5.53863177069,-5.53150743617,-5.42112767133,11.9814814815,12.5,12.0740740741,12.3518518519,12.1296296296
7520,-5.16990285521,-5.51924421554,-5.47498413432,-5.59465835623,-5.41841162126,12.1851851852,12.5555555556,12.2407407407,12.3888888889,12.1666666667
7540,-5.15181613776,-5.59380460945,-5.42083018517,-5.52228511001,-5.3239265605,12.2777777778,12.4814814815,12.2962962963,12.4814814815,12.1481481481
7560,-5.05561878,-5.57998677826,-5.44350516256,-5.43727547253,-5.2724682855,12.4074074074,12.4074074074,12.4444444444,12.2777777778,12.1296296296
7580,-5.12432646282,-5.53865023591,-5.46396215847,-5.52154704195,-5.3905167573,12.3703703704,12.2592592593,12.3888888889,12.2037037037,12.3333333333
7600,-5.12994094874,-5.39192794951,-5.48837435085,-5.58994341435,-5.35864296519,12.4074074074,12.2777777778,12.3518518519,12.2592592593,12.3333333333
7620,-5.05840463579,-5.46501788701,-5.43426559752,-5.64677345326,-5.33269121858,12.2407407407,12.2777777778,12.3518518519,12.3148148148,12.1851851852
7640,-5.08842212545,-5.62209340173,-5.49404726487,-5.62769092925,-5.39316552289,12.2222222222,12.3703703704,12.3703703704,12.2592592593,12.2037037037
7660,-5.18218511957,-5.50627673974,-5.52097272509,-5.57039037982,-5.49546926784,11.9444444444,12.3148148148,12.4259259259,12.2777777778,12.1481481481
7680,-5.13169133381,-5.4814229255,-5.39361074243,-5.50116769826,-5.4512792464,11.8888888889,12.5185185185,12.4814814815,12.3148148148,12.2037037037
7700,-5.17529518885,-5.45325963662,-5.45049161766,-5.4865677697,-5.45505863866,11.8148148148,12.4814814815,12.5740740741,12.2037037037,12.4074074074
7720,-5.2042901354,-5.4425963209,-5.54301739515,-5.55455932128,-5.50920644108,11.8703703704,12.462962963,12.3888888889,12.1296296296,12.5
7740,-5.15603004094,-5.50477017044,-5.57773908537,-5.53443496491,-5.45736330882,11.8703703704,12.462962963,12.3518518519,12.1481481481,12.4814814815
7760,-5.27435487668,-5.5415101976,-5.47677342128,-5.54785115354,-5.33966810038,12.0555555556,12.3518518519,12.5185185185,12.1111111111,12.2592592593
7780,-5.17654169345,-5.48197676093,-5.53516026992,-5.59644584967,-5.40030057294,11.9074074074,12.3148148148,12.5740740741,12.1296296296,12.3333333333
7800,-5.10311848758,-5.47818149547,-5.5965873888,-5.58617430823,-5.40896774315,12.0740740741,12.3888888889,12.5555555556,12.2777777778,12.3148148148
7820,-5.15903715522,-5.4646397471,-5.58529694752,-5.54734692313,-5.42057604661,12.0185185185,12.2592592593,12.5185185185,12.2407407407,12.2222222222
7840,-5.22029683995,-5.45165290158,-5.52525962646,-5.54418199041,-5.39272131899,12.0925925926,12.2592592593,12.5555555556,12.2407407407,12.3148148148
7860,-5.16128329381,-5.40710577911,-5.48808719606,-5.60913082765,-5.30251425573,11.9444444444,12.2037037037,12.462962963,12.2962962963,12.3518518519
7880,-5.14179664597,-5.36662001786,-5.46737276588,-5.64951713855,-5.27704441317,12.1111111111,12.1481481481,12.4259259259,12.1111111111,12.3333333333
7900,-5.2337249836,-5.3542641583,-5.47398939975,-5.61531886725,-5.37152065041,12,12.0925925926,12.4259259259,12.2777777778,12.3703703704
7920,-5.21256367179,-5.40526073246,-5.50310316569,-5.58756319456,-5.39413547276,12.0740740741,12.0925925926,12.3888888889,12.3148148148,12.2407407407
7940,-5.23941639433,-5.47037706397,-5.55949824002,-5.65334686343,-5.37733002313,12.037037037,12.1851851852,12.3703703704,12.3888888889,12.1851851852
7960,-5.24673155364,-5.50174482831,-5.61103813858,-5.61972007151,-5.42751177413,11.8703703704,12.2592592593,12.537037037,12.3518518519,12.2407407407
7980,-5.22435044805,-5.465003525,-5.60933241858,-5.58979556384,-5.47492107407,11.6851851852,12.3148148148,12.3888888889,12.3518518519,12.3333333333
8000,-5.18487786884,-5.44390546916,-5.54860481561,-5.55504513424,-5.50897324848,11.6481481481,12.4259259259,12.2777777778,12.4259259259,12.1481481481
8020,-5.16440294636,-5.44056498479,-5.51989679329,-5.510575133,-5.42813552416,11.6296296296,12.3518518519,12.2407407407,12.3148148148,12.2222222222
8040,-5.15319799043,-5.44273206405,-5.50132897886,-5.53858309289,-5.49186119732,11.6296296296,12.2962962963,12.3333333333,12.3518518519,12.2962962963
8060,-5.16417603807,-5.43620284595,-5.49793650753,-5.49788507849,-5.42049160219,11.7592592593,12.3703703704,12.2592592593,12.3888888889,12.3888888889
8080,-5.19158136934,-5.42367411798,-5.48959026897,-5.45494117302,-5.44676557067,11.8333333333,12.1851851852,12.3148148148,12.3333333333,12.462962963
8100,-5.23046163751,-5.41985182106,-5.51026068198,-5.44990642613,-5.41919844944,12.0740740741,12.2407407407,12.2037037037,12.3703703704,12.3333333333
8120,-5.19805600528,-5.42880996841,-5.514620448,-5.50046688005,-5.45807812682,12,12.3518518519,12.3148148148,12.462962963,12.462962963
8140,-5.2107172686,-5.34040809865,-5.54422594682,-5.5718457489,-5.43395481531,11.962962963,12.3333333333,12.4259259259,12.3703703704,12.2592592593
8160,-5.16624448332,-5.44469617864,-5.47202932006,-5.47458128432,-5.40230453585,12.037037037,12.2407407407,12.2962962963,12.3333333333,12.1851851852
8180,-5.20126842746,-5.43606465743,-5.53996052931,-5.5377157082,-5.42596012973,11.9074074074,12.2777777778,12.1851851852,12.4444444444,12.2592592593
8200,-5.25068246551,-5.36124508058,-5.55603718126,-5.48062962145,-5.44968451737,11.8703703704,12.462962963,12.1296296296,12.3703703704,12.3518518519
8220,-5.28631950412,-5.42866784145,-5.5226693814,-5.4584627478,-5.45051165322,11.8888888889,12.4074074074,12.2222222222,12.2592592593,12.1666666667
8240,-5.18267983243,-5.41646009736,-5.55456366639,-5.44833637663,-5.37297755862,11.9259259259,12.2777777778,12.3148148148,12.2037037037,12.2222222222
8260,-5.20596414753,-5.37761368136,-5.52096466355,-5.43278312022,-5.48617165458,11.9444444444,12.3333333333,12.2592592593,12.0740740741,12.2222222222
8280,-5.18785643551,-5.41795960622,-5.49977204436,-5.4569914918,-5.47769604327,12,12.2592592593,12.1666666667,12.1666666667,12.2777777778
8300,-5.11749619271,-5.39996109232,-5.57401627162,-5.41285344914,-5.40073372682,12.0555555556,12.2592592593,12.1296296296,12.2962962963,12.3333333333
8320,-5.2603753719,-5.41274351797,-5.57720070736,-5.39206182499,-5.42951694653,11.9814814815,12.1111111111,12.2777777778,12.2407407407,12.2407407407
8340,-5.25997311901,-5.46395176978,-5.52886954332,-5.47954015548,-5.4566822175,11.9814814815,12.1296296296,12.3518518519,12.3703703704,12.2962962963
8360,-5.23438228948,-5.48718108078,-5.51712527627,-5.42194136209,-5.45592873925,11.8518518519,12.1666666667,12.2962962963,12.2962962963,12.4259259259
8380,-5.23947227547,-5.43028344788,-5.52657270541,-5.38135106474,-5.52678068503,11.7962962963,12.2222222222,12.4814814815,12.3888888889,12.4259259259
8400,-5.22979513066,-5.44849758065,-5.54399821247,-5.4774925325,-5.46013758826,11.962962963,12.2962962963,12.3888888889,12.3703703704,12.5
8420,-5.22909355811,-5.48466055849,-5.52499860184,-5.58477034598,-5.50025317366,11.9814814815,12.4444444444,12.3518518519,12.3888888889,12.3888888889
8440,-5.19602372791,-5.33776391565,-5.60883865403,-5.52230983268,-5.51232078425,11.9074074074,12.537037037,12.4074074074,12.4444444444,12.4074074074
8460,-5.23723400692,-5.3903582315,-5.68667541549,-5.42938661336,-5.54351571953,11.9259259259,12.4814814815,12.3148148148,12.5185185185,12.3333333333
8480,-5.32690790759,-5.38681509038,-5.59989421816,-5.49350447772,-5.39523523033,12,12.5555555556,12.3518518519,12.2777777778,12.2222222222
8500,-5.33287279052,-5.48558653949,-5.46475037117,-5.5680894645,-5.47303463472,11.9814814815,12.4074074074,12.2962962963,12.1296296296,12.1851851852
8520,-5.30250139647,-5.50351363147,-5.47765157329,-5.51750206308,-5.47220823112,12.037037037,12.4444444444,12.3333333333,12.1851851852,12.2037037037
8540,-5.36279572682,-5.46538652612,-5.53257373975,-5.47319653287,-5.45964107202,12.4444444444,12.2407407407,12.2592592593,12.2037037037,12.2037037037
8560,-5.37304783562,-5.37788088187,-5.45654150521,-5.4320290566,-5.5604182627,12.3333333333,12.1481481481,12.3703703704,12.2222222222,12.3333333333
8580,-5.28151718343,-5.42762503161,-5.42347833653,-5.42404095759,-5.57329248764,12.3703703704,12.2592592593,12.3148148148,12.2592592593,12.4444444444
8600,-5.33478968067,-5.46186374348,-5.4201929399,-5.4044699089,-5.5183448163,12.1296296296,12.2222222222,12.2037037037,12.2962962963,12.3888888889
8620,-5.32031853014,-5.41572012222,-5.49257288759,-5.39739776409,-5.51786822825,12.1481481481,12.3148148148,12.2407407407,12.4074074074,12.2592592593
8640,-5.27115583558,-5.40077165206,-5.59143994655,-5.32131540588,-5.47614078802,11.9814814815,12.3888888889,12.4814814815,12.3333333333,12.3703703704
8660,-5.26088408991,-5.49536594868,-5.5958384527,-5.44897286212,-5.50914847171,12.1111111111,12.3148148148,12.4444444444,12.2592592593,12.4444444444
8680,-5.2301348547,-5.40738988315,-5.65447109444,-5.50601641971,-5.52019963893,12.1851851852,12.1666666667,12.5185185185,12.2592592593,12.2777777778
8700,-5.21903465395,-5.45609113041,-5.56070980711,-5.42682183245,-5.44183435787,12.1851851852,12.1296296296,12.5555555556,12.2777777778,12.3703703704
8720,-5.36293262374,-5.36454156941,-5.47699618448,-5.51136996374,-5.40608391562,12.1296296296,12.1111111111,12.537037037,12.2592592593,12.4074074074
8740,-5.27754029504,-5.39024953637,-5.53597043307,-5.53262260693,-5.58125210798,12.2037037037,12.1111111111,12.462962963,12.4814814815,12.462962963
8760,-5.21090740894,-5.34834732757,-5.6214856865,-5.55115990942,-5.56880957523,12.037037037,12.2407407407,12.4259259259,12.4814814815,12.3148148148
8780,-5.29938738655,-5.31939979883,-5.55762505,-5.62980852402,-5.59275598765,12,12.3333333333,12.4074074074,12.3518518519,12.2962962963
8800,-5.25786018148,-5.38039027492,-5.52501041498,-5.60342479424,-5.56217862515,12.0185185185,12.3148148148,12.4444444444,12.4444444444,12.4444444444
8820,-5.22650270877,-5.48361604039,-5.52136939335,-5.49138091469,-5.52629562748,12.0925925926,12.2777777778,12.4074074074,12.5,12.4259259259
8840,-5.27664199936,-5.5464427823,-5.48252884079,-5.48125145694,-5.51423563477,12.0740740741,12.3888888889,12.3703703704,12.4074074074,12.3703703704
8860,-5.28405718411,-5.48324128149,-5.61855537303,-5.47627856987,-5.51297406967,12.0925925926,12.3888888889,12.4444444444,12.5185185185,12.2592592593
8880,-5.25124786807,-5.42963397778,-5.50190087905,-5.55708593789,-5.59880617295,12.2037037037,12.2962962963,12.4444444444,12.3888888889,12.2407407407
8900,-5.25251239822,-5.47160688243,-5.42276258162,-5.54276629103,-5.54361498657,12.3518518519,12.2962962963,12.1666666667,12.3148148148,12.2222222222
8920,-5.28232779955,-5.48506974682,-5.47354008598,-5.51233846504,-5.44843662611,12.2222222222,12.2592592593,12.2592592593,12.4259259259,12.2037037037
8940,-5.25620248625,-5.57209177818,-5.56462878021,-5.45379706313,-5.58596226244,12.2037037037,12.2777777778,12.3518518519,12.4074074074,12.1851851852
8960,-5.24979594663,-5.5447013876,-5.48520169262,-5.50661229474,-5.52611091548,12.1666666667,12.2222222222,12.2777777778,12.3888888889,12.3518518519
8980,-5.20817087933,-5.42146201469,-5.5131368857,-5.54380383367,-5.46464011766,12.2037037037,12.1481481481,12.4259259259,12.4074074074,12.4444444444
9000,-5.19791856106,-5.38767768524,-5.57712444723,-5.52013312929,-5.49992025325,12.0925925926,12.2222222222,12.4074074074,12.462962963,12.3703703704
9020,-5.13965780966,-5.44490657325,-5.55875635114,-5.47019879668,-5.61372439746,11.9259259259,12.2777777778,12.4444444444,12.2962962963,12.2962962963
9040,-5.19289697735,-5.45668751845,-5.58721111609,-5.56032579953,-5.60697540449,11.8703703704,12.1666666667,12.4259259259,12.2222222222,12.1851851852
9060,-5.26205150577,-5.41599614767,-5.55819901272,-5.47665233856,-5.63646122188,11.9814814815,12.1296296296,12.4814814815,12.2777777778,12.2592592593
9080,-5.24462535756,-5.40983524672,-5.51979667676,-5.38379009687,-5.62277231182,12.1481481481,12.2592592593,12.3888888889,12.1666666667,12.2592592593
9100,-5.24465104829,-5.39371007756,-5.49167523033,-5.51525919322,-5.57695762815,12.1481481481,12.3333333333,12.2592592593,12.3333333333,12.3333333333
9120,-5.2680799841,-5.4512551853,-5.44931343771,-5.48941045252,-5.5568728731,12.1851851852,12.2407407407,12.2777777778,12.462962963,12.4259259259
9140,-5.31443741628,-5.43263374705,-5.40239449622,-5.41514342756,-5.54014021568,12.2222222222,12.3148148148,12.2222222222,12.537037037,12.4814814815
9160,-5.25784171988,-5.50150606967,-5.45878372801,-5.45969095174,-5.45301123173,12.2037037037,12.1111111111,12.1666666667,12.5,12.4074074074
9180,-5.20732145435,-5.46414348413,-5.45788113333,-5.39035561676,-5.45054132427,11.9814814815,12.1666666667,12.2407407407,12.4259259259,12.4074074074
9200,-5.26164407023,-5.35871778861,-5.38355752415,-5.55328070941,-5.52546368044,11.962962963,12.1851851852,12.3888888889,12.2962962963,12.4074074074
9220,-5.31199613055,-5.38096914318,-5.42780361343,-5.49297136666,-5.56653419605,11.8888888889,12.2037037037,12.2777777778,12.3888888889,12.5185185185
9240,-5.2668769206,-5.43995683559,-5.39841978379,-5.47275722124,-5.60033632426,11.962962963,12.2222222222,12.3888888889,12.3703703704,12.4444444444
9260,-5.22783430558,-5.42300539191,-5.3079700633,-5.38805961062,-5.57124207165,11.962962963,12.2222222222,12.3333333333,12.3333333333,12.4814814815
9280,-5.20618102628,-5.52343125644,-5.3055951829,-5.36290451286,-5.55706944956,11.9259259259,12.3703703704,12.2222222222,12.3148148148,12.4814814815
9300,-5.19239901053,-5.44340260211,-5.46007829469,-5.51773461567,-5.43262787299,11.8888888889,12.3703703704,12.3333333333,12.2592592593,12.4814814815
9320,-5.256559491,-5.43720977167,-5.46855225016,-5.46618401457,-5.52419872082,11.8888888889,12.4074074074,12.4259259259,12.2777777778,12.4444444444
9340,-5.20449500612,-5.49543161627,-5.40941639152,-5.44831210159,-5.56483344666,11.962962963,12.3703703704,12.5,12.1851851852,12.4814814815
9360,-5.18165906382,-5.43322799537,-5.41610807945,-5.46900518096,-5.58194826883,12.0925925926,12.5555555556,12.537037037,12.2777777778,12.4074074074
9380,-5.20986221854,-5.45555170353,-5.49202831285,-5.46729974883,-5.4515754599,11.9444444444,12.3888888889,12.4814814815,12.2962962963,12.3888888889
9400,-5.20817936254,-5.44310177432,-5.44010111771,-5.54359076783,-5.43831624132,11.9074074074,12.3888888889,12.3703703704,12.4074074074,12.2592592593
9420,-5.14851240673,-5.47301863249,-5.32954391099,-5.51460034513,-5.48688352923,11.9814814815,12.3888888889,12.3333333333,12.4074074074,12.2962962963
9440,-5.22313380088,-5.47029593185,-5.40884820572,-5.37966469264,-5.51840611794,12,12.2777777778,12.1851851852,12.2592592593,12.2962962963
9460,-5.1588648231,-5.50485227204,-5.32611503654,-5.36044701706,-5.50842893486,11.9814814815,12.3333333333,12.1851851852,12.3888888889,12.3703703704
9480,-5.15844110354,-5.52992361026,-5.29077212566,-5.31483174412,-5.49098383211,11.9814814815,12.462962963,12.1851851852,12.3148148148,12.2592592593
9500,-5.1263620314,-5.44434317637,-5.38589577486,-5.30682177511,-5.5653684121,12.0555555556,12.4259259259,12.2037037037,12.2592592593,12.4444444444
9520,-5.27235816936,-5.47296808363,-5.40790901813,-5.40601660977,-5.59368130581,11.9814814815,12.5185185185,12.2592592593,12.3148148148,12.5555555556
9540,-5.1794199676,-5.4929421206,-5.4661401941,-5.43607142328,-5.63251543886,11.962962963,12.4259259259,12.3518518519,12.3333333333,12.6851851852
9560,-5.13026039949,-5.51654190063,-5.39417399748,-5.40548615888,-5.61105632357,12.1481481481,12.5185185185,12.4444444444,12.537037037,12.6111111111
9580,-5.23991055448,-5.49016889785,-5.41931876499,-5.44355831276,-5.5533515478,12.2222222222,12.4259259259,12.3148148148,12.537037037,12.6111111111
9600,-5.2888659741,-5.49589740738,-5.34267814179,-5.48818865605,-5.5670626492,12.1851851852,12.4074074074,12.4444444444,12.5925925926,12.5185185185
9620,-5.26486881884,-5.64299863472,-5.41964670853,-5.44749871836,-5.66120906342,12.1296296296,12.3888888889,12.3518518519,12.6481481481,12.4259259259
9640,-5.25153568063,-5.64410491271,-5.39206162436,-5.47383096062,-5.66859443879,12.0925925926,12.3148148148,12.4259259259,12.6296296296,12.4074074074
9660,-5.19774032688,-5.56688470987,-5.4841690402,-5.44691257,-5.58033136511,12.037037037,12.3703703704,12.1851851852,12.4259259259,12.3518518519
9680,-5.33516047906,-5.60375548101,-5.52543422636,-5.40859061678,-5.61998572999,11.962962963,12.2407407407,12.3148148148,12.3518518519,12.3148148148
9700,-5.385183693,-5.69580133928,-5.53349367228,-5.47170417424,-5.61001256751,12,12.2037037037,12.2962962963,12.3703703704,12.2962962963
9720,-5.37955705266,-5.70655734124,-5.441355969,-5.45602213677,-5.51759879402,11.9814814815,12.2962962963,12.2222222222,12.3703703704,12.4259259259
9740,-5.29542902653,-5.69617304871,-5.4236165917,-5.34241743504,-5.52321531311,11.9814814815,12.2407407407,12.2222222222,12.4444444444,12.4074074074
9760,-5.41348796701,-5.62686816935,-5.48779432768,-5.35670922768,-5.54143159396,12.037037037,12.2222222222,12.3148148148,12.5740740741,12.4074074074
9780,-5.38243892091,-5.53349125353,-5.45862895652,-5.34791070037,-5.50683752595,12.0925925926,12.2222222222,12.3333333333,12.4259259259,12.4444444444
9800,-5.27270272332,-5.5734834238,-5.48071331587,-5.49082442528,-5.53931279755,12.0925925926,12.2222222222,12.2777777778,12.4814814815,12.2962962963
9820,-5.25016343504,-5.5498219298,-5.45021914134,-5.45590436381,-5.55602239195,12.1851851852,12.3518518519,12.4444444444,12.3703703704,12.1851851852
9840,-5.30837353582,-5.50452289182,-5.50992527552,-5.41076267903,-5.5739456289,12.2037037037,12.1851851852,12.3888888889,12.3333333333,12.2962962963
9860,-5.26096752133,-5.52076890368,-5.4402391746,-5.40554530622,-5.61141093628,12.1481481481,12.1666666667,12.4074074074,12.3518518519,12.2777777778
9880,-5.26336717001,-5.61740902903,-5.53882327837,-5.51234865235,-5.57540803125,12.2222222222,12.1296296296,12.2407407407,12.3703703704,12.2592592593
9900,-5.30201944068,-5.54317499295,-5.50357858081,-5.47260399219,-5.50916534073,12.1666666667,12.2407407407,12.2962962963,12.3333333333,12.3333333333
9920,-5.39745151317,-5.52613257228,-5.44744516161,-5.51216095873,-5.55290119083,12,12.3148148148,12.1851851852,12.3148148148,12.3333333333
9940,-5.33007558864,-5.59974452975,-5.37311266791,-5.3778515488,-5.56665588886,12.0185185185,12.3148148148,12.2592592593,12.3148148148,12.3148148148
9960,-5.20222357447,-5.54204028952,-5.30309921124,-5.30062990508,-5.5696340167,12.0925925926,12.2407407407,12.3518518519,12.5185185185,12.4814814815
9980,-5.19945516192,-5.48353279304,-5.38180125535,-5.31485808657,-5.499935761,12,12.4074074074,12.2037037037,12.462962963,12.2777777778
10000,-5.24514245588,-5.48287470384,-5.45285135403,-5.37631543156,-5.44637743316,12,12.3518518519,12.2592592593,12.5,12.2407407407
10020,-5.20580261782,-5.51376812298,-5.4344724064,-5.38955227623,-5.5255406138,11.9814814815,12.3333333333,12.2222222222,12.462962963,12.1296296296
10040,-5.38998065798,-5.47443413442,-5.45903234225,-5.44000871975,-5.47637433183,11.962962963,12.3703703704,12.1666666667,12.5185185185,12.1666666667
10060,-5.34314951329,-5.60134125503,-5.46873437788,-5.40128376682,-5.45426545129,11.9444444444,12.3703703704,12.2407407407,12.5185185185,12.2592592593
10080,-5.34050559706,-5.6035867491,-5.46065764248,-5.44287339133,-5.46644145867,12.0925925926,12.462962963,12.2777777778,12.462962963,12.2592592593
10100,-5.32383357319,-5.52173325317,-5.44769095649,-5.4280977018,-5.52360101978,12.1481481481,12.3888888889,12.3333333333,12.3333333333,12.2962962963
10120,-5.35764812302,-5.50813713442,-5.44710546201,-5.32521914429,-5.55725807725,12.0185185185,12.3703703704,12.3703703704,12.3148148148,12.4074074074
10140,-5.32521369318,-5.53552539268,-5.47378879359,-5.31804240967,-5.52275627943,12.0185185185,12.4444444444,12.2592592593,12.2777777778,12.4444444444
10160,-5.32486512027,-5.52013795431,-5.47267712962,-5.41112374779,-5.53630816265,12,12.2962962963,12.1111111111,12.2592592593,12.3518518519
10180,-5.2950402028,-5.51464741,-5.35107762281,-5.49326667972,-5.52013640172,11.9814814815,12.2037037037,12.0740740741,12.2592592593,12.3148148148
10200,-5.20451254646,-5.59978253174,-5.32874835869,-5.47322355122,-5.58550583763,12.0555555556,12.2777777778,12.0555555556,12.2777777778,12.2592592593
10220,-5.21927739953,-5.654971907,-5.4260644127,-5.51040015599,-5.67346063586,12,12.3703703704,12.1481481481,12.2407407407,12.3703703704
10240,-5.22121780331,-5.63354935527,-5.48311914271,-5.46410035599,-5.58195632888,11.8888888889,12.3888888889,12.1481481481,12.3148148148,12.4444444444
10260,-5.26687836944,-5.52161806383,-5.4923201387,-5.39990101568,-5.47976909975,12.0925925926,12.3333333333,12.3518518519,12.3333333333,12.462962963
10280,-5.29770080813,-5.54477698045,-5.51184321981,-5.45699818342,-5.57173898286,11.9074074074,12.3888888889,12.4074074074,12.3333333333,12.3888888889
10300,-5.35686943929,-5.57417831552,-5.54366619792,-5.60756398184,-5.62244015422,11.9259259259,12.3888888889,12.537037037,12.2777777778,12.3518518519
10320,-5.27948345774,-5.59179298329,-5.47428028757,-5.49051080709,-5.44652190805,12.0740740741,12.3518518519,12.5,12.2592592593,12.3888888889
10340,-5.2208330358,-5.5121381723,-5.46053016526,-5.42830251943,-5.43087445639,12.0185185185,12.1851851852,12.4444444444,12.3888888889,12.3703703704
10360,-5.26272789543,-5.49554573125,-5.52715455046,-5.44473813668,-5.46777385319,12.0555555556,12.2962962963,12.3518518519,12.2962962963,12.4259259259
10380,-5.31507244426,-5.61702252479,-5.50651851239,-5.41550327572,-5.49806198439,12,12.2037037037,12.4074074074,12.2407407407,12.4444444444
10400,-5.26007468592,-5.60333631836,-5.4936277199,-5.48660409691,-5.46370305786,12.037037037,12.2407407407,12.462962963,12.2592592593,12.5185185185
10420,-5.29357235483,-5.60740291364,-5.52003772281,-5.42192138906,-5.48886639862,12.0555555556,12.2962962963,12.4814814815,12.3148148148,12.4444444444
10440,-5.23159336886,-5.53367748353,-5.56629695317,-5.4157749548,-5.51814270541,11.9814814815,12.2777777778,12.3518518519,12.1851851852,12.3148148148
10460,-5.26005029909,-5.54766298911,-5.5160963508,-5.49084923757,-5.45997121662,12.0740740741,12.2222222222,12.3888888889,12.2037037037,12.3148148148
10480,-5.23786033495,-5.61245449156,-5.59254857489,-5.53262708491,-5.46592674944,12.1666666667,12.2407407407,12.4444444444,12.1296296296,12.1666666667
10500,-5.24108284842,-5.61145344905,-5.57391477488,-5.46628294187,-5.45966711685,12.2037037037,12.3333333333,12.5925925926,12.2962962963,12.2592592593
10520,-5.30142223736,-5.64596837656,-5.52757702802,-5.43553204424,-5.43648872449,12.0555555556,12.4814814815,12.4074074074,12.3518518519,12.3148148148
10540,-5.29752915364,-5.52987778304,-5.55729381563,-5.43708749548,-5.4750447755,12.037037037,12.3333333333,12.3703703704,12.3148148148,12.2592592593
10560,-5.26368507517,-5.51388948893,-5.6109926428,-5.44171342017,-5.45360756703,12.0555555556,12.2592592593,12.3888888889,12.2592592593,12.2592592593
10580,-5.22580497827,-5.54936634352,-5.52156164569,-5.46697593933,-5.41267602448,12.0925925926,12.4259259259,12.4259259259,12.2777777778,12.4259259259
10600,-5.16692354778,-5.51250873229,-5.56538757339,-5.48429294115,-5.38502876449,11.9259259259,12.3888888889,12.4814814815,12.3333333333,12.3518518519
10620,-5.1931466488,-5.5483208238,-5.52156814678,-5.41267265916,-5.44610990206,11.962962963,12.5,12.5185185185,12.2407407407,12.3703703704
10640,-5.28586913523,-5.46906100059,-5.53597821236,-5.47506537916,-5.44778135632,11.9444444444,12.462962963,12.4814814815,12.2592592593,12.3518518519
10660,-5.30819047,-5.52216824845,-5.55847238855,-5.45277020541,-5.46326313742,12,12.3888888889,12.3888888889,12.3518518519,12.5185185185
10680,-5.3114814345,-5.53407816529,-5.56781381888,-5.50538265889,-5.51467023169,12.1296296296,12.3703703704,12.4074074074,12.3333333333,12.2962962963
10700,-5.29901648951,-5.54443299844,-5.58309089132,-5.56790172942,-5.44776125108,12.2222222222,12.462962963,12.462962963,12.3888888889,12.3333333333
10720,-5.24475217249,-5.56569079793,-5.54380004571,-5.48402418363,-5.43258923001,12.1851851852,12.3888888889,12.6111111111,12.4074074074,12.2037037037
10740,-5.21332295185,-5.5089136595,-5.49263625224,-5.36935698645,-5.41268584972,12.1666666667,12.3703703704,12.462962963,12.3148148148,12.2037037037
10760,-5.32054642901,-5.5086105205,-5.49092952215,-5.45666783652,-5.45059176557,12.0925925926,12.462962963,12.4444444444,12.3703703704,12.2777777778
10780,-5.32257642138,-5.48839446657,-5.50383958237,-5.53212200224,-5.42817713725,12.0185185185,12.4444444444,12.3888888889,12.5,12.4074074074
10800,-5.26021479498,-5.53771242815,-5.48500118576,-5.52062599838,-5.44153127315,12.037037037,12.3518518519,12.462962963,12.3703703704,12.3888888889
10820,-5.36635604635,-5.48525211201,-5.60574141441,-5.41227204869,-5.55169655698,11.9814814815,12.3888888889,12.5,12.3888888889,12.3888888889
10840,-5.28864219925,-5.4574861588,-5.52313566089,-5.52597236773,-5.5105633773,11.9444444444,12.3148148148,12.4259259259,12.3703703704,12.3148148148
10860,-5.28309018619,-5.52756333819,-5.46669109202,-5.50626437551,-5.47582701609,11.9074074074,12.1851851852,12.2962962963,12.3333333333,12.4074074074
10880,-5.27985639463,-5.48019929255,-5.59394866821,-5.4423731944,-5.5330768017,12.0555555556,12.2407407407,12.4074074074,12.2962962963,12.462962963
10900,-5.24888757977,-5.37304166904,-5.52777320777,-5.56020190578,-5.50297718564,11.9814814815,12.2962962963,12.6111111111,12.4444444444,12.3888888889
10920,-5.24036844356,-5.52107883835,-5.49623911876,-5.60095104959,-5.50732251056,12.2222222222,12.2777777778,12.3333333333,12.5185185185,12.3148148148
10940,-5.26220531614,-5.52324895852,-5.56592214341,-5.50496966469,-5.41177266955,12.2222222222,12.2962962963,12.2407407407,12.4074074074,12.2407407407
10960,-5.23006179831,-5.47284039635,-5.5343116921,-5.44942223166,-5.4612907031,12.2592592593,12.2222222222,12.3333333333,12.3888888889,12.2777777778
10980,-5.24735269414,-5.49703886162,-5.5789106218,-5.58250810757,-5.45253573047,12.2222222222,12.2962962963,12.2962962963,12.3703703704,12.3148148148
11000,-5.25194555256,-5.49880460657,-5.62230464794,-5.62267953046,-5.4773781821,12.1851851852,12.3333333333,12.2962962963,12.3333333333,12.3518518519
11020,-5.26575552618,-5.58464669473,-5.49276367973,-5.60376336592,-5.39690661098,12.2222222222,12.3518518519,12.3333333333,12.3333333333,12.5555555556
11040,-5.31146805312,-5.58725894233,-5.60923418762,-5.53167749019,-5.41076410185,12.1481481481,12.2407407407,12.3518518519,12.2962962963,12.4259259259
11060,-5.33554961607,-5.5714125581,-5.65149443662,-5.57649624329,-5.34425534838,12.0185185185,12.2222222222,12.3703703704,12.2962962963,12.3518518519
11080,-5.30603981797,-5.52602943174,-5.6841147717,-5.51964680794,-5.39003542815,12.0925925926,12.3148148148,12.3333333333,12.4444444444,12.1481481481
11100,-5.27041261523,-5.47205525155,-5.67443908481,-5.54979083843,-5.41710833957,12.0185185185,12.1851851852,12.3703703704,12.3703703704,12.2037037037
11120,-5.35165220555,-5.54279625347,-5.59142963658,-5.50528957882,-5.40473530192,12.037037037,12.3148148148,12.2777777778,12.462962963,12.1851851852
11140,-5.33865310246,-5.5432278811,-5.554020938,-5.56530347528,-5.42578306957,11.962962963,12.4259259259,12.2962962963,12.462962963,12.2222222222
11160,-5.36318534201,-5.46646434251,-5.57377938711,-5.56642832119,-5.41109605253,12.0925925926,12.4074074074,12.2407407407,12.3148148148,12.2962962963
11180,-5.32405707567,-5.43604092539,-5.54945964695,-5.4674091296,-5.30979674458,12.2222222222,12.4259259259,12.2592592593,12.2962962963,12.3703703704
11200,-5.23101735503,-5.44401824225,-5.51519987666,-5.47961564772,-5.35160000782,12.0555555556,12.4074074074,12.4259259259,12.2407407407,12.3703703704
11220,-5.28671395113,-5.44358074628,-5.59598844715,-5.60722630615,-5.54958567436,12.0740740741,12.2037037037,12.537037037,12.2777777778,12.1851851852
11240,-5.27677318725,-5.46042346019,-5.63559394036,-5.52503284173,-5.51045179537,11.9444444444,12.3333333333,12.5925925926,12.2777777778,12.0740740741
11260,-5.31063382311,-5.47252416622,-5.59870752892,-5.49604226096,-5.44650919042,11.8148148148,12.3148148148,12.6111111111,12.3518518519,12.2222222222
11280,-5.26413733488,-5.4439997384,-5.49122110452,-5.56578891702,-5.39685100472,11.9444444444,12.1666666667,12.3703703704,12.3333333333,12.2037037037
11300,-5.2726811793,-5.41130352498,-5.5252681326,-5.53090169848,-5.48889811526,11.962962963,12.4074074074,12.5185185185,12.1666666667,12.2222222222
11320,-5.36401654396,-5.47777049527,-5.5104623536,-5.46832387978,-5.53865794871,11.9074074074,12.3888888889,12.462962963,12.2222222222,12.2777777778
11340,-5.19828761129,-5.50896715349,-5.5753376051,-5.51245648349,-5.43546238575,11.9259259259,12.4259259259,12.537037037,12.3148148148,12.2962962963
11360,-5.136263012,-5.51348914211,-5.60774236466,-5.62919504475,-5.4469385944,12.0555555556,12.3888888889,12.4074074074,12.3333333333,12.3518518519
11380,-5.1943667923,-5.51471789958,-5.54671030065,-5.61333513507,-5.53396542173,12.1666666667,12.3148148148,12.3703703704,12.5,12.2962962963
11400,-5.21149169504,-5.37408882114,-5.61710468433,-5.48465862874,-5.55042827756,12.1851851852,12.2592592593,12.3518518519,12.5740740741,12.2962962963
11420,-5.31649311117,-5.37242582226,-5.57087153714,-5.44971063257,-5.47294090911,12.1481481481,12.2592592593,12.4444444444,12.6666666667,12.4074074074
11440,-5.18257757121,-5.40734015588,-5.4953033996,-5.56122813906,-5.44288431022,12.0925925926,12.2222222222,12.3333333333,12.5185185185,12.5
11460,-5.09869244966,-5.49142023279,-5.50916618445,-5.64446869031,-5.43029022465,11.962962963,12.1481481481,12.3333333333,12.5185185185,12.3888888889
11480,-5.16604310711,-5.48927945277,-5.57942409145,-5.65902227664,-5.48361347893,11.8888888889,12.3333333333,12.3703703704,12.4259259259,12.4814814815
11500,-5.18901853478,-5.57391666597,-5.55416051937,-5.6314367763,-5.45155609691,11.8518518519,12.4074074074,12.4074074074,12.4259259259,12.5
11520,-5.17199276626,-5.60831319129,-5.5368629789,-5.62387891425,-5.46979598629,12,12.4444444444,12.3703703704,12.3333333333,12.3888888889
11540,-5.10889387129,-5.52082676542,-5.49563160813,-5.59522294618,-5.54030947861,12.1296296296,12.3148148148,12.4074074074,12.2592592593,12.4259259259
11560,-5.18164342606,-5.53567303273,-5.55289729714,-5.58302779415,-5.55344884959,12.0185185185,12.2407407407,12.3518518519,12.2592592593,12.3888888889
11580,-5.13944704164,-5.58392477098,-5.57504996449,-5.57294824568,-5.5547061546,12.0740740741,12.4259259259,12.5,12.3333333333,12.3703703704
11600,-5.25731974179,-5.55884566219,-5.58129823519,-5.5015646295,-5.55977872298,11.962962963,12.4444444444,12.537037037,12.5555555556,12.537037037
11620,-5.22921660373,-5.54806631803,-5.48859699832,-5.58879493496,-5.53420179844,12.0925925926,12.3703703704,12.4259259259,12.6296296296,12.4074074074
11640,-5.24119479733,-5.47623113285,-5.50571517384,-5.59395955401,-5.45275070346,12.1296296296,12.462962963,12.5,12.6296296296,12.3703703704
11660,-5.17083675823,-5.48451453953,-5.58326660566,-5.62355742716,-5.44142191121,11.9259259259,12.3703703704,12.3518518519,12.537037037,12.3148148148
11680,-5.21180591,-5.57930035589,-5.55337367274,-5.6987541139,-5.4804634046,11.8148148148,12.2777777778,12.3148148148,12.462962963,12.2962962963
11700,-5.17834719418,-5.58800340187,-5.64190716288,-5.64855495168,-5.47600674938,11.8333333333,12.3703703704,12.2592592593,12.4259259259,12.2037037037
11720,-5.16981022157,-5.51072390716,-5.56305793603,-5.61045219919,-5.47038247734,11.7777777778,12.3518518519,12.1481481481,12.5185185185,12.3148148148
11740,-5.12005580683,-5.47250456942,-5.55095263123,-5.64200807498,-5.52741603245,11.7777777778,12.3703703704,12.2777777778,12.5,12.3333333333
11760,-5.15092919795,-5.5205370913,-5.62698758448,-5.70470070141,-5.58570541944,11.9074074074,12.3703703704,12.2592592593,12.462962963,12.2222222222
11780,-5.22773157349,-5.53045704043,-5.53791520454,-5.67628934416,-5.48803923781,11.8148148148,12.3518518519,12.2962962963,12.4259259259,12.2962962963
11800,-5.21270534742,-5.51047497251,-5.5264216964,-5.60086208725,-5.42600314025,11.9444444444,12.3703703704,12.2962962963,12.4814814815,12.2407407407
11820,-5.20005802445,-5.53065891163,-5.5691004935,-5.57713419062,-5.41910151127,11.8148148148,12.4074074074,12.2962962963,12.3888888889,12.2592592593
11840,-5.1653873291,-5.56694362004,-5.58661912962,-5.61379726937,-5.51639404575,11.8888888889,12.4814814815,12.2777777778,12.4259259259,12.4074074074
11860,-5.22082818106,-5.52864191784,-5.548936214,-5.6298835451,-5.48579585713,11.8888888889,12.5,12.2962962963,12.3518518519,12.4814814815
11880,-5.23263143857,-5.50024504989,-5.55699020654,-5.61280186367,-5.5335612025,11.8333333333,12.5,12.3333333333,12.3518518519,12.4814814815
11900,-5.2181744685,-5.55245919481,-5.54624301048,-5.54805918845,-5.52331324042,11.8333333333,12.5185185185,12.2962962963,12.2037037037,12.462962963
11920,-5.17371143142,-5.56405092732,-5.49419472075,-5.57019791483,-5.50284520137,11.7407407407,12.5185185185,12.2962962963,12.2777777778,12.2962962963
11940,-5.17921480109,-5.60598633575,-5.56436880615,-5.62471975688,-5.44753273345,11.7962962963,12.5555555556,12.3333333333,12.2962962963,12.3148148148
11960,-5.16177132781,-5.57928716892,-5.59641382943,-5.62351850646,-5.58089278244,11.7777777778,12.4814814815,12.3333333333,12.1666666667,12.2777777778
11980,-5.22599804661,-5.50459874,-5.60815070371,-5.56271135861,-5.57488901598,11.9444444444,12.3333333333,12.2777777778,12.1481481481,12.3703703704
12000,-5.26059865503,-5.48852487166,-5.53007885379,-5.54478166316,-5.57221274917,12,12.462962963,12.1851851852,12.1481481481,12.3888888889
