time,replica_0_observable,replica_1_observable,replica_2_observable,replica_3_observable,replica_4_observable,replica_5_observable
0,3.78048425759,5.46395574334,3.61827635325,2.17855031118,4.09538612417,3.96956438054
28,3.94322287968,2.22165665825,4.08178045282,2.34218246736,3.66447207695,3.07844451877
56,2.02763597534,-0.0885352025033,2.62793798539,2.97822156706,2.8458295186,3.59495201744
84,2.08028708649,1.02756245693,1.80234639986,2.32120953853,1.93469834289,2.61922097021
112,1.49382077227,0.532339924361,2.15066725375,0.525563110112,1.57819694463,1.42059335603
140,1.60530158608,1.31042974052,1.42449015876,1.56553566725,1.68371725546,-0.0879107722372
168,1.18072675849,0.377005291311,1.12560204323,2.5256727711,2.73149583844,2.29574955086
196,2.07451095488,0.974272719851,1.3439627854,1.11594211046,2.25173213678,0.825516191989
224,0.967569099674,1.0089898295,1.31841941025,1.38237061253,0.695104947234,-0.950679173403
252,0.636305845452,-0.0927247598106,-0.208577256757,0.32197980068,1.37324560174,1.5510189002
280,1.08967880019,0.767569012523,-1.2581556399,0.497982108729,0.613891928149,-0.125355118387
308,1.62830899875,1.01857053579,-0.613084663599,0.0548248858668,1.92892665349,1.73052356874
336,0.757785950635,-0.584114705397,0.0501532177065,-1.22826689868,2.39427314728,1.86176264618
364,0.350669723563,-0.661376424356,1.15615550207,-0.599453066845,2.77388187378,3.09252732371
392,1.04619540142,-0.715270876004,0.72084262495,0.0880428655658,0.876818721188,0.846442129124
420,2.20092821569,-1.22558434086,0.623515174317,0.328876056786,-0.416225469269,1.60312746515
448,1.15726619154,0.39526407181,0.723886323746,1.05025076498,-0.0201129957948,0.379695210143
476,0.427871415345,0.260158924063,1.01387147063,0.930291764174,-0.0165224290413,0.153916478691
504,0.396474456525,0.462614151007,0.760949930519,1.79602896339,1.60406488822,0.38591340064
532,1.11316183824,1.02739674572,0.585001016115,0.296455106836,1.12134491176,1.23420755204
560,2.16818029073,1.46680268968,2.17947303158,-0.552002613568,2.43650419986,0.185265424857
588,1.32399963234,0.598924162093,4.21224602163,-0.280329630623,1.80228228685,0.180317481451
616,1.70472638228,1.55800967601,2.28913929643,-0.531910940726,0.997045084889,0.028898881516
644,-0.264269958835,0.313592153311,1.53605261928,-1.47196321208,0.722327320859,-0.156407482071
672,1.74349362222,0.122027267141,-0.865951686607,0.0636451534257,0.419115470834,-0.383074709339
700,0.381417857193,1.28545767818,-0.893115621706,0.511552363128,1.0372992181,2.00082863166
728,-1.12652239462,0.78391377587,0.60781881348,0.668184341968,0.666057117693,2.49073653226
756,1.28378410225,1.00344473801,1.76716073825,1.84978983685,0.474673655255,3.16670955061
784,1.4599933186,-0.615858683997,-0.116785161643,2.78682672555,2.57991567666,1.42549657643
812,1.74845707539,0.274597044606,-0.501764749521,0.410147444795,2.2910996811,0.918544544641
840,1.11030310847,-0.760094640519,-1.01117697338,-0.611042674931,0.712866991371,-0.523748929201
868,-0.984024282292,0.982534806363,-1.6358801144,0.364419639658,0.608006002454,0.560488644976
896,0.409192940991,1.52171784392,-1.8688452708,0.581476187341,-0.0567710212251,1.05220503067
924,3.43433562154,-1.18738871563,0.529686619452,2.8231790348,-0.437154669232,2.29507330155
952,2.37808763565,0.590896122179,0.884667916416,1.37830912508,2.2082162431,1.33387110985
980,0.842859021906,-0.833450607059,0.560200469538,0.307602330274,-0.909571482492,0.760925976068
1008,1.48093257775,-0.0402310953418,-0.0956648860231,1.67598207172,-2.3191773234,0.394550280641
1036,0.453799503822,-0.539401138504,1.33097230976,2.41418265908,-0.155987539722,1.5556467393
1064,1.19166159678,0.410872680591,1.30787789863,2.35828724528,1.46826773915,2.2737313758
1092,-0.744624408334,1.50474567024,-0.0585300905453,0.727024954103,2.31756519596,0.770631206546
1120,0.682345810084,0.860651692656,0.302632874263,-0.163455556117,1.16559226116,1.58426673119
1148,1.59241334516,-0.452625845311,-1.48080101299,0.183635768584,-0.166545179408,-0.441167253509
1176,1.02011378865,-0.656994222898,0.597586416493,0.0461468604526,1.19592926064,0.172588194815
1204,2.1878141263,-0.749799651664,-1.67534430446,1.90565544126,1.05308119848,1.3025154727
1232,0.383876672294,-0.217979163464,-0.379589672935,0.984414846192,-0.030874095556,1.20476823527
1260,0.166071655606,0.510643710343,-1.0312756669,2.35268278934,-0.237116403989,0.655858296685
1288,-0.224539616709,-0.922544226151,0.413293001986,0.446063419889,1.41040860203,-0.495520053118
1316,-0.145559930519,0.189358094459,0.831173221514,-0.231125131228,-0.0832382695798,0.0450853389738
1344,-0.464536554863,-0.0318339273446,0.480704079539,0.0289455182712,0.837695111804,-1.67062228007
1372,2.26319129264,0.79900059323,0.460347893787,-0.931923880406,1.26999853859,-1.041614467
1400,0.568197031821,1.04615462697,-0.962038778534,-2.41691905462,0.950036607502,-0.661364041931
1428,-0.245183816555,0.461054317176,0.303567065308,-1.42812862135,1.67588801594,0.623665201477
1456,0.753793090311,0.680502453848,0.0793299734809,0.0777451546184,1.85793557863,1.93248532978
1484,1.81707928144,-0.217549612368,-1.74726080966,-0.2961766677,2.12730347968,1.70819223273
1512,2.92549128446,-0.419971014753,-2.51083203613,-1.08442131258,1.11105272273,1.06305990916
1540,1.30489413414,-2.21582558127,0.675298066247,-0.328607688538,0.533287990437,0.944044844497
1568,-0.665627183968,0.485724469084,0.739908624704,-0.106506247776,0.534435880107,-0.324065723015
1596,0.607542892731,2.30310827399,-2.15092080144,-1.3646438628,0.445494028704,0.933335170875
1624,0.806931210516,1.7460137023,0.773354806709,-0.023878569978,1.8688218544,0.557624866316
1652,-0.48408685938,0.0600566005647,-0.515502083819,-0.342278022714,0.439470922275,1.1340555118
1680,0.267875530191,0.270494270868,-0.323865610686,1.07681235433,-0.0876372143069,0.961834990981
1708,1.11520297982,-0.554594205194,2.33590914931,0.880447671756,0.852392153328,2.58400681937
1736,0.718226509503,-1.18723441936,1.77962964691,0.872778821323,2.73444647169,1.15435231714
1764,1.42857359639,-0.395981598659,1.33884834924,-0.521954269496,0.603603826465,0.461774863365
1792,0.325643459205,0.166949220205,1.40798995496,-0.403749994929,0.72775981791,1.69239775643
1820,-0.0970718318367,0.163027883026,-0.537788060117,-1.28585344082,-0.129337659401,0.720474504342
1848,0.926043674574,-1.1402233165,-1.23746115896,0.156702894029,0.448131879243,1.06338262649
1876,0.19382580913,-1.91230424506,-0.373919419891,1.26760349273,0.529553631803,0.729294626617
1904,0.454961516525,-0.81058990875,1.82619053323,0.418011287105,0.561237932922,2.19855323191
1932,1.22072393317,-0.378969230827,0.15083893644,0.637581589047,1.72000637322,-0.621974964811
1960,-0.349565592019,-0.202073532697,-1.57112599209,1.20955924585,3.10607210154,1.88625090182
1988,-0.38733367213,0.0524930809391,0.148872797015,0.270966867433,3.20177344916,1.40384912844
2016,-1.87544181216,0.868573438831,0.779598816352,0.301624949743,2.19897204055,0.741756971019
2044,-0.0910045750747,0.935726455958,-1.78571584787,-0.0201373391708,-0.191577705226,1.42647772436
2072,0.586074506136,0.889749007258,0.391454436332,1.20339958014,1.00157169307,0.504056968043
2100,-0.750610857421,1.35165641216,0.570384370021,-0.380679995229,0.915667305742,1.05259962336
2128,-0.732013093792,1.95453644829,-0.113155817009,2.07379405653,-0.602938889037,1.25919717143
2156,0.399022721224,1.51952469841,1.54758931165,1.83115116336,0.0864426217649,0.111244506425
2184,0.464330811826,0.727164766809,1.65715569041,0.793770290999,0.996250512531,-0.680622045517
2212,1.56894730447,-0.73079525787,0.668993079126,1.02179077052,0.155442000175,-1.91002786226
2240,-0.148456891836,0.776982697884,0.359603794293,0.322065625333,1.1321014493,-0.201364074544
2268,1.47903561004,0.648315804148,0.345365883941,1.73395202486,0.797523922514,-0.490512677938
2296,0.810958638411,1.75484757624,1.56594240015,0.960721943845,0.628791050448,-0.340976545319
2324,0.483547595205,1.82459172664,-0.589293354037,0.511013817917,0.342044662174,0.311906320922
2352,-0.265644222559,0.0495761847153,0.482791210679,0.172266978118,-0.179687607021,0.658869562382
2380,1.90072336172,-0.234759801745,0.690983293657,1.07856447515,-0.679787725099,-0.412160334191
2408,1.26251179654,-0.725366057665,-0.00529703211824,1.01334679099,0.311544144281,-1.12952994255
2436,-0.867631069682,-0.541102376841,0.959428041249,0.718037476652,-0.038732003973,0.905237925825
2464,-1.27438090547,-0.0590302894047,0.82153129751,0.230873270947,-1.52417544848,2.1900597744
2492,1.02684102447,0.57144376258,1.08999806077,1.66897512282,-0.397469531658,1.47975943391
2520,0.956561597862,1.31828851972,0.247194251738,0.813236291359,0.171000393249,1.73599503313
2548,1.8786934437,0.138992112569,0.619724628872,2.34547499332,0.830794546398,2.42610926013
2576,0.156431027403,0.213090320299,1.0628200015,0.295438326675,-0.46081578094,1.43723298468
2604,0.394083444437,2.29736250904,-0.0482691571964,0.573806342676,-0.113199208364,0.0278155642237
2632,0.601226505675,1.75283542397,-0.34605167112,1.33619129922,1.07012057143,3.10963635811
2660,-0.923281810975,0.858816669325,-1.57635478425,0.307254793423,-1.24799926667,3.53097930417
2688,-0.540756394563,-0.407873269327,1.17578157977,0.691895016787,-0.575340340851,2.59492857461
2716,-1.10232980816,0.785357416409,-1.29062447193,0.719667820234,1.23624193291,2.52392983339
2744,-1.53837041343,1.33604845386,-0.750058388339,1.21896310151,-0.108720003609,2.79989508987
2772,1.73586803892,-0.229742654176,0.171051415264,-0.270759109726,0.927846022704,1.59833212979
2800,-0.656664988178,-0.256427018368,-0.702050372643,-0.634098471359,0.431375132773,0.984933872049
2828,-0.828244114927,0.243058050592,-0.467996182416,-0.0432994702509,1.04712017461,-0.189550538355
2856,0.498154659749,0.012063535032,-0.465988450995,-0.544298486627,-0.178321506415,-1.2072145894
2884,0.737856109562,0.597314519976,1.23769451722,1.30683889118,1.88845059163,2.05972417737
2912,1.49093568687,-0.606382176666,0.301978453899,1.0196875461,1.14893370776,3.52946652169
2940,0.594094348773,-0.490666131985,0.75762166043,1.59227988295,1.14272471666,0.916418577192
2968,0.485936748701,0.183650459247,-0.237425142819,-0.517056127908,-1.83618260522,2.11893886941
2996,0.381248352758,0.815792651161,1.25070095973,-0.470515550122,-2.1453250646,0.584573742092
3024,0.0116964075861,-0.48116349014,1.04357998434,0.029403060501,-2.05099084982,1.74898998266
3052,0.112274433232,0.379867132317,1.53664127664,-0.082854752021,-0.50282857618,0.853694773323
3080,0.834695064102,1.9205708503,2.10322525995,-1.61023621117,0.463742532901,0.135949725168
3108,-0.474301932869,1.19370521846,0.0834836821845,0.682963230886,1.02491537926,-0.624335887061
3136,-0.473301020813,1.60853880808,0.40514522753,1.04292375299,0.174622487021,-0.340284803197
3164,0.613992157221,1.21848413474,-0.861347921193,0.715979833388,-0.282094789296,0.586883324579
3192,0.698724295395,0.983347389033,-0.166391406308,-0.258298618351,-0.964375970529,1.17819257644
3220,0.935116002858,-0.607933146091,-1.68754621869,1.97159845684,-0.170405715237,1.56987876083
3248,-0.159628707823,0.265294508003,-1.2914525839,-0.029892813314,0.625611667044,0.299929523789
3276,1.63424526026,1.05207640266,2.36664427107,0.320163729774,-0.0107970850178,-0.201193137885
3304,-0.222639683688,0.781409809371,1.18717465578,-0.0790618247379,1.19728397735,0.634889211535
3332,-0.630662845445,0.610869860927,1.10726478136,2.17852468823,0.141195036669,-0.551863620426
3360,0.460301650532,2.1958326489,0.5072106136,3.15084788816,0.849743844128,-0.690167217958
3388,-0.0979382921651,2.21923369931,1.4690593374,0.0945698064691,1.18796734513,-1.34097455788
3416,-0.0104465071099,-0.181194051283,1.00915483356,1.17002555169,1.50886647054,-0.22370952756
3444,0.141594320868,0.374226337654,1.25600206719,-0.456716763749,2.10458831174,0.150521867158
3472,-0.55318985821,-0.092812191842,-0.0105023112216,0.236494464471,0.144985389332,0.235188580746
3500,0.030130267486,2.4557851303,-1.16056134,1.72980355129,0.0545100673811,1.5674310005
3528,-1.14554629899,0.377514616527,1.10715901132,1.21618619963,2.26838798789,1.80121028607
3556,-1.92402052027,0.16439928368,0.188028006747,1.71197214816,1.94088753802,2.6580446
3584,-1.19305557063,-0.0698769683503,0.806170769423,0.612600466194,0.250429542662,1.58199731675
3612,0.78672900775,0.613025702751,0.331432773804,-0.373999853753,0.427061635148,2.06854405363
3640,1.11631991782,-1.15353709661,1.30986438466,0.922178334533,0.143761911424,0.35951780462
3668,-0.443790067822,0.351110524205,0.37371265468,2.13204195045,0.808667439046,0.117155762475
3696,0.90542553528,-0.400122278989,0.12531238669,2.53250343696,1.21390145849,1.65236441288
3724,2.02109662301,0.96191416677,-0.252388407483,1.25749643172,1.66221767049,-0.0330589135225
3752,1.77240933944,0.106506282361,-0.555657837944,1.54020447814,0.533823591931,1.27959649252
3780,2.07434342456,0.111882502445,0.859784474054,2.61189901283,0.906887421838,-0.87288852357
3808,2.45878225002,-1.04311864874,0.972026276813,-0.164082391157,-0.818745746904,0.269317262626
3836,0.325839652337,-0.505499822005,1.01012679162,0.824498813703,1.12535103748,0.768881487472
3864,1.45054791311,-0.138457495826,0.243954537059,0.349507328511,0.285236949403,-0.0898790892296
3892,0.320496541269,0.771426416939,1.66654557149,-1.07553944415,1.72373891559,-0.0225471017515
3920,1.05935622271,1.45200419699,-0.713806973129,-0.9608563926,-0.30630017673,1.32255986533
3948,0.315494478699,1.56008759839,1.32505380589,0.219514827351,-0.766117637819,0.781710012622
3976,0.106568449056,1.63066730825,2.06679990362,0.805450179554,-0.284332340173,0.792437959192
4004,-0.538356699482,2.52234534283,0.542058907287,1.22091344527,1.59227050232,1.61644914602
4032,-0.124097371113,1.45131798184,0.28586833746,-0.00450613968584,1.26912967362,0.567910872064
4060,0.882982360033,1.40721980228,2.11636056747,-1.22330342948,-0.429487495275,0.467343028959
4088,1.24528511634,1.6068875957,0.143239881599,0.08374695807,0.967338647546,-0.774647899864
4116,0.909902231712,0.462986252424,-0.057611669657,-0.0420850335457,0.683064037687,0.465939679549
4144,1.05450814582,-0.240448195825,2.12006679748,-0.0987097809093,-0.125144475661,0.466999034896
4172,-1.37316468634,1.21547617158,-0.510894388735,0.583917610705,1.05048070688,-0.130995707756
4200,0.646590865928,0.903863527382,0.406187154919,-0.226252494138,0.814879132733,-0.118583662541
4228,0.471162308128,1.10127574535,2.34396973121,0.714766254206,0.272067360505,0.753834354436
4256,-0.175684114067,1.22125321541,0.479766914322,1.80845809292,-0.199620827435,0.635420936344
4284,-1.05298579625,0.594541316635,0.431156310406,1.31478931887,2.00883876613,0.519137828364
4312,0.918791008365,0.16352443911,-0.294193262883,1.17434229122,0.518469706697,0.944250620927
4340,-0.572005728314,0.70029472062,-0.176121594701,0.601645926327,-0.10680477537,0.803300636933
4368,-0.12802081024,1.35005668376,0.30578319931,0.8610444461,0.233135853901,-0.689063766771
4396,-0.316207492322,1.28391152882,1.59566724741,-0.0696044014479,1.47220991049,-1.20580393225
4424,-1.58544277475,1.06511491589,0.844316550228,0.329958859776,0.310116445472,0.591103696322
4452,-0.357297352784,0.392516615189,1.88535096691,-0.300869069981,-0.434322139017,1.3726594112
4480,0.8397020546,-1.2184419583,1.33793311796,0.756638342043,1.03974795503,0.788384337205
4508,1.09202657579,0.00385068914582,1.95040155534,1.37223126353,-1.58203035208,-0.0866195165521
4536,-0.010430126045,0.745697891424,1.75552473036,2.17965188258,0.825840224625,1.46819151548
4564,-1.09529504362,0.476533510977,0.653732641828,0.637225759676,1.04032134771,1.26000856295
4592,-0.0669067746804,0.782749776113,-0.54619318829,0.294523541818,-0.594441913832,0.478254505054
4620,0.59704522375,0.713087344079,-0.378849577476,-0.228197178912,0.551274770945,0.0649498841494
4648,0.207360115009,-0.305065856349,0.888842609864,0.139207725444,1.579232303,1.17240044048
4676,0.669520238056,-0.639981346338,0.761939751557,0.874128473597,1.31754566903,0.26587185651
4704,-1.58902334839,-1.60850555101,1.58470280008,-0.897244968704,2.25620946024,-0.357681436355
4732,-0.132461700125,-0.131267715628,0.368569022478,0.91503549657,0.734449143582,-0.688211983586
4760,1.4073383279,2.85772124257,0.244029152681,0.631388653481,-0.934656748599,-0.750666267943
4788,-0.00261337686999,0.908643036963,-0.589160558635,-0.100449017761,1.03739930395,1.73308495702
4816,-0.127928503089,0.36411172901,-0.0575670631711,0.549851464851,0.645943523424,1.56302732048
4844,0.292788509716,-0.528914538352,-1.13304623728,1.15223205404,0.397207284397,-1.11966407202
4872,1.77555775732,0.234674942343,-0.148498587853,1.03001138416,0.450655419471,0.450618166762
4900,0.282554308775,-1.48479526908,-0.900808859015,1.88095200563,1.15077686993,-0.372030558454
4928,1.95610646262,-0.0188250691634,-0.386817006332,0.640516588854,1.00959833365,-1.45832018737
4956,0.835186058047,1.58626110166,0.0872764480227,-0.00482816652747,-0.212927009437,0.0248738918459
4984,0.0094824611986,1.3626974775,-0.706345425071,-0.205321847279,1.71613485421,0.809427379946
5012,2.07598785457,-0.401747510101,-0.0377212154764,-0.689534668644,1.83926008313,1.79843717136
5040,1.85275200757,0.280912887135,0.712418297567,0.19037703735,1.24017734251,2.84300855903
5068,1.02241759426,1.45519234543,1.20918547088,0.498298040657,1.41011959106,-0.217754505244
5096,-0.784062789157,1.1555197244,2.32938889951,0.332302848096,2.44293493336,1.66255851734
5124,0.441955499564,1.50455976538,1.5204886512,-0.0707165046319,-0.00229369621717,0.340740056419
5152,0.296353793151,1.00699183358,-0.134105536809,1.07162840105,-0.255294438012,0.721422612249
5180,1.93803345622,0.862135193769,-0.294022754004,0.208379323299,-0.684473239017,0.46914882538
5208,0.649492329135,0.222689974201,-0.301554421716,0.465023317533,-1.37103704653,-1.07086403474
5236,0.336534268921,0.25045632875,0.544860307168,-0.424162712183,-0.553223117797,1.376792696
5264,-0.980029463884,0.685066953265,1.0733817131,1.1501784423,0.200650045995,0.532802269082
5292,0.998925909862,-0.527125926097,0.195219028182,1.12874051714,1.49514060663,0.558112077766
5320,-0.397578570938,-0.21487893871,-0.0658887461936,1.48254395878,-0.092721490153,0.999794973172
5348,-0.29512108385,-0.418925243386,0.967931368278,2.31290559869,0.186120582552,1.72892086231
5376,-0.706779614042,1.03290249229,2.4196509761,0.00932327608802,1.78046321552,1.66228329916
5404,-0.0165640582298,1.05052276171,1.64333885072,0.344961267886,1.0398948846,3.09271327644
5432,0.626465135005,0.0514344677835,2.64431374281,0.356006172043,0.0439138103737,2.60195301166
5460,0.573696896605,1.45338529754,0.773468055901,1.41706056123,0.8367709472,0.636267999909
5488,1.12387025268,3.23442295133,0.110987453589,1.86198337503,0.92617264057,0.955533436588
5516,0.838607186251,-0.405771570942,0.235840766353,1.16150451708,0.428818217908,-0.106819552911
5544,1.7799097707,0.210453804783,-1.57156225826,1.75480370547,1.31405246702,1.86840146095
5572,0.381404539863,1.62229499757,-0.557226854133,-1.30397404903,0.0533920887209,-0.052616771985
5600,2.07892297986,0.443138371397,0.596868625416,-0.541848092381,-0.0758968176877,0.811746909753
5628,0.942777435734,-1.76359537088,1.25174424713,-0.563937882133,0.746528375965,1.56173892062
5656,1.78480051981,-0.404153248164,0.194222770703,0.942941335679,1.88574939415,1.30416809292
5684,1.9449519453,-0.0406386531936,2.04802861468,0.248970568371,1.61949699195,1.9912511808
5712,-0.036754697374,-1.05858260529,-0.00087168872928,-0.164643921049,1.37628011465,-0.130866948389
5740,-0.410538040608,0.39000770797,0.0799102931717,-0.827378135479,2.45923033366,0.240282438492
5768,-0.744200995827,-0.956269387252,-0.551991122855,-0.283803743515,1.21355344852,1.04057177097
5796,0.733167367377,-0.0953143742449,-0.485723101511,0.552344195368,0.685431310835,1.76900124423
5824,0.277869683893,0.144107208328,0.121028187715,0.0118047515496,0.830962407466,2.33163165015
5852,2.17849177287,0.722968853045,-0.74948451724,1.19838763739,-0.0482395878865,1.87726231661
5880,-1.20865521379,0.567538641435,0.649827801718,2.60677171819,-0.101484389869,1.78442474687
5908,0.783109510658,1.67769562212,0.524422267576,1.36330557791,-0.763444125513,0.769301163301
5936,1.04730991303,0.629152922487,0.442480685162,1.31607260843,0.865353838673,1.46003748557
5964,-0.534134720027,-1.333846977,0.394670510988,2.14462235651,0.825988816098,0.82634469685
5992,0.568949197093,-1.32463583587,1.41652971194,-0.50650724996,0.479802519492,-0.388993061558
6020,0.895651199736,-1.60966462153,0.695945929659,1.08274535796,0.159922942347,1.04595265245
6048,0.521376181221,0.0114386081342,-0.899355103132,0.187872331749,0.440392762623,0.0615059876699
6076,0.856246420848,-0.117652168712,-0.559821184415,-0.0678089196705,-0.619756443588,0.210049280537
6104,1.40821881702,1.62210374996,0.946801517142,0.965727428444,-0.813851049305,0.101277080614
6132,0.291322856242,0.561341336606,1.97079118355,-0.222010356588,0.29359245788,0.674293836588
6160,0.304088731413,1.81622644356,0.817371813879,0.592118019244,-1.06249448316,0.274566372179
6188,1.07125744917,1.64118371088,1.75669821545,-0.179194376282,0.668803262566,-0.285116343841
6216,0.0308154245256,0.863599603985,1.51682291076,1.07936904355,0.219463448992,-1.8739773302
6244,0.797142208842,0.267580123731,1.99708316008,2.4286830866,0.847954854835,-1.20803469017
6272,1.16650170652,1.22015491917,2.28964427813,0.339590828696,-0.000788095618292,0.955423758305
6300,1.59779472611,0.00773243452222,0.151421281055,1.49235778635,0.626241477112,-0.404690984445
6328,0.672427184267,0.49092303975,1.40298360987,1.54798960545,0.948675903007,1.09124073685
6356,-1.17642559465,1.50306324752,0.178959081451,1.12859264841,1.85572740234,0.0589802236604
6384,-0.338128432146,0.926989464012,0.189593248228,2.27826225503,0.482976488159,1.58705593897
6412,0.854399634338,-0.4803412093,0.36468570543,1.11023657014,0.251177306406,1.21096621281
6440,1.52042232045,1.05613677166,1.21894277928,-0.337276599966,1.2923416802,0.414379752034
6468,0.763029045341,1.06889298999,0.867725129958,-0.124291652776,-0.0962064111649,0.821939802954
6496,1.93709510933,0.759216832912,-0.48593739675,-0.434789935368,-0.478015020987,2.15537943304
6524,0.380366950485,1.14926742559,-0.590688082114,0.316584474604,-0.84880492366,0.262103423438
6552,1.85664316863,1.74318988379,-1.30394496999,-0.202367193734,-0.842383726723,-0.363752023644
6580,0.582051623393,-0.00215355999019,-1.44603549527,-0.807028632997,0.0207297243585,-0.934426564683
6608,-1.94702329994,2.35665623815,-0.214154478134,0.871586479906,-0.265160807657,0.223549926173
6636,0.0526181185382,1.38350512429,0.821941297412,0.576546671655,-2.86887333969,0.695116760728
6664,0.0435869679296,0.337582721488,1.96128681547,1.61432200128,0.0996512606933,2.14194566653
6692,0.396606787547,1.02055927626,1.33645632955,1.80667460606,-1.34131919703,2.3279705411
6720,2.58605474479,-1.29393934197,0.297528802304,0.233250669528,1.69421078061,1.11334914993
6748,2.03113420469,1.65713821606,0.619112722703,0.984526263939,-0.694157976912,-0.246123205274
6776,1.7426016625,1.94294566594,2.17170506705,2.02906807242,-0.308269189084,-0.0627422445486
6804,1.29879496924,-0.181350217973,-0.74866229526,0.698162217891,0.577547383066,-0.720929157075
6832,0.271133070702,1.24767596263,0.474377405879,1.29350470858,0.274221202505,0.570961257804
6860,0.44448414224,2.4975793807,1.82858281699,-0.00692622534586,1.7254446089,0.299987519648
6888,0.706979132114,0.754449700229,1.07627844638,0.532326341792,1.87822239794,1.46137927826
6916,0.0726202992912,0.723502788931,1.75064408659,0.738843858839,1.84600863111,1.18143621442
6944,0.690018413742,0.110008458961,-0.34314330191,1.33849433041,1.97497336763,0.263994862556
6972,-0.331222652471,0.850960140439,0.164135994063,-0.49127429653,1.57360911185,0.927200972592
7000,-0.685386929441,-0.82491991779,-0.494255448697,0.540722990791,1.1449857651,0.976507182108
7028,0.833748478455,0.259666899287,0.118263611465,1.02594529619,0.308476719394,0.393479403775
7056,-0.041645824976,-1.03158935686,-1.24157527723,1.66004888814,1.82612723943,1.83562994491
7084,1.5464982428,-0.66579714447,-1.05288743177,1.0866546057,0.841045204238,-1.61272298695
7112,1.65189774651,0.400541758732,-0.0803227046652,-0.763205317997,-0.274013178514,-0.107884064391
7140,1.14405399848,0.149383914533,0.112436942583,-1.074766351,-0.750081417424,1.901102051
7168,1.85196257072,-0.610917978631,-0.197703647875,-2.33596474052,-0.202976747973,-0.0214736014943
7196,0.418925907146,-0.357726746384,-1.1941663943,-0.587780037504,0.51013102233,0.0787649690839
7224,2.12995050659,-1.74574520236,-0.080653888665,-0.107739150597,0.871895698994,0.584427452408
7252,-0.69829546037,0.336564371179,-0.822407018718,-0.979614713276,-0.0294928253557,1.42072531469
7280,1.32158739932,0.165617573177,0.218197858256,-1.32253729157,0.228357556127,-0.503030044855
7308,0.847295067237,0.95799871756,1.30365834283,-0.123971556399,1.03724592108,-0.197603131075
7336,1.43089137178,0.970849145861,-0.393903120987,0.0381394956318,1.36383143533,1.14908561176
7364,1.04554815041,0.549730704003,0.563932323755,-0.18246614269,1.44716643072,3.00124703432
7392,0.767051128638,-0.0242367177506,-0.845408458515,-1.26206251923,0.930353771153,-2.21634053968
7420,2.46366684362,1.0853488227,-0.386713602459,-2.5792625137,-0.0750999435914,-1.40887342145
7448,0.422595594928,2.03287170997,-1.17370903522,-0.344349556954,0.268250230693,-0.986241050669
7476,0.848446602553,2.37934565905,-0.582546401068,0.384263007163,0.511492410359,1.40932540212
7504,1.3157475057,-0.180464500422,-0.0530212847785,-1.63191834003,0.958946035638,-0.186628345598
7532,1.17514958137,0.386395271049,0.371127419707,0.579761034585,0.449518107528,0.710682470973
7560,1.98102236849,1.27071247252,-1.30282561435,-0.142114998475,0.226769323217,-0.130934149349
7588,1.3997883758,0.0115227693833,-0.840484648226,1.42092190998,-1.05612857708,-0.0188220011827
7616,0.955021114139,-1.11680568632,0.60481156476,0.712739465082,0.562267342756,-0.652703145042
7644,0.0381984796776,0.300741346922,0.101928067662,0.438135740943,1.18794553275,-0.732658269704
7672,-1.22637959094,-0.546112415326,-1.49685783711,0.499435886222,1.65398205988,0.757231757943
7700,0.594916688895,0.904163360153,-0.909576827923,-0.525204381583,0.49940755682,1.10444792336
7728,0.834221216812,-0.228411177686,0.618819501146,0.148337496028,-0.121752681304,-0.0182870895836
7756,0.60574762799,-1.0732749235,-0.766066742843,-0.316393091602,0.951291798158,-0.970857472896
7784,0.358985849472,-0.327739570293,0.799146604782,-0.728674566528,0.317843676824,0.765562021456
7812,-0.86540788981,-0.46838580448,-0.761291938025,0.567794227997,-0.893576326614,0.471036662206
7840,0.8669078343,0.978982301639,-1.68502184588,0.0575129056579,-0.271232579718,0.410197768717
7868,-0.303597045179,0.997970507584,-1.14276218314,0.997822774071,0.515702725716,-0.313564000822
7896,1.94152505159,0.781327788507,0.0116891564617,1.31547188555,-0.636762303482,1.09380795522
7924,1.56832200825,0.713663778811,2.21772204913,0.226838485124,-0.673208075277,-0.134455717894
7952,0.963637546982,1.26324925245,2.08053515196,1.13994250003,0.108793241403,0.193527430645
7980,1.04606887736,0.838036511734,1.97094590484,0.48895986207,1.11284778206,-0.418125323672
8008,2.27865863846,0.230523010338,1.11800932036,-0.08075391025,1.11684969926,1.67447595054
8036,0.796909861453,-0.206941307291,0.902471718444,0.159056978292,0.303151650396,0.536708784201
8064,-0.356465913109,0.292071355745,0.794175684068,-0.0931139780753,1.82535851569,1.85616862553
8092,1.11487874644,-0.412492373426,1.03846541798,1.52331573011,1.03212150313,1.70952734102
8120,1.70406371521,0.520926368513,2.14198407522,1.67192446667,-0.777152956379,1.6700459812
8148,0.0857345775155,2.52549781508,1.95580014745,0.0206563370723,-0.63182465474,1.38990987036
8176,1.45272750964,0.684176192709,-0.914374493682,0.652651710862,-0.100334353274,0.172833099077
8204,2.23540635385,-0.139671730613,1.01927974568,1.01060342173,0.706648653906,-0.531841383375
8232,1.11305637663,0.969067154036,0.344340580739,-0.112172589652,0.198552627445,1.9045577569
8260,1.69047214035,-0.837123162955,0.0882993702193,0.25738399609,0.056930209337,0.132603117118
8288,2.40148323968,-0.160586714098,-0.775815216806,1.13993410042,-0.384916244782,0.584809656855
8316,1.04885618211,-0.883831543222,-1.44115553253,-0.0869827325904,0.196537187266,-0.92409660864
8344,-0.559027023706,-0.617900303532,-0.4235608336,-0.360284685118,0.402017978253,-0.780350887267
8372,0.318154580312,0.765402266302,-1.11179800438,-1.17184429613,0.883015996156,0.754263763266
8400,0.150093691014,0.391112442693,0.393761656735,0.654153788738,1.92151849481,-1.31443069543
8428,-0.415492580182,-0.59028192683,1.23510048353,0.912671389087,0.0698149882826,0.346680746508
8456,-0.788696207651,-1.26308063039,-0.0904767219749,1.40093468951,-0.213305146247,1.45109405811
8484,-0.606166032019,1.0272079218,0.682912238336,0.633386714815,-0.761475479456,1.28012206118
8512,-0.537704990638,0.19259092395,-0.0960316653235,2.60628200511,-0.388323476557,1.46263628228
8540,0.987375078293,0.672988963303,0.705832551107,0.212560587634,2.44610944398,0.891691834344
8568,-0.661107054537,1.05770737476,2.29255715034,1.75084195782,0.816670962625,1.04673164349
8596,0.134270020357,1.03588602664,0.973278620195,1.10900612579,0.0365288348983,-0.301614671563
8624,0.573829249149,1.16035297101,0.659011576774,2.42446505328,0.637062610944,1.87735372104
8652,0.524113674547,0.475787190484,1.54567370591,1.02378617762,0.859236457862,0.56719449177
8680,-0.103049610943,0.439687364188,0.474712907358,1.38452232432,0.594746161999,0.677824490562
8708,1.07310815755,0.896890857307,2.9351076149,1.99301133837,0.895130579341,0.377817038431
8736,1.46367753055,-0.698298753684,0.248464373381,0.0322640813179,-0.667987453394,-0.0181145116503
8764,2.97924977998,1.01949062822,0.206018441901,1.91758654536,0.672894523733,0.652941592536
8792,2.57820556148,0.678930411506,0.143821930718,3.24084072667,-0.483299569505,0.764844905307
8820,3.0079446769,2.36272397808,1.90112940527,2.39479029948,0.508631373543,1.24519505205
8848,2.54686956443,1.08624142916,3.57534456944,1.95241968792,-0.460946012612,-1.26115045472
8876,1.22411190122,0.631863805458,1.73018119493,3.63546053758,0.786741971378,0.57670011988
8904,-0.530780103962,1.01496880805,2.21696395942,0.856616702456,1.82588477683,1.41773778969
8932,-0.46818729757,2.04234406311,0.868333855256,1.29949112203,1.29140561609,2.41311397017
8960,0.392197553602,0.226045112782,-0.578902352778,2.0524512298,2.2124555745,0.713082259524
8988,1.34771241246,-0.796050803264,-0.972017706144,1.37727652994,1.53027400681,0.679910108519
9016,0.530944454395,-0.592183502288,0.123850849829,1.77316616318,0.472691211736,-1.15185995112
9044,1.34890406296,-0.0439578094815,1.54488678904,0.262865288698,-1.16735320866,0.99594501554
9072,0.238299946318,0.16588510724,0.318047771688,1.47434513518,-1.40855655335,1.15300060788
9100,-0.756190403904,-0.00670724722338,2.45444979351,0.653770094851,-0.801315494992,1.52403394085
9128,-1.1372478903,0.387338723693,1.8770132233,-0.733630974819,2.08284394478,0.149834245967
9156,-0.708553614382,0.776211741934,1.8200063566,0.217214304258,0.376654429819,1.29734035978
9184,-1.47230335907,-0.509419677129,0.987975908251,0.6076116301,-0.564924776254,0.103090865902
9212,-0.427418230306,-0.288371433016,-0.206344883957,-0.0708319284035,1.23111802551,0.941806101444
9240,-0.978185297171,0.15016533374,0.279317767815,-0.00400297935371,0.10017241217,0.453800432823
9268,0.0378231816829,-2.03568553169,-1.08898281621,1.3398263655,0.423156212395,1.17752989002
9296,0.242450667036,-0.767003492239,0.289006286673,0.661525585617,0.079307239208,2.22206576183
9324,-0.0936143251638,1.22347422519,0.258454899692,0.571821566483,-0.0611943934564,1.73426722227
9352,0.788188521304,1.20797793861,1.16253510696,-0.42559019518,0.379959723842,0.275696275484
9380,0.0513565362365,-0.0339086392198,2.29623692328,-1.9037067133,0.0204872563174,0.0755414333793
9408,-0.335744282368,-0.367237470019,-0.350521975427,0.174165825064,1.75253538021,-1.7118456641
9436,0.948726839624,0.799741798221,0.685564495431,-0.248299097388,1.05973865459,0.40575976719
9464,0.681131800461,0.658091108566,1.32089062259,0.505889650044,2.15085178065,-1.11917754243
9492,-1.08616213626,0.315204793727,1.88271259933,1.05371208805,2.11001575631,0.0595295243833
9520,-1.06604281867,-0.24664857072,-0.118236288776,1.65018805816,1.87823733064,1.10110827338
9548,-0.562398807283,-0.147535816394,-0.562593733777,1.44168728593,0.116501675521,0.936953947616
9576,2.17765270806,-0.396681827769,0.26268327706,0.729796979735,0.712338921446,2.13331010686
9604,1.45966007541,1.63547176109,0.617742716356,-0.209550677433,1.11088580073,2.75367516143
9632,1.77889128671,-0.117026267586,-0.294200303585,0.724328794834,-2.07672011909,2.2722373695
9660,-1.1440102172,0.726303042241,0.995564537044,0.390106588317,-0.561070714407,0.786362635807
9688,1.95248216888,1.66752568325,1.82774578865,-0.829379233479,-0.0295678555937,2.08912294297
9716,-0.949499192962,0.514725479592,1.71169349349,0.649722859383,0.49158423319,0.666440006972
9744,0.4673635249,0.556781100588,0.353748053213,1.39056688798,1.18182850458,0.54402351217
9772,0.718958979578,-0.415612938248,0.641940740685,1.15024411562,1.68405074236,-0.151883332206
9800,-0.685869217024,-0.277591816149,-1.09191539259,0.996382895354,1.35815310782,0.329248112193
9828,0.0944599973515,-0.315689533761,-0.644493672285,2.79460724219,0.904345703953,0.495828707767
9856,-0.0703652793042,0.760527594131,0.380589761717,-0.209159650798,-0.385592603552,0.142080086124
9884,-0.922861235261,0.0978439609613,-0.419411979578,0.609699441359,0.675485407673,0.853287851956
9912,-0.72672232158,0.426463236873,-0.229538492229,0.48896112457,-0.168680553664,0.462846403437
9940,-1.52986825471,0.572870757657,0.804933125779,-0.477742910072,-0.00738133735651,0.0836329348477
9968,0.462134325631,0.91379365879,0.974662087752,0.0228550815369,-0.147276452002,-0.776228711629
9996,1.56107303165,0.410072138377,-0.259766890499,1.12997842121,2.69194387466,-0.86807329107
10024,0.346807226612,0.996978674791,-1.13140623532,0.587846743482,-1.37445187754,-0.696434500137
10052,0.469857712999,0.891474122448,-0.0215379733519,-0.903235259871,-0.61334998092,-0.0565381914034
10080,3.2523954066,0.973552955511,-1.25735021519,-2.28865748511,-0.34071017343,1.75487785331
10108,0.779880762422,0.56533877613,-0.948359556193,-1.63312592166,1.07272358525,2.19420373688
10136,0.730626744748,1.30550141755,0.32264377062,0.366385094931,-0.17271771325,1.57337431826
10164,0.157778163758,-0.977260972387,-0.3998037543,1.12459091731,-0.878078483308,-0.506531872717
10192,0.0337399390879,0.0134213836994,-0.274946837925,0.12653609316,-1.27393683102,-0.142804024352
10220,0.338626439555,0.523652573023,-0.671228841262,0.492597074586,0.364438421184,-0.748197372097
10248,-0.146729948299,-0.130839832981,-0.214823151424,1.23953215157,0.655064700911,-0.711942668842
10276,-0.0152387874058,0.0663839459726,-0.100216791595,-0.256998727831,1.97189604907,-0.740416732232
10304,1.04193005725,-1.08362551033,1.06880221896,2.37774953587,0.778961163481,1.33351689422
10332,1.45233206532,0.759265168433,1.76417442224,1.15733223063,0.622525892807,2.03091123567
10360,0.40279963394,0.957190067458,0.832527843301,1.05706352292,-0.701200229253,1.43461897059
10388,0.370004234501,1.76766933116,-0.779438843675,2.8386791619,-0.304541603816,0.800879029305
10416,-0.453769410608,1.51473921907,0.35862923193,2.92507862249,-0.65796345019,0.814765562383
10444,0.754874440075,0.162682013611,-0.145816220647,2.26091051002,0.743555848605,0.585656317435
10472,0.884667671929,1.6894962904,0.0150721934088,0.40056394672,0.0718208906763,0.313976096121
10500,1.2577607216,1.71070437124,-0.47057917597,0.597917403895,-0.0162431962057,1.22242331309
10528,-0.934013392952,1.5831166889,0.497593330033,1.38107647211,1.01733461339,-0.214383593012
10556,0.717536082371,1.01284984467,1.07638039305,1.30723318832,-1.18001587453,-1.74612891859
10584,-0.989264594419,1.74978692436,0.884687052023,2.379466533,0.366176095596,-0.644557390617
10612,-1.71872549966,1.52406867979,0.325587955321,1.35410627217,-0.288561920303,1.28963121749
10640,0.0221896019847,2.23014284752,0.0324832097168,1.17501168295,0.805360460697,2.38660168204
10668,1.58158212004,1.2168157396,-0.216907100392,2.05816328158,1.42871145207,0.697283034831
10696,1.01272042141,0.158429940177,0.412554023103,1.85298513609,0.542321610439,0.84243498416
10724,0.980295547526,1.22289101045,-0.775729728665,0.437082709126,-0.571243031413,0.754279724153
10752,-0.125940019953,-0.95404922479,0.862755606453,0.612374825205,0.705124995816,1.54383463175
10780,0.12274892039,-0.711889131008,1.40838824575,1.52132041891,1.23041789476,0.864821156534
10808,-0.8103952735,0.80612911977,1.70513409222,2.33985018034,2.68520893203,1.55119724976
10836,-0.621365500143,1.81359135253,1.72378279516,1.16938083692,-0.0851305590247,-0.0206852166054
10864,-0.473247533356,2.02228033172,0.507075616997,-0.467848393534,0.886941125285,1.37616968478
10892,0.530135481676,0.513838697834,0.785427964717,-1.02683908671,0.0663548565918,1.23068919003
10920,1.53842274031,-1.10610945119,1.58614836873,-0.254592180074,1.22644794776,1.32080966039
10948,0.510237204588,-0.325640433352,0.362572689874,-1.48950618934,0.0178996769154,0.974016569035
10976,0.53944812746,0.892044698339,0.147156629867,1.50418506152,-0.505910431323,-0.0398034064037
11004,0.881191105912,1.92003668939,-0.858762341825,0.226877806584,-0.730322306564,0.538492961788
11032,0.769094629386,0.514244941683,0.484792024358,-0.34431540332,0.812474371609,1.80891986505
11060,1.16655250984,0.977479413113,-1.5861122902,0.871350662823,2.27024139447,2.53127952231
11088,-0.682268308079,-0.0514658661229,-1.17129077248,-2.02102122668,1.64522524279,0.67533999196
11116,0.101704371096,2.22158966332,-1.79047838561,-1.58086637779,1.01537879771,-0.0175463551626
11144,0.801800203818,-0.250191883015,0.109925688784,-0.825939864257,0.0298548211913,-0.868939885494
11172,0.853817096655,1.05957426087,0.527532828893,0.385571760205,-0.156167106122,0.183315857548
11200,-0.0622383290744,1.64231530537,-0.340174170048,0.267956778678,-0.351661810882,0.296350494473
11228,0.741502805356,1.6574889445,-0.648803639484,-0.703220876106,0.659964002842,2.31335730879
11256,1.13118314408,1.92235050189,0.345430750469,-0.659393861668,3.27106623832,1.07902678336
11284,0.0891647140676,1.05753458425,-1.29464966976,-0.318166852834,2.91819587144,1.78896358857
11312,-0.0733286137332,0.935952592414,0.444577214384,-1.61112085616,1.55554134334,1.58383323954
11340,-0.836109026054,-0.181742110323,-1.33883028301,0.131884825889,1.72618741632,2.67123835781
11368,-0.0634107778382,0.469140415146,-0.784178492092,0.248913466144,0.406023993652,1.3888572962
11396,-0.231503858728,-0.203536024926,0.256496107596,0.625276365748,1.50398785519,0.682223697489
11424,0.46785244678,1.16397545023,-0.403675755601,0.952699813156,0.400573897882,-0.76741305718
11452,-0.273335974244,0.992088736994,-1.49414927574,0.0942284670776,-0.605694549729,1.08584416352
11480,1.46371918311,-0.00606725565536,-0.698484032931,0.342046494692,-1.47570782305,0.568082767739
11508,1.41448397941,0.426592807153,-0.316405805428,-0.347146593928,-0.21829705054,0.470130084999
11536,1.86507698533,0.602426276261,0.00645256863663,0.859884821624,0.561793844712,0.695496023451
11564,2.58151428515,-0.310182519793,-0.924732563643,0.701229777476,0.932634698125,-0.447759094071
11592,1.72912138045,0.947823479924,-0.636977270112,1.67379123533,1.71111491712,0.635723345246
11620,0.874516119297,-0.455569698652,-1.51177207155,1.0920623532,-0.95909071024,0.858929142321
11648,1.35553598392,-0.287578815223,-0.727243150491,0.771023631611,-0.733744665484,0.882197290309
11676,0.302745196676,0.446890798398,-0.967561962108,-0.129296396919,0.144846729628,-0.0408329626275
11704,0.828673211372,1.86452072907,0.490903039608,1.67525540022,-0.154649156815,0.439193143874
11732,0.672697438465,1.5040863559,1.40787095321,1.59601604248,-0.557618150805,0.136089230421
11760,-0.91570505697,1.86583099769,-0.155683889551,2.18422083905,-0.885487757824,2.33327063055
11788,2.03910352638,0.645069188104,0.956802321628,0.756742653543,-0.653153768152,2.00940256288
11816,0.808148825445,0.0777095460815,1.08095593761,1.6903427285,0.119338975064,0.682327142196
11844,0.500793604739,-0.650426782684,1.20507400023,1.91424150242,1.60944254056,-0.556776046596
11872,-1.84568740433,0.537966551143,1.40024007546,-0.107679662462,0.993736969627,0.981699261247
11900,-3.49817777158,0.485497358753,-1.09344105638,1.04065139778,1.53467671104,0.0609445688588
11928,-0.238960889462,0.237562445485,-0.609440620269,-0.177375163737,1.16515482702,0.515609250447
11956,0.00722282581435,0.225047523642,-0.30608837356,-0.761716800982,-0.277007447354,0.603737007013
11984,0.0974946198286,0.165512600084,-0.235442949037,-0.0535478152643,0.775656366662,0.243731588037
12012,-0.499131740494,2.48520625911,0.395099428577,-0.0655184532379,0.891073575817,0.853004138721
12040,-0.26705166759,1.69369662911,-1.01669982297,1.21933770737,1.08971015437,-0.113837548062
12068,1.03121022995,-0.344806662443,0.323565864038,1.08783201519,0.462220142629,0.429651094466
12096,1.6307124905,1.14701561407,0.749276723796,0.349761599444,1.51585546057,0.211116658024
12124,1.73931474365,1.41871981335,-0.16521698534,1.19169417479,1.40068667516,-0.920360190675
12152,0.727006981646,1.49398988173,-0.680742019688,-0.15575159719,0.266337136592,0.880058340853
12180,0.0157157133268,1.84432191589,0.47115227936,-0.615177011236,-0.75037054619,1.17166440079
12208,0.549383220316,-0.607547151826,0.741778886949,0.862278589449,0.629192128467,-0.994406656604
12236,-0.483692699443,-0.0836321116101,0.873513873466,0.560854246702,2.344971158,1.27528540833
12264,-0.801873746937,0.271568826389,-0.92110977224,1.96573260483,1.68209255952,2.27518827658
12292,-1.2453955323,0.38201705768,0.284922806858,0.18021011037,1.06948066121,1.5830982631
12320,0.921176641905,-0.404983093388,-0.838402710055,0.269244310374,-0.0866585847925,-0.393546781451
12348,0.426173495631,-0.42106509072,0.520025639446,-0.558632934592,0.813858453342,0.554407228575
12376,0.00154506370286,-0.545352584905,0.458411971579,0.423573422988,0.936054858291,-0.614895811809
12404,-1.55491396114,-1.27678223492,0.245833671396,0.815809679175,-1.02954974868,0.657414393203
12432,0.160889480492,-0.741804922314,0.763477048315,-1.73567537518,-0.514643713048,1.67681636129
12460,-0.142732332698,-0.341770049521,1.23125232481,-0.384801268699,0.193860525134,1.91768284878
12488,0.52303150856,-0.430905984762,-0.24135384518,0.48422176116,1.29799546282,1.1390964219
12516,-0.807703001384,-0.639106142595,-1.19318207803,-0.64953088576,-0.950584353185,1.11625880627
12544,-1.97405984115,-0.733111245162,0.125916324032,0.921517568132,-0.430445997092,1.13582158714
12572,-0.0236247013608,0.441215047895,2.77422682185,0.271810369945,0.383972503096,0.198440959015
12600,-0.183791498587,-0.0558522407325,3.27354220571,2.23095867736,0.693796326795,-0.161598444585
12628,0.420190168996,-0.481044556429,1.71866231677,1.91417079092,0.726025303112,-0.344522665866
12656,-0.490781699588,-0.348641815376,0.375475528974,1.82724629101,0.455864634643,0.0708959702579
12684,-0.981099189943,1.86958139012,0.64428275848,-0.273705869513,0.801136932752,0.567346726049
12712,-2.05043105102,1.00108660911,0.709610149074,-0.24627930196,-2.48457341314,-0.252999460892
12740,0.185625590444,-1.11638830178,1.31445715968,0.371702889339,-1.38227914727,-0.816219734916
12768,-0.663059087048,-0.863233116359,0.865456514638,0.110141535022,-1.64052270481,1.13799516414
12796,-0.19504048682,0.641862284718,0.326192015968,0.1396821218,-0.206605129232,2.0605837408
12824,0.716300605596,0.320010662142,1.07352968686,-0.499693383548,-1.00445812583,1.60804514978
12852,-0.101063108934,0.858296081907,0.528316055737,0.646129591567,-0.0331925261319,-0.178691589623
12880,0.596082299503,-0.542606387379,-0.286018192205,3.19826604507,1.11150093319,1.28877130122
12908,1.05699395679,-1.10529710648,0.217764814567,2.80798576492,0.0698368725847,0.88064684175
12936,0.0288474973343,-0.568215858087,0.805210102862,0.102451730614,1.57212386471,0.452131518101
12964,0.181264785091,0.240401823595,0.0810920309492,1.36175941245,0.53872264227,-0.339176249762
12992,0.278153386635,-0.587633963809,0.339817679453,2.69251779644,-0.072405344901,1.07189821384
13020,-0.213445298384,-0.0866246756332,0.801790513886,1.48454063951,2.76619813316,-0.214562322651
13048,0.181919147833,-1.69889691249,0.0448938640543,1.84404804685,1.53330075354,1.47063274152
13076,0.727625553555,1.18217349134,1.79303499922,0.251342204613,0.86210126913,-0.325300003171
13104,1.67131104815,3.02969777944,2.49836423999,-0.396329618015,0.795414195167,1.23502067345
13132,1.02742103823,2.41862146699,3.51461255593,-1.04185330319,0.378187328623,0.873772847728
13160,1.31860714206,0.668290506459,2.58896191358,-0.58807573804,-1.06124859184,0.31686926877
13188,0.715189053322,-0.515196928608,0.926318489484,-0.331490189258,-1.22256360697,0.873162719109
13216,0.906854233262,1.40049716367,0.838422357902,-0.00398459353366,0.949014392485,2.51153797795
13244,0.810602930096,3.11488805795,-0.282227351177,-0.043991108955,0.689065230176,1.01494612365
13272,0.27019505797,2.08466131637,-0.981474006358,0.404383778138,0.737173625972,0.0452132232119
13300,0.740510316131,1.77974438365,-0.63839358482,2.28088015017,0.0659409000598,1.40268707605
13328,0.614830772599,1.28371871998,-1.95270607771,2.17228515809,0.491409786764,-0.0641289744456
13356,0.988945071985,1.82536437569,-1.44049027226,2.02615812464,-0.0431404777171,1.06059331643
13384,1.77131182733,0.76093863774,-1.38025556307,2.29704621652,1.13872215609,0.64328731211
13412,2.97507507115,0.437672507309,0.335223247268,0.693977255112,0.100790722145,1.09693918603
13440,-0.41397857343,0.88299530584,-0.077437885246,1.0629449984,0.0443331862126,1.69373285142
13468,-0.610380101004,0.819156101717,0.538424685045,-0.446416624616,-0.302987830819,-0.220466234709
13496,-0.0369512171681,1.82231654323,1.02110751675,-0.509335087737,-1.45266871064,0.262921604329
13524,-1.49252028383,1.66544185197,-0.0795495129082,-1.02688122648,-0.741113300634,-0.0525889766935
13552,0.991313950172,0.942260466001,-0.0373888631299,-0.293941272472,-0.924896316987,-0.184511265748
13580,0.236835728859,0.747489607519,-0.0124768442595,-1.00169488708,-0.392606562406,-1.18849520586
13608,1.15379046972,-1.52363954373,0.539652322386,-0.168438926126,-0.789252180023,-0.0286496143321
13636,1.09116217819,0.451793788216,0.526716494304,2.40525909935,1.15815745263,0.747358624393
13664,1.32509964286,0.154925009261,1.87697149685,1.21426039449,1.36239268854,0.563959994806
13692,0.424071407062,-1.32922863273,1.5978162391,-0.104154555691,-0.617136434456,-0.425466873659
13720,1.01756532457,-0.71723262296,1.17494091666,0.865108972795,-0.0339231064774,-2.07182511498
13748,-0.614426807544,0.247529882784,1.61447170786,0.664015784237,1.3003891431,-0.889452804911
13776,-0.130961078817,2.51836687165,0.254917206088,-0.263363311718,0.875193083,-0.157814087851
13804,0.0356646880845,1.3104154686,1.12094237617,-0.480513614203,0.500458381295,0.00255807055235
13832,-1.45671978044,1.83788415747,2.59282331675,-0.526415516785,-0.278284435053,-0.880481693392
13860,-0.546326768671,1.74820514656,1.78602168473,2.71907987207,1.33803633535,-0.963329671934
13888,-1.26146923946,0.47990070219,0.410274765744,0.284840729395,0.0235681805986,0.151351517271
13916,0.994093891348,0.0488922811862,1.01032175451,-0.119893291561,-0.531458203882,1.52369825101
13944,2.08089135219,0.926296840748,-1.04591580646,-0.335271027235,0.514961006956,0.449915866709
13972,1.69547526805,1.0120211267,1.49886247413,-0.403588112725,-0.550891826633,-1.1215491715
14000,2.4596855875,-0.0374153752321,0.231807106239,0.651878157818,0.672928872321,-0.0581535195793
14028,2.07402970372,-0.741288492404,0.694606659438,0.40563385899,-0.410721070181,0.328318709905
14056,1.84286293725,-0.658158478026,-0.226199953761,-0.146560904157,1.42379272993,-0.595270472453
14084,2.22163295818,-1.85339553195,0.616742167545,0.0606966301321,0.931582167989,-0.4895964976
14112,0.634438047767,-0.414587485507,0.155341819197,-1.58621625502,1.03875928105,1.1005254728
14140,0.61846509947,0.608251252495,0.500944065264,0.256807523452,0.561116431823,-0.719148177536
14168,1.57454410164,0.573040080996,1.26642988901,-0.0275286042116,1.86376013047,-0.937891070994
14196,1.00130718257,1.27438430728,1.17704701237,1.46486032745,1.15840665656,-1.44300582272
14224,1.53424852238,1.22840965801,0.956564165072,1.33500403839,-0.136645869368,-0.99621373059
14252,1.69570545613,-0.288826875771,2.67603908198,0.747942922031,0.345676042461,-1.33042104347
14280,0.775131465262,-0.00854277964506,1.42624971065,1.54946770727,-0.0252119948497,-0.0216656963449
14308,0.371183560861,-0.0503071359532,-0.0300308756555,1.64665440359,-0.239577975686,0.0933251323177
14336,0.651699399441,2.59087533099,0.901053128008,0.530414881173,0.842413480375,-1.46342776259
14364,0.268256803535,1.14626019823,2.35025564364,1.46627925279,1.45917548881,-0.737936581026
14392,0.612082951346,0.454379182929,2.45947115186,0.322540106127,1.63097046273,-1.3061607042
14420,0.329323218325,0.823451027955,1.41766294041,0.543587929605,0.973335290378,-0.404769078749
14448,-0.626152227072,0.66691661989,1.34446994908,-0.450773798976,0.350706177708,1.82843819622
14476,-0.887514955055,1.77402319477,1.33326854494,-1.04318164899,2.10727287203,-0.75480745445
14504,-0.0654614919607,2.00885690888,-0.203541201356,1.06570625268,2.30154506413,-2.24288627548
14532,-0.819695796747,0.639800834178,0.283485056902,0.810204728327,-0.179223856433,-1.38285454052
14560,0.175726362147,1.68139559327,-1.87731104067,-0.406052628034,0.936919054639,-0.983368707137
14588,-1.08559205276,0.552637364799,-0.371533804043,0.685104512517,-0.180087869166,0.317919049913
14616,-0.0804830456626,1.15936238832,1.14818928684,0.406696899941,0.00370688963667,2.65227625601
14644,0.394980873115,-1.0308417763,-0.245385660619,0.309722746792,-1.7234025403,1.20690904608
14672,-0.328941322817,-0.768733214101,1.23796838534,0.586048084458,-0.0299508161773,0.0444719632964
14700,0.165337340218,1.19339980942,-0.644072595823,0.262662645486,-0.19553726999,1.22573969842
14728,2.08584163717,1.38380745078,0.678482605997,-0.315901026244,0.106327647455,0.908665279526
14756,0.315763329625,0.945490318198,-1.21287295715,0.0666788169122,0.589395165578,0.753892937511
14784,1.77259399264,-0.534823041631,-1.05135721349,-0.597855678914,2.30224419228,-0.0432061226257
14812,1.34117572251,-0.782511729433,-1.45180774105,-0.0723031695728,2.71085699009,-0.787296314741
14840,0.994613854669,-0.135104876726,-0.186618463222,-0.161221766169,2.43815640016,0.0830155681482
14868,0.0301920430261,0.71327010726,1.06712682289,0.704476701311,1.14256567063,-0.364100367271
14896,0.410192844492,0.636825390785,1.7121309634,1.44126695431,0.342528840836,-0.53459704113
14924,-0.414771038273,-0.535647560168,-1.4557682019,-1.43162218838,-0.429331787929,-0.709100805748
14952,0.916030575956,-1.33778934797,-0.213276475411,1.06168230413,1.22123113653,0.172078261356
14980,0.134334754814,-0.85319408712,0.811622510993,-0.23681616352,0.273819709626,-0.498643449884
15008,1.43621610557,-0.610776699389,0.551614455735,-0.0898647603545,-1.34911496179,0.673225255833
15036,1.35856176632,-0.0832727559775,1.08187964701,-1.04435873471,-0.332517312975,0.112383391956
15064,0.654164403896,0.326619452412,1.04182331714,0.652079011268,0.936879384971,0.555133765101
15092,0.214535353645,2.06998378649,0.593669527998,0.401218585938,0.814987732572,1.1149883481
15120,1.17637289419,0.420069984983,0.434526803177,-0.0622442683198,0.49033862013,-0.783524573851
15148,1.39349250031,1.96106749572,0.197972948628,1.68672128212,0.591579992898,1.09326103603
15176,1.00029865351,0.462527740205,1.6095478364,-0.0269470123491,-0.827526449082,-1.0666503408
15204,-0.36931663074,-0.706205246666,1.02570576696,1.2701249109,-0.357938938252,-0.390540476313
15232,0.862296124048,-0.674849066674,1.95917318066,-0.319017368326,-0.077752113865,-0.29624532741
15260,-0.736828978287,-1.31333674253,0.737368183057,-0.937739782711,1.33642635672,0.242915269805
15288,0.272553499179,-0.194490279663,1.3693094389,0.758182497499,0.822375124574,-0.391236612426
15316,1.72177466197,2.40837405341,-0.164296872554,0.570288508442,1.91429090724,-0.288145585628
15344,0.0118092959502,2.20520446252,0.378645278319,2.10128103693,1.23416721436,0.661575753506
15372,1.46117427195,0.685442537934,-0.602975680578,1.50480424803,3.42242467189,0.299373816926
15400,1.77713208962,-0.982027611329,0.595852211851,1.36469641797,2.24722970661,1.82557880336
15428,0.143117009197,-0.621331827245,1.16769412337,0.529707977933,3.36593966908,2.7706979841
15456,0.174180674118,0.684014569519,2.40863006288,0.556441445529,3.52920322111,1.16067079137
15484,0.0782308563921,-1.42958833239,0.156501679008,0.392640765231,1.72210925466,0.967690205944
15512,0.0298445002419,0.783726837042,0.255245418783,0.546288650424,-1.19837154202,1.22043233181
15540,0.522518547643,0.162919915634,0.50297071093,0.243579559801,-0.0596750198718,1.19306921933
15568,4.26397534651,2.37573180016,-0.269910646481,1.16760312763,-0.55338150928,0.808321826325
15596,3.43724821366,2.02693640842,0.379143271194,0.760725183487,0.21326106203,0.861852694577
15624,2.02540560183,1.17002068761,1.10489624858,1.11900603357,2.85408825883,1.00974372539
15652,2.03052520615,1.04527821035,1.47109420821,2.10382059848,0.992040745523,0.278033894829
15680,1.06562475683,1.38898457475,1.00059951575,2.58522892459,0.750701898256,0.83810813706
15708,0.34888801911,0.870584318753,-0.276789235996,-0.159066562923,0.0881901721128,-0.353231875458
15736,0.328164956928,0.624667451745,0.926042996672,-1.35760216246,-0.57392736712,1.02302644997
15764,0.316255535984,0.0441046523275,-0.22671131297,1.912807628,-0.447253500878,0.655185214392
15792,1.13357613367,-0.2439626239,1.29626774042,2.42533687735,-2.62878104549,1.05626727611
15820,-0.320322584715,1.14669344828,1.17274207134,2.38867292086,-0.29935104964,0.0165880961067
15848,-0.0289160053933,-0.336463801076,-1.52200725499,1.3135119116,-0.521049859974,0.588129849969
15876,0.857266524466,-0.0813035112353,1.59500889301,1.14518947785,1.94778900384,-0.0020187094491
15904,0.27401579908,-0.606518686676,2.03309809397,1.69401281954,-0.395331312787,-1.57193191956
15932,-0.134811915896,0.0887025601412,0.664268561484,-0.00935068928911,-0.161029296663,0.145656542255
15960,-0.908979350646,1.78206855422,-0.805116784744,0.557993854829,1.03175575627,0.539596136138
15988,2.00016665545,1.86318231281,1.02456812336,-0.173819435357,1.0087910905,1.19122691786
16016,0.0627023066746,1.41768290865,0.996377641064,0.275319547123,0.100490110854,1.54698646469
16044,1.06990191499,0.055958031877,1.46679141143,1.11682080624,-0.619177131535,0.534659315696
16072,0.249816388962,-0.6425211488,0.988552430785,1.80008422672,-0.0860513387174,0.644040093648
16100,-1.10351197842,0.0631066155466,1.81270880125,2.21424050605,-1.18086206829,1.5650392837
16128,-1.47538306789,1.30042940302,1.51266699747,1.52868504611,0.0893533524103,0.98412579886
16156,-0.965912574623,0.964391716805,1.23061178197,0.521152380076,-1.17391299377,-0.290020432361
16184,0.154960732468,1.5262004004,-0.202267291443,1.92540634948,-0.0371375265906,-2.47432313264
16212,0.88056581632,-0.0614004354511,1.04818563431,2.55646987469,0.31680782065,-1.90351477019
16240,-1.21890623333,-0.327561596632,1.65278870305,-0.0301028147397,-0.278694748877,0.155205248053
16268,-1.43491299601,0.175113843993,2.0773804442,0.159109062077,0.63799653561,1.25706461678
16296,-1.02310403107,-1.21981655229,1.76633894452,0.0812248445433,2.62143333953,0.48803905055
16324,-0.551255174068,0.717446582718,1.4427099242,1.8697570957,0.850944057815,0.908340270676
16352,1.72021750212,0.857682329542,-0.65849914389,0.613102467389,1.30649926291,0.789640263677
16380,1.91799900955,0.790610600754,-0.961727216439,-0.546220303075,1.49159917506,0.231522684193
16408,0.0901642720344,-0.268758037447,1.5754699258,0.66673205595,0.420618717075,1.80824212819
16436,-0.065831678944,-0.570541365685,1.19123289561,-1.10738754494,0.586607515959,1.00076807107
16464,-0.728899580594,0.371623535366,1.53445669909,0.178444727192,-0.091989350947,1.46027107763
16492,-0.681725357983,0.331435783527,1.39895585435,0.451992720015,-0.947701178297,3.20859489378
16520,-0.0436640780917,0.481482505717,0.732296343715,-0.647002022619,0.516633862252,0.880882150993
16548,0.949532205452,0.583109559382,2.66904957213,-0.777097048487,0.995765079638,1.50868690214
16576,-0.35993877631,-0.702503322695,2.13703019385,1.11244381998,1.08478026467,0.993224554471
16604,-0.555658932134,-1.16444638038,-0.522320783179,1.86414275122,2.26478663103,-0.676215934209
16632,1.21771938494,-0.216011255293,-0.762797893926,-0.0423279244924,1.90533795959,0.398508555249
16660,-0.587751387516,2.6179288379,0.65162852638,0.751759152428,2.62881132049,0.0289206929205
16688,-1.48438054093,1.69393849829,0.263312120815,0.906945827556,-0.441902589652,-0.274104836541
16716,-0.848872184117,0.816129200399,-0.505891315412,0.113017691001,1.57859312929,1.04393105659
16744,0.246770209068,1.17619886897,0.230724692856,0.539616042402,1.42077161229,0.134055047641
16772,0.347810376019,2.50481558349,0.36449092945,-0.10507226764,0.561275888059,-0.00268340358993
16800,1.38185463705,0.417772175083,-1.01863446569,0.798863319124,-0.760449410281,-0.312726947402
16828,1.27518095606,1.66607914573,-0.86797175725,0.28319725636,-0.432003328866,-0.321337087573
16856,1.11771756597,2.25639607661,-0.126502070793,-0.0842880463456,1.57770693506,0.00290770122832
16884,1.84151871196,1.68163304338,1.6494414,-0.393145788043,-0.0308812035898,3.31667470664
16912,2.64411525073,0.757317211874,0.845332061427,0.409495982289,1.26142389134,2.46913192235
16940,1.69004133717,-0.941044624837,-0.977211728373,-0.13876848692,1.67357304506,-0.320516612412
16968,0.00419803445754,-0.169096560462,-2.12188854969,0.653393305936,1.369264625,0.772837700393
16996,1.18636851629,-0.139387907221,-1.60533538204,0.234986414887,1.34500901283,0.138811446035
17024,0.553159719443,0.170781076911,0.932613344271,-0.821845999951,-0.261705677984,0.745222745523
17052,0.456878812366,-0.109943897688,-0.692240606716,-1.09990418294,-0.0764665186306,0.807338382536
17080,-0.614753817968,1.60940326418,1.57444420083,-1.2224473326,0.364109731102,-0.0368771756558
17108,-0.485402103215,1.76687095432,0.729171189966,-0.609829305409,1.72257267352,0.862934489244
17136,-1.05771164233,1.44267455995,0.266597450144,2.10935325411,0.856275664194,1.10689965617
17164,0.492763780329,0.14063254158,2.46052079001,2.1104597607,-1.50584199921,-1.15295617978
17192,1.29783765523,0.176301954512,1.12805566177,-0.0516288873344,-0.936448497293,-0.953261400306
17220,1.51895786508,0.603298769478,1.68168610629,-0.91522461215,-0.0368768769036,0.433535803998
17248,1.93300971666,0.0613500491665,1.2844365046,-0.904274698716,0.620005760612,0.039407553019
17276,-0.166862014009,-0.552681132318,1.44013880427,0.705872816086,0.975723508665,-0.100578939209
17304,1.20454447677,-0.0568309564506,-0.0172860707031,0.879860530235,1.61991612858,0.361721839291
17332,0.637034844195,1.94472035853,0.745407922395,0.241647849298,1.50855779464,1.29828390411
17360,1.15968621046,1.19626280455,1.65158255879,0.0390998084365,1.94444469764,0.86800445551
17388,1.66865816527,0.357568235177,1.64692496257,-0.34413942127,2.13146876905,0.0432982958869
17416,-0.209159188842,0.534822890406,1.00452164695,0.124107101413,1.45833877547,1.04913371965
17444,-0.583437058102,0.141216245871,-0.427424140976,-0.601741456086,0.802227390141,-0.319965497067
17472,0.596441362425,0.58819552334,-0.564411157237,-0.306075674986,-0.0534267167437,-0.217364002655
17500,0.987201846424,0.57171770371,2.35100718101,-0.345648375332,-0.367928899704,0.293376330031
17528,0.020776542158,1.18541857497,1.97940230819,-0.380107707821,-0.576765238616,0.9738659717
17556,0.318864298749,0.725924140449,1.5142310976,0.59505137894,-0.610062311693,1.18550364036
17584,1.25277921492,1.95151467886,1.22544337508,0.53978586804,-0.39529110509,0.626483420442
17612,0.158982992277,1.43583809525,0.169573812155,-0.262096973804,0.444718454689,1.38577511439
17640,-0.478095139792,0.337029341303,0.457523978229,0.924116698425,-0.124840034881,0.648980639992
17668,-0.26424359989,-1.34552681811,0.94353763249,0.586062697542,1.63890014179,-0.168254859077
17696,0.551473717394,-0.903153461383,1.72622929135,1.24750702225,-0.278512013634,-0.994987547883
17724,0.773466187508,1.5699435741,1.34547040571,1.50269528175,0.648035710864,0.712604518179
17752,0.301350239668,0.574335072519,1.7064856555,0.489844924328,0.759133889223,2.00805429195
17780,-1.2642759446,0.50727420312,1.90655458198,2.03912742661,0.0708842052464,0.334998750216
17808,0.478247203043,-0.458391297059,0.876496903604,1.12975544452,3.11034208815,-0.501214219408
17836,0.739610389502,-0.0427147969882,0.191374481525,-1.30133941241,1.77706957355,0.212207637094
17864,0.322315108764,0.263398113877,-2.77087018216,-2.80937025557,-0.0206316454648,-0.669898214978
17892,-0.65674770406,-0.253750849128,-0.982708355514,-1.32627714426,-0.264587503129,0.278455910993
17920,0.932871798295,0.0806233918331,1.68195421288,-1.26838834461,1.75169666407,0.382035109298
17948,0.76858664287,0.733233829898,0.607174477346,-0.289059905634,2.80541497558,-0.205051924991
17976,0.978593602066,0.950902767179,-0.507093557517,0.517118906609,1.49334435433,0.836017526489
18004,0.116906655612,1.1432620811,-0.925499092368,1.8579142858,0.226968132837,0.746123050508
18032,-0.0271101913577,2.74636496686,-1.07546285803,1.86299220213,1.85594151119,1.20857305427
18060,-0.753344326682,0.874735741202,1.05311329988,1.83859226832,1.66782225946,1.23812752902
18088,1.0029109268,0.500166392038,3.30669692376,1.6831287701,-0.086603861922,0.344340961638
18116,-1.11637297989,0.0937049966791,1.29684785862,1.01058621736,1.03787841936,-0.336353942691
18144,-1.65590459254,-0.358619711233,-1.730040608,0.0279896968819,2.63633261847,0.228808000679
18172,-0.546364385488,-0.179848795578,-0.534877393427,0.723617352163,0.582033106054,1.19760078177
18200,0.053258414832,-0.0810289593287,0.140364568293,1.28920645666,0.46491235104,-0.0770250558479
18228,-0.955483716964,-0.179576838222,-1.02342103779,-0.0658156796553,1.29710831213,-2.79168275502
18256,0.856526396119,-0.282319806505,-0.726029604746,-0.222746501223,1.74092492209,-2.06991231017
18284,1.27636427938,-0.0662488618284,-0.512292115856,2.22304151044,1.72989815019,0.197653051241
18312,0.712551792406,0.326963113998,0.325280360828,3.44644834422,0.477481518047,0.173665976898
18340,1.84883121065,1.99165499585,1.55457568096,1.40025883176,0.992198350073,-0.0307409231358
18368,1.07403499059,1.02362576779,1.88988785879,1.36835121193,0.443643991481,-0.214326637911
18396,0.0480093512888,2.04239132854,1.32176163965,0.0802269080917,0.834762991674,1.38405700759
18424,0.282424641673,1.68594086617,-0.67552355285,0.786128527972,1.89867245165,2.10043531068
18452,0.504191423199,0.845261518983,0.343353089817,1.46798293559,1.38442142984,0.377942369055
18480,-0.599929907304,0.893566488591,1.04420143148,-1.43812023149,-0.357981948328,1.51314320324
18508,0.544196011884,0.434703752613,1.56246184175,-0.691922263619,-1.86922470776,1.49566582252
18536,0.559355866608,-0.312913231129,1.02619690011,-0.920748369099,0.766949428239,1.0136015767
18564,0.202744106148,0.654593209593,0.284884053459,-0.00149644564791,2.24323934695,1.06098104983
18592,0.730226823857,0.337056604108,-1.29605536435,1.35158754074,2.4437900176,1.19704249254
18620,1.58060988784,1.42333991919,-1.25259067912,1.29257252689,2.63070373517,1.46035091136
18648,0.154830484755,-0.0972108668732,-0.937898766804,-1.14298320491,1.65111499973,0.912506120946
18676,1.54017803297,-2.58969176724,1.34051499654,0.91998140781,1.33221470744,0.511022486207
18704,1.19792690938,-0.540867998898,0.532483784453,-0.432268195168,3.57466121264,-1.30181281948
18732,0.828681843851,0.847616238608,0.0170931016045,-0.555659603468,2.03066145927,0.667863891464
18760,0.12252347122,0.23865287566,1.24591115139,1.01410094676,1.8412636339,-0.615304587933
18788,0.470861997831,2.32345386884,0.235158393268,2.19281039684,1.38882792299,0.0625914109105
18816,-1.04403419461,2.19004867421,0.530425028243,0.559749428746,0.077511572317,-0.693803497961
18844,-0.203713961345,-0.292835848335,-0.106459409364,-1.54416957594,0.616895331638,0.168207073449
18872,-0.706191878762,-0.682391153866,0.463446400165,-1.49807093555,-0.631131307917,0.148559625315
18900,1.42338553814,-0.388897547466,1.29645452978,-0.796129364257,0.255269309296,1.51125165544
18928,1.85782326488,1.45232835159,2.00351806959,-1.066271849,0.371241240804,1.33625035758
18956,0.42243229833,-0.522224566986,3.05302100177,-0.352830208893,-0.55369096737,0.465899886354
18984,1.96620915138,-0.911124781124,2.48438369315,-0.0901173374138,-0.736394491552,1.38960226002
19012,2.235397717,0.56688503283,0.0546466216058,0.400831529971,1.09136864634,2.37502867058
19040,1.2987872944,0.144724067368,-0.168586627314,0.664364995594,1.36379597701,1.33944742139
19068,1.37960153912,1.2458505672,0.294705405365,0.665906846177,0.840643305723,0.48174907834
19096,2.14560136071,-0.643875421836,1.56291723854,0.786962212473,-0.185354427414,-1.03269033588
19124,2.11847185856,0.652542608799,-0.789700693315,2.68364321607,-0.172461622578,-0.782180082624
19152,1.51572096976,1.86152450959,0.439445135149,1.57807316165,-2.03577632042,0.619314238794
19180,-0.0364299307606,-0.820114369498,1.77949366547,1.72313817295,-0.265425217243,1.48924386008
19208,2.73679903503,1.56881759214,1.03073299937,-0.129981732902,0.0253123661369,1.13345411695
19236,0.30054152811,1.04596174007,0.167789216067,-1.24508473496,0.177683762142,-1.35623207089
19264,1.37011171935,0.430898984054,0.363761106877,-0.602588127656,-0.670531439668,-1.62232087637
19292,-0.0333078918111,0.490548471823,1.01321526068,0.139183233798,-0.0435245388343,-1.16236460758
19320,-0.51934584947,0.285073493431,1.2751155258,0.784058440529,-0.489664561954,1.21755564628
19348,-1.36659777961,2.12975769016,0.173541650199,0.605320315169,1.49954075432,1.20181887837
19376,-1.35174726911,1.17396218291,0.13113571131,-0.807258768962,1.72833397481,0.749442547606
19404,-0.560620505077,-0.243983020153,-0.384927045535,1.20459411573,1.32434325612,0.471052536769
19432,0.0593691134456,0.98505278831,-1.12416063157,1.74397916602,0.340591979296,0.362191312388
19460,0.206770519604,0.926601214494,-0.328146232985,1.09339050591,0.286682254419,-0.17758730996
19488,-0.553930649541,2.17162859327,-0.344856828171,-0.108540734118,1.34536184965,0.831224881862
19516,-0.924337163899,1.62062908136,-0.2372941774,-1.29637451623,-0.760122218094,-0.0789075813311
19544,-0.199345728867,2.06131673131,-1.39604728582,-1.31559014071,0.252136621184,1.14027673167
19572,-1.33619457739,1.40290160778,0.765383955419,-1.23186050441,-0.683484730818,1.07801229428
19600,-0.102789434078,0.30902929056,1.68727661532,-0.658448633044,0.62271355598,1.17479358444
19628,0.88567835176,0.90073173324,1.39066093055,1.03750737918,0.324302397763,0.844753120153
19656,2.14093773139,0.238729583645,-0.30257869266,0.204331325925,0.627813860831,1.53298023525
19684,0.0629118780254,0.31430336192,0.754655825169,3.00206510991,0.469832847544,1.08432456542
19712,-0.594433768012,-0.743407489613,-0.522554757264,2.17029574652,1.50839188064,0.938603085791
19740,0.641434952344,0.304930149781,0.0163116692082,1.94715458949,0.164221107134,0.829137071818
19768,0.276116431592,0.172851182026,-0.615162159617,1.78764103893,-1.23985706577,1.16796218797
19796,-0.383926193123,1.73271121684,0.280880949921,1.26761665691,0.538498883007,0.675164384526
19824,0.572307237832,1.68752858914,0.89849257028,1.50486725122,0.198998758544,0.448118636351
19852,0.785300352116,0.664584800577,0.823204823516,2.16512170984,1.00121108592,-0.0518852310661
19880,1.57153295842,2.72422807022,1.53050813163,0.16777496758,0.666468089132,0.930593228294
19908,1.27709986719,2.16306137492,0.266617028419,-0.416789710085,0.882582535071,1.16614495641
19936,2.46455539885,-0.0623497629661,-0.32732297677,-0.118014869999,0.855289734877,2.12133365775
19964,1.3299980938,-0.170965468219,0.377162316823,0.55137046342,-0.398627763944,0.3085615322
19992,1.87817136772,1.05767111413,0.783566406722,-1.22064671476,-0.766776056246,0.933322634361
20020,-1.41217111305,1.7402561988,0.234536955915,-1.33832113126,-0.788239816108,0.802086153168
20048,-0.331029554336,0.824003364291,0.56159637697,-1.02706038156,-0.495817718783,2.31961993604
20076,-0.890693328382,-0.870565198314,-0.043272783181,-0.766373555001,2.17627732856,2.15635290709
20104,1.55187703527,-0.696623506913,-0.427069163221,-0.86319501403,0.531720865139,0.311310671875
20132,0.49630203086,1.91828196378,-0.639139772015,0.618336896833,-1.1814489561,0.0750084929776
20160,-0.186590566159,1.55947464146,-0.444843552965,0.433618424334,-0.743508211875,-0.209438211398
20188,-0.830600856781,0.000247249691369,-0.634385922288,-0.00862415691408,0.822705375419,-0.333810732222
20216,0.115024324388,-1.53002503332,-1.26386184343,0.114864433027,1.27564411001,-0.391369714941
20244,0.704164055478,1.40074969763,0.347793779513,0.676956026901,1.38286396086,0.364722829126
20272,0.805402924155,0.97112425113,0.783831485743,-0.181362350709,1.18633177188,-0.459511046838
20300,0.85042595973,1.13580066626,1.91097302482,2.19535580182,1.54152580715,0.856029786419
20328,-0.300309329512,0.297172579565,-0.196838979412,2.14056591177,0.712397190934,0.186090655438
20356,0.511686947828,1.46506956501,0.542968279098,0.391182756697,1.59571014213,1.48841873604
20384,1.92823459166,-0.501855504085,1.14765279064,1.33734385823,1.63781812729,0.910060345654
20412,-0.415080622528,-0.74486867413,0.663715340385,1.10150883872,1.00872804344,0.0576405516976
20440,0.13966559375,0.629848939298,0.986399406764,0.241196302738,-0.456815403299,-0.357829442937
20468,0.803522241559,-0.457807522116,1.43245023693,0.487738464811,1.02026253888,0.0351685003701
20496,1.20394880805,0.414437754135,0.7179275194,0.385896390995,-0.466705849488,-0.0328116487888
20524,2.63148979718,0.516133566851,0.313051926112,-1.03387940965,-0.100030337287,0.156907683619
20552,1.36487362967,1.73864503029,1.5396586852,-0.215336120051,-0.736305144743,-1.08592777214
20580,-0.0304465306113,1.56427382117,2.12124230613,-0.347901293841,1.4002822076,-0.28650850464
20608,-1.92959039744,0.877237666693,0.717273230106,0.106386482439,0.711588408432,0.0953555405263
20636,0.570243287239,1.43092833094,0.468647854621,0.795879024263,2.22537290979,0.227868914165
20664,0.8469478377,1.84920734533,0.0251978625573,0.430480494966,0.977847925435,1.40653277317
20692,-0.422158827704,0.83875185095,-0.750990636266,0.722262956911,0.557078235614,0.484366872096
20720,0.546094539502,0.259288731033,0.487590470717,1.01844190147,0.0152645451882,0.826084073622
20748,1.40787802875,0.350162265851,0.362360734752,0.43635472249,0.788367392199,0.917380154597
20776,-0.0836173833793,1.58663974334,0.495455255949,2.26659048096,-1.3976052945,1.41090049202
20804,-0.397181606158,1.19900292803,2.09467716469,2.39830583893,-0.436030330543,0.365891115516
20832,1.12751389882,1.13481680342,2.25103289772,1.51779720596,0.513942977526,-0.249789581731
20860,0.472180898218,0.847495965164,1.74764842759,0.137897021198,1.28168733206,1.22084165334
20888,1.96361989408,1.23029872558,0.751566294372,1.08059488244,-0.15036081018,1.67945646951
20916,2.45273013911,0.245985451657,2.0302333026,0.970265542944,0.471843828397,-1.43825538685
20944,2.24520995523,1.03900802538,1.64852678254,0.34490227745,1.79802656578,0.81755585068
20972,1.72807439058,0.287218710745,0.450724563172,1.64968989785,1.19240069896,-0.28328117542
21000,0.0752828396072,-0.390434630654,-0.347427463456,0.361814171301,0.728592538249,0.0907131096183
21028,0.576135717966,-1.71936756499,0.089882131562,-0.840407503756,-0.290419274236,1.19445661148
21056,0.721494006274,-0.720693848746,0.684723662721,1.0648278146,2.47144281277,1.44728568468
21084,-1.50085799278,-0.490452373806,-0.641515122089,-0.958950967848,2.34779487123,0.399211026767
21112,-0.27379754271,1.02907731274,-0.57180197329,-0.184057359854,0.757780561393,1.45583309016
21140,0.145576754678,-0.265621692625,1.32467599747,1.12817956231,-0.00257213610973,0.434820966339
21168,-0.0605522368312,-0.144158329841,1.32507051299,0.271929038275,0.508826903533,0.116132181488
21196,0.731351733964,0.25544568242,1.32193977963,0.58064673811,1.04681339555,0.484618294395
21224,1.24668323939,-0.431138658845,0.353795643641,0.446230490152,1.65432663974,-0.833755920644
21252,1.06573272799,0.461606125061,0.035001399011,1.18409939002,3.16218058414,0.472264113958
21280,-0.390989452702,1.09786505183,0.302250537428,-0.564525052364,2.26949455402,1.29088177563
21308,1.18188728521,0.112483632345,0.925188089156,0.430774975385,-1.03042635608,1.23970046377
21336,1.77849888699,-1.20434647265,1.5197663974,-1.06166191666,1.2590553208,1.47880233603
21364,0.435431614963,-0.45813308643,1.51432666773,0.624174299707,-1.24747916718,0.189801281147
21392,-0.228739510569,-0.695468895652,0.178672139814,1.45180871177,0.292475004922,-1.00403849422
21420,0.202775335632,0.564194077115,1.58073830541,1.20370939776,-0.293177285692,1.3664532694
21448,-0.5830133426,1.73451906762,0.528955206905,0.3359762757,0.198360007159,-0.325779443246
21476,-0.251000170102,0.878632119424,-0.385068615156,-0.407168297929,0.106598222914,-0.573491967464
21504,0.525297163855,0.695502193158,-0.624757920627,0.728378235608,-0.239718554695,-1.30937493461
21532,-0.736696098299,0.055243065259,0.202551558177,1.98298037418,-1.49801658773,0.0371823923174
21560,-0.349604060858,-1.05638973732,1.01262168318,1.31343099271,-1.62807566557,1.59955374254
21588,1.49653364319,0.520189711974,0.663506058893,1.28618567849,1.51891763527,2.80837943252
21616,0.0218028708359,0.110903404064,0.681569407714,0.780788042048,1.12461669678,2.98209242923
21644,1.37746679021,-0.413851418844,1.50673161571,-0.205816778359,0.28637654973,1.01413750162
21672,1.08747341397,-0.134141118106,2.35357116269,0.335169054148,0.324800293623,-0.166695723901
21700,2.25881032804,-0.767555265752,0.281381940831,-0.694822206124,-0.086254331697,-1.27019140149
21728,0.632204458044,-0.959055332115,0.936518805943,1.12628920541,0.576763005968,-0.20331607682
21756,1.20077050746,-0.1778282358,0.449906935281,0.716359630147,-0.348567786389,0.19984769614
21784,1.44528973459,-1.01309304571,0.877173590421,1.34565329071,0.703421003809,-0.552345626225
21812,2.10606503004,-0.88995985028,0.614680509247,0.657685709094,0.87551077546,-0.42026188415
21840,0.454898873533,0.156278250506,0.284545279031,0.0511572794403,0.190760148465,0.723023505541
21868,1.89598832101,0.750250446303,0.499858972427,-0.807507010179,-0.517909875786,-1.1027744136
21896,0.264113783646,-0.305515324516,0.949153790596,1.43690242445,-0.910821114022,-0.4795667197
21924,0.675328281717,-0.498803400577,0.164321480218,0.874997008505,-0.0174565751372,1.1755433857
21952,-0.00295563289607,0.0805332578133,0.441967536343,0.443370468452,-1.11803496261,1.32737080463
21980,1.16110496494,2.47685142681,3.50497252159,-0.473862592573,-0.414278866384,0.128060037965
22008,-0.740397180891,0.783945164394,2.05233498224,-1.08110986157,-0.0741046285336,0.96831333025
22036,-1.93349572477,1.45119070326,1.7230406149,-1.29480144711,0.587542508461,1.13680525573
22064,-0.217196099345,1.78270982888,2.46164337529,-0.88454524375,1.38765109376,1.41531290447
22092,-0.223987669501,0.432522376767,1.95082135883,0.259967589648,0.443144399764,0.858847205683
22120,1.89365148732,0.776233856008,2.78145240836,0.787173284196,2.13577303992,1.4838982075
22148,-0.38510509844,-0.72988803191,-0.230628290162,1.17061525751,0.248647635913,0.930422143228
22176,0.748014275116,1.2232387335,-0.395076181163,0.582718557761,-0.614875778469,0.315858004546
22204,1.01150601638,1.36570082587,1.34436058287,-0.451156232792,0.860563523776,0.955392721662
22232,0.895172890098,0.469196509229,0.618525710497,-0.749096923184,0.224750057763,-0.572701686151
22260,2.54465108343,0.848103551612,1.064228781,0.965324492677,0.0964568863138,-0.0327959372642
22288,1.69737251228,-0.935593394433,-0.368884841844,0.737908263372,-0.101980144735,1.18422907339
22316,0.372152306116,0.90337596677,0.19248306178,1.52889822272,-0.933413167283,0.294090885213
22344,2.16986034194,0.818834745186,0.578722241599,1.15599966267,-0.0111804490461,0.928569341289
22372,2.40154606419,0.677041368571,0.972804885687,-0.619958215497,1.06324947971,0.734316067695
22400,1.34050380591,-0.617882232822,1.10538187594,-1.81241507012,0.891386698775,0.226669647987
22428,2.3957350054,0.221668087193,-0.489789986735,-0.207379896215,0.359307450637,1.17064955511
22456,1.14834182119,-0.875473017633,1.16153871417,-0.766172593442,1.99573970588,1.47714521439
22484,0.114396675762,-0.829992328115,1.02873515124,-2.41223201562,0.327373338707,0.257944888026
22512,1.1208753123,-0.220238477124,1.0806244132,-0.637514851144,-0.875573873646,0.12638305573
22540,1.36566259305,0.942952533866,0.91554306096,1.32284714284,-1.34408825871,0.436127048731
22568,1.58390801404,1.46506561375,-1.4799390333,-0.357797021653,0.501280034574,2.03395629914
22596,0.584565491128,1.12950401962,-0.835169100566,0.556345057875,1.69759455263,1.65353285102
22624,0.1749254805,0.658160566488,0.497061167272,0.535803219715,1.37451254021,-0.292505590476
22652,0.55207236378,0.189229569795,-1.22245811663,-0.189993271054,-0.199155226514,-0.161608216103
22680,2.3426393185,0.693853335361,-1.15819820452,0.892342509634,-0.0469661544421,0.683033507561
22708,0.0416512649004,0.264719880303,-0.764684035084,0.0451321179244,1.03786521006,0.749928939295
22736,0.0672802774194,-0.28349619132,1.31380962842,-1.05735573701,0.9174828433,-0.17433137545
22764,1.99472471203,-0.607567646961,0.0962426072888,0.608239279365,1.85881790908,1.14722133842
22792,1.41773160574,-2.4325816343,1.09385707874,1.80687387321,0.831715316243,0.874468997428
22820,1.45316702592,-0.506612581643,1.87363951694,0.473473644604,0.36254647849,1.38172986859
22848,1.12212845473,-0.650349814666,-0.818474469048,1.46842595466,1.49200368993,-0.329701256214
22876,0.437277131205,1.12560236894,0.14823199771,-0.820760655185,1.58393408567,1.78161262245
22904,-0.410795087337,1.81122266381,0.423502264972,-0.93227887221,0.928670492952,0.971107134627
22932,0.801124626102,2.54915913742,0.80828494471,-0.396314524575,1.10440370847,0.825988133813
22960,2.30658236311,0.498000427697,1.46187978747,-1.09945591141,0.180927311415,-0.147614970469
22988,2.90766010022,0.794676133121,1.1674984996,-0.474821377063,-0.944680618894,0.162347343195
23016,-0.635900720311,1.65997857064,-0.756676602918,0.979417189267,-0.199558181821,0.602703786791
23044,1.00061904466,-0.433179566714,0.470714792771,0.612658085396,-0.871008225427,0.222709342687
23072,0.600988580199,0.158982227465,0.945835223706,0.10473189488,2.26920625055,1.11725397169
23100,1.35620070064,0.551155715846,0.585376526822,-1.02219921489,2.46844795034,1.4324390287
23128,0.972741823643,-0.319824569093,-0.0770045135643,-0.427215011736,0.966791698571,2.37947769988
23156,-0.673475792426,-0.422604473653,2.00725648147,1.8112208859,0.178318637474,1.45112484736
23184,0.869836412867,0.197054613044,1.48398444273,0.197844487357,-0.335530457366,0.212868769898
23212,1.5144777874,1.3390333952,1.08946059511,0.257540219373,-0.314611194461,0.0679981763296
23240,0.1346382351,1.50712139491,-0.0710899902551,0.973097443928,0.421467082003,0.437628228659
23268,-1.032372817,-0.795714460877,-0.167034646447,2.33829411633,1.31412541102,1.2986503921
23296,-0.129959467348,0.618169718487,0.804791371195,0.815646867763,0.889847831461,0.147391743827
23324,0.551197291622,1.44135048331,-0.0153663720176,1.01421289465,1.02257521183,-0.566355817372
23352,-0.132779069514,-0.316689535145,2.35811484104,0.501504560641,0.450442059563,0.109525120769
23380,0.445026895397,0.764035715367,1.19511512984,0.540224654873,-0.82460966982,1.18687264176
23408,0.315942541991,0.825667209828,-0.348502975019,-0.827823587766,0.164995151744,0.563092205264
23436,-0.060028977256,0.0227330319574,-0.717843031406,1.38318429074,1.28548890586,1.38306343376
23464,0.248645567642,0.438363648217,0.11108299912,1.07654286598,1.17072170693,2.11198219925
23492,2.28917499765,-0.857268100612,0.738495494327,0.587356020831,-1.30792903997,-0.465814217574
23520,1.58358446792,0.791647042132,1.44672973647,0.513200135315,-0.703423258046,0.366850404222
23548,2.57323875997,-0.286594894271,0.998315040167,1.19886134371,0.564029450255,-0.0129698705726
23576,0.451597524193,-0.113054316052,1.56678178151,1.89718918944,-0.190896712416,1.35366765097
23604,0.00501869121341,-0.832626437127,1.57559555495,-0.392185139588,0.611875729394,1.42551562279
23632,0.204020991225,2.71311374311,0.406615219006,-0.116708104578,0.0604209340127,2.10209346711
23660,1.25962029985,-0.491982143447,0.290946289825,0.397787394599,0.873322581371,1.87405389441
23688,0.939980252804,1.19328728093,1.16487957536,-0.120740816264,0.038831566127,2.16033644661
23716,-0.0944511525606,0.228651015072,1.77808457495,0.291617179475,0.361880461057,0.49672685527
23744,-0.0637857193958,0.408994533693,2.09959301888,-0.395758212055,1.40859401746,-0.375324593439
23772,0.820045750354,0.176413136355,1.04156373404,-0.239647869975,0.957365089504,0.928281175185
23800,1.90388344996,-0.179356601976,0.721385787499,-0.0470913198657,0.988506953927,1.20149759948
23828,0.74811714354,-1.56172876272,-0.196152073342,-0.260838386292,-0.211539960459,-0.54020491933
23856,-0.595561079158,1.40175560258,0.999025434042,-0.0630255099306,1.30968878245,1.36701986671
23884,1.08521280489,1.27455994138,0.729741743288,1.09334325797,1.77395933244,1.42642981863
23912,0.859966203904,0.914015665521,1.72327105959,-0.0652610234484,2.3143010813,0.0230498663094
23940,-0.937227751573,2.29607127735,1.34876867838,0.218578610196,-0.735450052314,0.251848552202
23968,-0.833492075155,1.26771179213,0.189852498566,0.0612008886652,-0.243287021685,0.203763469668
23996,-0.319132493766,1.73766679113,0.330445968907,-0.406301494856,-0.574784529105,1.30901525215
