time,position,velocity,exact_position,exact_velocity,energy
0,1,0,1,0,0.5
0.8,0.69574528,-0.714688128,0.696706709347,-0.7173560909,0.497420307473
1.6,-0.0318770107154,-0.994481783456,-0.0291995223013,-0.999573603042,0.495005080719
2.4,-0.740101839492,-0.669123885771,-0.737393715541,-0.675463180551,0.497738753664
3.2,-0.997967712376,0.0634022129351,-0.998294775795,0.0583741434276,0.499979697775
4,-0.648560811464,0.757347466553,-0.653643620864,0.756802495308,0.497103155631
4.8,0.0955014656376,0.990439637414,0.0874989834394,0.996164608836,0.49504560265
5.6,0.781450199365,0.620839939158,0.77556587851,0.631266637872,0.49805332207
6.4,0.991879109889,-0.126546722805,0.993184918758,-0.11654920485,0.499919120843
7.2,0.598740218707,-0.79692850934,0.608351314532,-0.793667863849,0.496792449247
8,-0.158737747666,-0.982371774936,-0.145500033809,-0.989358246623,0.495125988363
8.8,-0.8196222961,-0.570032541894,-0.811093014062,-0.584917192892,0.498358903541
9.6,-0.981758940122,0.189176873997,-0.984687855794,0.174326781223,0.499819253083
10.4,-0.546486001276,0.833270376232,-0.560984257427,0.827826469086,0.496493234748
11.2,0.221328828175,0.970310988457,0.203004863819,0.979177729151,0.495244932251
12,0.854462976337,0.51690820447,0.843853958732,0.536572918,0.49865053489
12.8,0.967648337267,-0.25103810155,0.972832565697,-0.231509825102,0.499681716523
13.6,0.49201055037,-0.866225352977,0.511703992453,-0.859161814856,0.496210371908
14.4,-0.283020301006,-0.954306299951,-0.259817356214,-0.965657776549,0.495400502454
15.2,-0.885830627509,-0.461682854753,-0.873736983011,-0.486398688854,0.498923479503
16,-0.949604654932,0.311878965849,-0.957659480323,0.287903316665,0.499508745003
16.8,-0.43553528556,0.895659491594,-0.460678587411,0.887567033582,0.495948454925
17.6,0.343561416528,0.934422761678,0.315743754919,0.948844497918,0.495590172235
18.4,0.913597753439,0.404580960331,0.900640172385,0.434565622072,0.499173304275
19.2,0.92770123302,-0.371452174622,0.939220346697,-0.34331492882,0.499303147889
20,0.377289754808,-0.921453154809,0.408082061813,-0.912945250728,0.495711737795
20.8,-0.402706100819,-0.910741191777,-0.370593325838,-0.928795234077,0.495810861018
21.6,-0.937651492553,-0.345834616152,-0.924471774914,-0.381250491655,0.499395951607
22.4,-0.902027099638,0.429515588081,-0.917578050532,0.397555683121,0.499068264442
23.2,-0.317510701457,0.943501502339,-0.354093793396,0.935209915195,0.495504065228
24,0.460213955861,0.88335784577,0.424179007337,0.905578362007,0.496058984426
24.8,0.957894076618,0.285682601152,0.945150514148,0.326635126105,0.49958780531
25.6,0.872686609233,-0.485833203111,0.892806401763,-0.450440594275,0.49880790959
26.4,0.256441101968,-0.961714917015,0.298897906364,-0.954285094493,0.495328810194
27.2,-0.515851236648,-0.852384025327,-0.476318048215,-0.879273061651,0.496330512492
28,-0.974243228128,-0.224369407722,-0.962605866314,-0.270905788308,0.499745749338
28.8,-0.839799018436,0.540176112529,-0.86498988282,0.501789301021,0.498526311957
29.6,-0.194329178323,0.976019369043,-0.242682643443,0.970105733707,0.495188819148
30.4,0.569391801267,0.817945625872,0.526832630963,0.849969045879,0.496621035117
31.2,0.986632494728,0.162144247951,0.976778300832,0.214252540296,0.499867218398
32,0.803498001336,-0.59232343549,0.834223360507,-0.551426681242,0.498228045191
32.8,0.13142738911,-0.986356716902,0.185639723886,-0.982617877364,0.495086365793
33.6,-0.620618030064,-0.780182624872,-0.575550478201,-0.817766254526,0.496925833696
34.4,-0.99501151931,-0.0992600406829,-0.987619483347,-0.156868595048,0.499950239618
35.2,-0.763931106147,0.642063215276,-0.800611762459,0.599183449214,0.497917953675
36,-0.0679914033837,0.992684943663,-0.127963689627,0.991778853443,0.495023114155
36.8,0.669321710177,0.739248512885,0.622305440227,0.782774513551,0.497239957759
37.6,0.999346244698,0.0359723835105,0.995092440566,0.0989496575503,0.499993464584
38.4,0.721259155492,-0.689193280809,0.764269719299,-0.644896732945,0.497601073847
39.2,0.00427906148233,-0.994978327772,0.0698512418071,-0.997557418908,0.495000091552
40,-0.715304881834,-0.69530966969,-0.666938061652,-0.745113160479,0.49755830537
40.8,-0.999619052076,0.0274614861216,-0.999171686351,-0.0406932573499,0.499996191246
41.6,-0.675655592726,0.733522068392,-0.725321173689,0.688410629638,0.4972825524
42.4,0.0594506729864,0.993227547598,-0.0115005699303,0.999933866259,0.495017671913
43.2,0.758380642972,0.648544688022,0.709296125226,0.704910637414,0.497875705998
44,0.995828832596,-0.0907837364768,0.999843308648,-0.0177019251054,0.499958375319
44.8,0.627305776961,-0.774869400331,0.683898957636,-0.729576737393,0.496967562689
45.6,-0.122938765721,-0.987439719317,-0.046889324047,-0.998900090745,0.495075569701
46.4,-0.79837390892,-0.599143647667,-0.749235170956,-0.662304052986,0.498187004492
47.2,-0.987990991892,0.153736989504,-0.997105016921,0.0760367360584,0.499880631
48,-0.576406229662,0.813067217285,-0.640144339469,0.768254661324,0.496661220708
48.8,0.185927164592,0.977638367993,0.105119304404,0.994459618005,0.495172844553
49.6,0.835122124039,0.547307342872,0.786618988789,0.617438714753,0.49848714481
50.4,0.976137387456,-0.216065366969,0.990966149975,-0.134112227646,0.499764220996
51.2,0.523163835869,-0.847960261351,0.594206542058,-0.804312492366,0.496368501996
52,-0.248159848511,-0.963863331957,-0.162990780796,-0.98662759204,0.495307916552
52.8,-0.868475922443,-0.493246466197,-0.821320083142,-0.570467633637,0.498771252139
53.6,-0.960316199155,0.277515530491,-0.981447644097,0.191730336399,0.499611036012
54.4,-0.467795003297,0.879406707128,-0.546242233889,0.837627257147,0.496094160826
55.2,0.309383868053,0.946170600879,0.220306385538,0.975430723573,0.495478591889
56,0.898299735108,0.437180752144,0.853220107723,0.521551002087,0.49903471207
56.8,0.940591733401,-0.337837711256,0.968581961662,-0.248694558732,0.499423564045
57.6,0.410524782733,-0.907278738169,0.496414994763,-0.86808533738,0.495842652986
58.4,-0.369350373582,-0.924632088195,-0.276870646719,-0.960907198946,0.495682098492
59.2,-0.924472340905,-0.379338084027,-0.882210269143,-0.47085564775,0.499273245545
60,-0.917044161768,0.396786725223,-0.952412980415,0.304810621102,0.499204849973
60.8,-0.351585953299,0.931463066508,-0.444894757906,0.895582857355,0.495618063413
61.6,0.427815626724,0.899335338812,0.332490654842,0.943106549889,0.495915131052
62.4,0.946887359306,0.319953567723,0.908191697954,0.418554464518,0.499482978356
63.2,0.889769195134,-0.454122969687,0.932995843833,-0.359887142574,0.498958446103
64,0.291218076301,-0.951861393121,0.39185723043,-0.920026038197,0.49542403984
64.8,-0.484541991059,-0.87038317327,-0.38697672074,-0.922089484597,0.496173904705
65.6,-0.965453682784,-0.259268576067,-0.931075785831,-0.364825822878,0.499660504068
66.4,-0.858877694652,0.509613397169,-0.910396773058,0.413736287513,0.498688354472
67.2,-0.229666521519,0.968390807476,-0.337483294084,0.941331517699,0.495263733556
68,0.53929889801,0.837893269825,0.440143022496,0.897927680689,0.496454216507
68.8,0.980095847118,0.197529767773,0.950784487775,0.30985296159,0.499802939348
69.6,0.82449522115,-0.56303246265,0.884692841056,-0.466174406187,0.498398961848
70.4,0.167181469877,-0.980984124524,0.281958388375,-0.959426634623,0.495139748219
71.2,-0.591863784009,-0.801997686135,-0.49180823918,-0.87070354075,0.496751513694
72,-0.990754338132,-0.134988084875,-0.967250588274,-0.253823362762,0.499907970793
72.8,-0.78676152478,0.614163040319,-0.85597170976,0.517022661099,0.498094968484
73.6,-0.104016896571,0.98959015778,-0.225471878129,0.974249676507,0.495054097574
74.4,0.642022995121,0.762842322501,0.541796169237,0.840509911304,0.497060967631
75.2,0.997385833585,0.0718977327481,0.980417930541,0.19692811245,0.499973892505
76,0.74582997699,-0.662797306096,0.824331331108,-0.566107636898,0.497781311773
76.8,0.0404295387618,-0.994173927375,0.168216407674,-0.985750090129,0.495008172738
77.6,-0.689572655458,-0.720586328844,-0.58993633141,-0.807449766167,0.497377552236
78.4,-0.999963379266,-0.00851514687625,-0.990241608036,-0.139361248969,0.499999633799
79.2,-0.701866947136,0.708737582348,-0.789879612977,0.613261931807,0.497463086057
80,0.02332214795,0.994716802231,-0.110387243839,0.993888653923,0.495002719613
80.8,0.734319495847,0.67540145783,0.636064546159,0.771635855258,0.49769612561
81.6,0.998476498545,-0.0549020494508,0.996688117613,0.0813191011388,0.499984776591
82.4,0.655051126261,-0.751797141365,0.752734051176,-0.658324728535,0.49714545989
83.2,-0.0869790400365,-0.991216575794,0.0521816100037,-0.998637611738,0.495037826767
84,-0.776081639389,-0.627471366767,-0.680023495587,-0.733190320073,0.498011513555
84.8,-0.992931234963,0.118096092267,-0.999735473783,-0.0229996187091,0.499929562187
85.6,-0.605572800791,0.791800964329,-0.713021328726,0.701142342739,0.496833592085
86.4,0.15028239927,0.983687474997,0.00620198652048,0.999980767497,0.495112923998
87.2,0.814689340709,0.576990871119,0.721663259966,0.692244277127,0.498318593609
88,0.983350127659,-0.180810124629,0.999373283695,-0.0353983027337,0.499834887368
88.8,0.553633079104,-0.828586452692,0.670876883819,-0.741568747155,0.496532547931
89.6,-0.212974924383,-0.972160102436,-0.0645644314896,-0.997913540436,0.495226791592
90.4,-0.849985675899,-0.524165152656,-0.760841829027,-0.648937370786,0.498612378246
91.2,-0.969772119766,0.242789240634,-0.995602782581,0.0936755000911,0.499702289821
92,-0.499443074107,0.862004089068,-0.62644444791,0.779466069616,0.496247216921
92.8,0.274801796889,0.956681311985,0.122706682796,0.992442980728,0.495377580138
93.6,0.881827180349,0.469208925488,0.797425586282,0.60341729702,0.49888809588
94.4,0.952252400118,-0.303781521501,0.988436829539,-0.151633221988,0.499533923168
95.2,0.443223045152,-0.891918044959,0.57987555553,-0.814705063258,0.495982233339
96,-0.335511716814,-0.937314018353,-0.180430449291,-0.983587745434,0.495562840561
96.8,-0.910084431868,-0.412345563335,-0.831289764713,-0.555839299693,0.499141268366
97.6,-0.930862178934,0.363539059514,-0.977899863683,0.209073806604,0.499332521981
98.4,-0.385201502779,0.918206732841,-0.531329027483,0.847165547313,0.495741900989
99.2,0.394857924119,0.914136941362,0.237538867047,0.971378034877,0.495779563901
100,0.934642576732,0.353806191612,0.862318872288,0.50636564111,0.499367783731
100.8,0.905688398377,-0.421818965665,0.964027820792,-0.265801355789,0.499101357375
101.6,0.325614279912,-0.940763300363,0.480970429198,-0.876736816973,0.495530123296
102.4,-0.452599201679,-0.887244285985,-0.293837170752,-0.955855489645,0.496024230187
103.2,-0.955401796511,-0.293828747999,-0.890407085835,-0.455165048631,0.499563962964
104,-0.876833379174,0.478384356888,-0.946868010751,0.321622403163,0.498844183874
104.8,-0.264703573302,0.95949606466,-0.428971506078,0.90331802095,0.495350339909
105.6,0.508500855726,0.856745359444,0.349133357944,0.937073048578,0.496292865601
106.4,0.972277713796,0.23265701533,0.915458611952,0.402412139235,0.499726619764
107.2,0.84441440472,-0.533005318895,0.926478956208,-0.376346573922,0.498565178434
108,0.2027169591,-0.974328885002,0.375509597767,-0.926818505418,0.495205470828
108.8,-0.562335669781,-0.82276412692,-0.403238843831,-0.915094768221,0.496581107028
109.6,-0.985201735151,-0.170539630715,-0.9373880137,-0.348286823998,0.499853112295
110.4,-0.808563244378,0.585459840675,-0.902930192982,0.429787234107,0.498268872601
111.2,-0.139906386563,0.985201472273,-0.320767033345,0.947158123187,0.495097868985
112,0.613884828191,0.785438707691,0.455969104444,0.889995604367,0.496884272911
112.8,0.994121329919,0.107729074938,0.956120501988,0.292973694517,0.499941386093
113.6,0.769425617885,-0.635534716878,0.876302032914,-0.481762127103,0.497960078907
114.4,0.0765271539907,-0.992069634025,0.264930509504,-0.96426750704,0.495029282026
115.2,-0.662938805523,-0.744920813731,-0.50714430595,-0.861861156418,0.497197439299
116,-0.999000243734,-0.0444806462292,-0.971592190629,-0.236661393364,0.499990007435
116.8,-0.72716060307,0.683026414401,-0.846685289971,0.532093995218,0.497643812713
117.6,-0.0128368710423,0.994905454098,-0.208190453828,0.978088306307,0.495000823926
118.4,0.709298218195,0.70137513307,0.556589917963,0.830787375459,0.497515519812
119.2,0.999818645886,-0.018948577413,0.983750314228,0.179541970739,0.499998186623
120,0.681939989267,-0.727741899665,0.814180970527,-0.580611184212,0.497325210745
120.8,-0.0509055883345,-0.993697406088,0.15074037535,-0.988573385864,0.495012956895
121.6,-0.752774634885,-0.654978660402,-0.604137308775,-0.796880237015,0.497833348255
122.4,-0.996573209916,0.0823007831366,-0.992553408131,-0.121810229485,0.499965790814
123.2,-0.633947579062,0.769499423217,-0.778899928885,0.627148228717,0.497009447665
124,0.114441138117,0.988450400196,-0.0927762045977,0.995686986889,0.49506548387
124.8,0.793191342427,0.605919977683,0.649624320463,0.760255379634,0.498145762529
125.6,0.989277127144,-0.145318471134,0.997971449842,0.0636630607274,0.499893346171
126.4,0.583378441218,-0.80812925846,0.74096248922,-0.671546416541,0.496701652028
127.2,-0.177511533282,-0.979185763273,0.0344956253863,-0.999404848812,0.495157551722
128,-0.830384064071,-0.554398487621,-0.69289582192,-0.721037710502,0.498447688469
128.8,-0.977960053047,0.207745501271,-0.999985961407,-0.0052987723856,0.499782029327
129.6,-0.530438117801,0.843474391521,-0.70049803521,0.713654329957,0.496406822984
130.4,0.239860419462,0.965941152133,0.0239025993759,0.999714292057,0.495287665104
131.2,0.864201627201,0.500623603187,0.733804237922,0.679360979456,0.498734222262
132,0.962667986724,-0.269328134185,0.99859007244,-0.0530835871461,0.499633648263
132.8,0.47534178874,-0.875391159447,0.65764456879,-0.753328362098,0.496129749081
133.6,-0.301234374919,-0.948770400494,-0.082219305556,-0.996614261284,0.495453710743
134.4,-0.894506577787,-0.444813896447,-0.772210052428,-0.635367322837,0.499000710089
135.2,-0.94346308393,0.329816062631,-0.993788543548,0.111284907842,0.499450612954
136,-0.41831339721,0.903749834134,-0.612548239496,0.790433206723,0.495874930491
136.8,0.361383940591,0.927743300169,0.140255607036,0.990115328987,0.495652991763
137.6,0.921175739078,0.387196210154,0.807982284387,0.589206778742,0.499242823711
138.4,0.920423404436,-0.388963428872,0.985597750097,-0.169106697102,0.499235896217
139.2,0.359584739399,-0.928435149614,0.565362846032,-0.824842319675,0.495646505924
140,-0.420064634043,-0.902945317389,-0.197813574004,-0.98023965944,0.495882271484
140.8,-0.944100712259,-0.328004735728,-0.84099893445,-0.541036775326,0.499456630774
141.6,-0.893642594755,0.446529823988,-0.974045626365,0.226351756694,0.498992985436
142.4,-0.299394522357,0.949346770565,-0.516249311748,0.856438350449,0.4954481854
143.2,0.477037943181,0.874477245421,0.254696907983,0.967020933105,0.496137825996
144,0.963188317054,0.267480061372,0.871147401032,0.491021593898,0.499638658671
144.8,0.863229507502,-0.502281265033,0.959171570276,-0.282824855298,0.498725825913
145.6,0.237987393749,-0.966399700131,0.46537513582,-0.885113542412,0.495283189998
146.4,-0.532072295702,-0.842454794885,-0.310711611297,-0.950504231766,0.496415504639
147.2,-0.978360970455,-0.205868194179,-0.898324864346,-0.439331808657,0.499785950943
148,-0.82930775896,0.555991146081,-0.941026309029,0.338333394324,0.498438756795
148.8,-0.175612947472,0.979524625394,-0.412913822,0.910770100301,0.495154199537
149.6,0.584944000339,0.807008123443,0.365666648691,0.93074588478,0.496710797418
150.4,0.989557002072,0.14341956022,0.922438637054,0.386143704947,0.499896115302
151.2,0.792015226626,-0.607441159278,0.919671726103,-0.392688064763,0.498136440596
152,0.112524709154,-0.98866819911,0.359044286891,-0.933320523749,0.495063309051
152.8,-0.635438156071,-0.768281306756,-0.419374598843,-0.907813276971,0.497018908251
153.6,-0.996730904791,-0.0803879866656,-0.943406480378,-0.331638678052,0.499967362483
154.4,-0.751503488806,0.656422182174,-0.8951806502,0.445703492816,0.497823787468
155.2,-0.0489791056895,0.993793256535,-0.303950249765,0.9526879057,0.495011994764
156,0.683349525602,0.726431752886,0.471652293561,0.881784618815,0.497334832871
156.8,0.999853519745,0.0170296700906,0.961156884571,0.276002614554,0.499998535305
157.6,0.707937208506,-0.702735127715,0.867636606871,-0.4971988721,0.497505875456
158.4,-0.0147655770361,-0.994878966487,0.247819605993,-0.968806194698,0.495001090111
159.2,-0.728483369565,-0.681629562494,-0.522321442465,-0.852748679707,0.497653440099
160,-0.99891215483,0.0463978648599,-0.975629312795,-0.219425258379,0.499989127465
160.8,-0.661493464151,0.74619175345,-0.837133533656,0.546998580281,0.497187868016
161.6,0.0784502439627,0.991920916016,-0.190843786239,0.981620420149,0.495030772204
162.4,0.770656238054,0.634056837453,0.571209241035,0.820804485219,0.497969555186
163.2,0.993910636295,-0.109636812197,0.98677440758,0.16209956368,0.499939291765
164,0.612361029834,-0.786615426654,0.803775459711,-0.594932778023,0.496874930154
164.8,-0.141816043969,-0.984931128342,0.133217103599,-0.991086879799,0.495100558952
165.6,-0.809696716274,-0.583906940684,-0.618148959957,-0.78606097938,0.498278043862
166.4,-0.984869293189,0.172430132462,-0.994554159155,-0.104221036782,0.499849837623
167.2,-0.560739608032,0.823841842264,-0.767676151027,0.640837988218,0.49657214454
168,0.204605421994,0.973938013981,-0.0751360908984,0.997173288774,0.495209316894
168.8,0.845446121262,0.531383710216,0.662980513741,0.748636653123,0.49857389572
169.6,0.97182487473,-0.234522597477,0.998942035078,0.0459870694139,0.499722217936
170.4,0.506839017898,-0.857719690713,0.728958722435,-0.684557653515,0.49628442895
171.2,-0.266563165885,-0.958986255276,0.0167988304364,-0.999858889692,0.495355279607
172,-0.877759146871,-0.476700630673,-0.705551006686,-0.708659140182,0.4988523056
172.8,-0.954830400939,0.295661827748,-0.999923070726,0.0124037344815,0.499558505473
173.6,-0.450878342438,0.888111272937,-0.687755217726,0.725942670251,0.496016456398
174.4,0.327437443729,0.940136624773,0.0415957215701,0.999134523449,0.495536076398
175.2,0.906504454377,0.420079965545,0.745715254322,0.666264781803,0.499108751629
176,0.933954947135,-0.355599318272,0.997493920327,-0.0707522360803,0.499361359216
176.8,0.393085038026,-0.914893060063,0.644206159328,-0.76485189696,0.495772579236
177.6,-0.386980827444,-0.917465738215,-0.0998484135141,-0.995002660458,0.495748770804
178.4,-0.931565206316,-0.361751853787,-0.783336278554,-0.621598161758,0.499339068668
179.2,-0.909283363169,0.414091448608,-0.991662868373,0.128859440828,0.499133981173
180,-0.333694009898,0.937956195502,-0.598460069058,0.801152635734,0.495556758461
180.8,0.444951298466,0.891065743126,0.157760577595,0.987477392226,0.49598990829
181.6,0.952839541374,0.301953374398,0.81828577482,0.574811613251,0.499539515958
182.4,0.88091592855,-0.470900473092,0.982449801365,-0.186527177101,0.498880064366
183.2,0.272946657357,-0.957206937404,0.550672961597,-0.834721084774,0.495372499389
184,-0.501113231454,-0.861043944273,-0.215134707365,-0.976584383291,0.496255572354
184.8,-0.970240988417,-0.240927582797,-0.850444549665,-0.52606469939,0.499706837878
185.6,-0.848967944853,0.525795487168,-0.969886139994,0.243558772059,0.498603732857
186.4,-0.211089892589,0.972567039681,-0.501007812409,0.865442760618,0.495222794714
187.2,0.555238352004,0.827522367516,0.271775131314,0.962360783698,0.496541448138
188,0.983698817953,0.178922522906,0.879702927248,0.475523669012,0.499838316822
188.8,0.81356926706,-0.578553365921,0.954014731979,-0.29975972239,0.498309474762
189.6,0.148375137068,-0.983974070041,0.449634001923,-0.893212888574,0.495110075906
190.4,-0.607106664492,-0.790637263826,-0.327488680198,-0.9448551023,0.49684289251
191.2,-0.993158329621,-0.116190218957,-0.905961123382,-0.423360889693,0.499931817338
192,-0.774863775761,0.628959670983,-0.934889705937,0.354938357652,0.498002069355
192.8,-0.0850572996366,0.991381663751,-0.396726737871,0.917936760054,0.495036173721
193.6,0.656507346258,0.750538555483,0.382085345833,0.92412704132,0.497155009478
194.4,0.998581074525,0.0529856511201,0.929129585841,0.3697542599,0.499985820812
195.2,0.733008792338,-0.676809522134,0.912576286784,-0.408906493956,0.497686509448
196,0.0213937404109,-0.994759712088,0.342466457746,-0.93953005557,0.495002288461
196.8,-0.703239604514,-0.707389226704,-0.435378929109,-0.900247292741,0.497472729707
197.6,-0.99994501151,0.0104342808829,-0.949129299782,-0.314886602279,0.49999945013
198.4,-0.688174439521,0.721908430053,-0.887150573284,0.461480075759,0.497367920296
199.2,0.0423567752826,0.994094484721,-0.287038213434,0.957919132301,0.495008970482
200,0.747113492479,0.661364661184,0.487187675007,0.873297297214,0.497790892853
200.8,0.99724459675,-0.0738118019661,0.965892057211,0.258945040146,0.499972483929
201.6,0.64054294991,-0.764073086836,0.858699278521,-0.51247980357,0.497051476353
202.4,-0.105935128676,-0.989388685516,0.230631040104,-0.97304127525,0.495056111257
203.2,-0.787950681435,-0.612651929231,-0.537334892474,-0.843368966307,0.498104331382
204,-0.990490806287,0.136889309426,-0.979360689609,-0.202120359313,0.499905360187
204.8,-0.59030792528,0.803132111062,-0.827319434169,0.56173174545,0.496742317233
205.6,0.169082900767,0.980661441549,-0.173437311509,0.984844911129,0.495142945137
206.4,0.825585185554,0.56144902741,0.58564955701,0.81056436905,0.498407954493
207.2,0.979711091408,-0.199410419987,0.989489262899,0.144606357421,0.499799169113
208,0.537673549667,-0.838926744388,0.793118059568,-0.609067930191,0.49644546423
208.8,-0.231543422684,-0.96794822536,0.115652083911,-0.993289784246,0.495268061783
209.6,-0.859864036562,-0.50796407377,-0.631966893946,-0.774995383829,0.498696830807
210.4,-0.964949267076,0.261121011891,-0.996243234106,-0.0865991830077,0.49965563544
211.2,-0.482853759452,0.871311496833,-0.756211796741,0.654326920178,0.496165738765
212,0.293062818937,0.951300710772,-0.0574724308477,0.998347093797,0.495429429079
212.8,0.89064790549,0.452414461927,0.676128940393,0.736783316833,0.498966268458
213.6,0.946265333836,-0.321770257792,0.999599569159,0.0282966665482,0.49947709041
214.4,0.426071373798,-0.900154738134,0.716726512594,-0.69735436196,0.495907684078
215.2,-0.35339103931,-0.930786562861,-0.000903228976368,-0.999999592089,0.495624426133
216,-0.917811668987,-0.395025977461,-0.71798508397,-0.696058488345,0.499211891299
216.8,-0.923735233943,0.381111644268,-0.999546821449,0.0301023542327,0.499266433912
217.6,-0.367557188984,0.925339232767,-0.674796869651,0.738003512667,0.495675491436
218.4,0.412282875211,0.906489162924,0.0592758083845,0.998241643361,0.495849885846
219.2,0.94124491789,0.336031880185,0.757392576458,0.652959788292,0.499429709977
220,0.897450542681,-0.438903973788,0.996085170872,-0.0883987124875,0.499027087383
220.8,0.307549040317,-0.946762616458,0.630565866797,-0.776135740467,0.495472932061
221.6,-0.469498956342,-0.878507269573,-0.117446230706,-0.993079243008,0.49610214635
222.4,-0.960852405998,-0.275671956045,-0.794217020638,-0.607634202567,0.499616186731
223.2,-0.867518096156,0.49491234508,-0.989226423206,0.146393591494,0.498762938236
224,-0.246290835433,0.964337812251,-0.584184351585,0.811620997365,0.495303295878
224.8,0.524806723637,0.846954617319,0.175216108717,0.984529997129,0.496377110486
225.6,0.976554437198,0.214191542496,0.828332828642,0.560236311741,0.499768292844
226.4,0.834059557051,-0.548909107904,0.978993969858,-0.203889202709,0.498478276724
227.2,0.184031562916,-0.977993384442,0.535810505779,-0.844338262722,0.495169338081
228,-0.577981374511,-0.81195945429,-0.232388421229,-0.972623062486,0.496670312346
228.8,-0.988287189404,-0.151840531305,-0.859623650268,-0.510927763877,0.499883557844
229.6,-0.797210920113,0.600674788353,-0.965422708082,0.260689460316,0.498177726256
230.4,-0.121024280263,0.987673828929,-0.485609305885,0.874175955994,0.495073234382
231.2,0.628806776597,0.77366402096,0.288768185018,0.957399047065,0.496976989811
232,0.996002973962,0.0888723528489,0.887982769782,0.459876723232,0.499960109621
232.8,0.757121959402,-0.649998980926,0.948558921965,-0.316600649968,0.497866168307
233.6,0.0575250853154,-0.993339798817,0.433751960507,-0.901032317265,0.495016545677
234.4,-0.677076346223,-0.732223972,-0.34416311981,-0.938909871586,0.497292161893
235.2,-0.999670429484,-0.025542946027,-0.91331346987,-0.407257296748,0.499996704838
236,-0.713955619515,0.696681203729,-0.928460124581,0.371432089437,0.497548663133
236.8,0.00620792466969,0.994968264345,-0.380415326444,0.924815754303,0.495000192692
237.6,0.72259388809,0.687807743607,0.398384304037,0.917218592429,0.497610709636
238.4,0.999274649321,-0.0378902820211,0.935529361486,0.353248940263,0.499992749124
239.2,0.667887353288,-0.740531713355,0.90519486184,-0.424996778926,0.497230367583
240,-0.0699157020779,-0.992552606493,0.325781305535,-0.945445154921,0.495024441027
240.8,-0.765174392725,-0.640595868884,-0.451246819148,-0.89239918658,0.497927459256
241.6,-0.994817242153,0.101169502167,-0.954554678479,-0.298035846492,0.499948306726
242.4,-0.619104408656,0.781372276109,-0.878842478722,0.477112038827,0.496916451344
243.2,0.133339301854,0.986102643884,-0.270036224291,0.962850163614,0.495088896847
244,0.804644788462,0.590780244047,0.502570380261,0.864536299344,0.498237266178
244.8,0.986316325445,-0.164037511258,0.970324535986,0.241806316841,0.499864099469
245.6,0.567805067568,-0.819036892449,0.849492848669,-0.527600132733,0.496612012974
246.4,-0.196220934004,-0.975644592876,0.213370198435,-0.976971421496,0.495192513275
247.2,-0.840844644909,-0.538563348453,-0.55217995102,-0.83372495566,0.498535098584
248,-0.973806451813,0.226238777541,-0.982785151721,-0.184752119222,0.499741495028
248.8,-0.514197840056,0.853372471708,-0.817246067081,0.576288873605,0.496321997094
249.6,0.258305011402,0.961220961004,-0.155976484525,0.987760768747,0.495333607395
250.4,0.873626825023,0.484157421604,0.599906340543,0.800070236027,0.498816119147
251.2,0.95733846858,-0.287520479289,0.991894029398,0.127067834031,0.499582484717
252,0.458500616731,-0.884239454341,0.782212109942,-0.623012211004,0.496051114078
252.8,-0.319339188645,-0.942890374206,0.0980508208611,-0.995181408854,0.495509887587
253.6,-0.902858083168,-0.427783600481,-0.64558678044,-0.763686918129,0.499075763592
254.4,-0.936979311104,0.347633532413,-0.997620103658,-0.0689501905477,0.499389651147
255.2,-0.400939783148,0.911512379174,-0.744510458756,0.667610797398,0.495803763549
256,0.379075387725,0.92072733853,-0.0397907599312,0.999208034107,0.495718490748
256.8,0.928419606696,0.369671020725,0.689065479928,0.724699085394,0.49930981483
257.6,0.912811730711,-0.406333602886,0.999943846022,0.0105973959966,0.499166126279
258.4,0.341749299646,-0.935080393351,0.70426969306,-0.709932531609,0.495583962919
259.2,-0.437270806367,-0.894821937304,-0.0186050053328,-0.999826911909,0.495956028791
260,-0.950207498869,-0.310055885288,-0.730194157146,-0.683239703816,0.499514471455
260.8,-0.884933958351,0.463382099853,-0.998857331486,0.0477915404268,0.498915540553
261.6,-0.281169750399,0.954847702907,-0.661627051908,0.749833077547,0.495395282143
262.4,0.493688904913,0.865279464979,0.0769373191859,0.997035931608,0.496218643674
263.2,0.968133201162,0.249180504373,0.76883254486,0.639450168476,0.499686409476
264,0.853459305327,-0.518547145407,0.994364265551,-0.106017486267,0.498641963929
264.8,0.219447365544,-0.970733962123,0.616727965829,-0.787176356457,0.495240785731
265.6,-0.548100367755,-0.832219999158,-0.135007242281,-0.990844611698,0.496502070066
266.4,-0.982123853208,-0.187292310549,-0.804848868844,-0.593479821325,0.499822836315
267.2,-0.818515702734,0.571604517069,-0.986479971588,0.16388186494,0.498349839778
268,-0.156833020359,0.982674600103,-0.569725560839,0.821835011013,0.495122982981
268.8,0.600284035409,0.795777912527,0.192616730141,0.981274067358,0.496801704616
269.6,0.992122588949,0.124642853034,0.838120297283,0.545485441861,0.499921536158
270.4,0.780245181476,-0.622338559158,0.975231338573,-0.221187332967,0.498043912716
271.2,0.093581215561,-0.990621083227,0.520780136216,-0.853690839662,0.49504378722
272,-0.65002780343,-0.756101326689,-0.24956930858,-0.968356938435,0.497112680726
272.8,-0.998088767771,-0.0614867752641,-0.868533359686,-0.495630712439,0.499980905942
273.6,-0.738803294966,0.670543059344,-0.96065672939,0.277738453006,0.497729151543
274.4,-0.0299490428706,0.994541112415,-0.470058617805,0.882635199744,0.495004484726
275.2,0.69712948453,0.713351510113,0.305670743768,0.95213727813,0.497429947591
276,0.999998139692,-0.00191922013068,0.895984333873,0.444085660041,0.499999981397
276.8,0.694358486869,-0.716022086807,0.942805849991,-0.333342360379,0.497410668541
277.6,-0.0338048599582,-0.994418754413,0.417733988728,-0.908569378012,0.495005713843
278.4,-0.741397630383,-0.667702222646,-0.360729704653,-0.932670402758,0.497748352232
279.2,-0.997842943926,0.0653174147108,-0.920379599713,-0.39102607641,0.499978452704
280,-0.647091406453,0.758590788619,-0.921739579879,0.387809420829,0.497093636442
280.8,0.09742136039,0.990254506556,-0.363984699433,0.931404927289,0.495047454607
281.6,0.782652309778,0.619339009251,0.41455841549,0.910022703094,0.49806272319
282.4,0.991631940428,-0.128450121744,0.94163595841,0.336632918518,0.499916669526
283.2,0.597194174322,-0.798076141088,0.897529764483,-0.440953877257,0.496783204409
284,-0.160641884372,-0.982065294741,0.308994059098,-0.951063968113,0.495129029075
284.8,-0.820725839966,-0.568458445848,-0.466973296239,-0.884271417948,0.498367954522
285.6,-0.981390374289,0.191060733591,-0.959680916249,-0.281091691424,0.499815635334
286.4,-0.544869601532,0.834317653027,-0.870258970127,0.492594483234,0.496484414413
287.2,0.223209467326,0.969884404638,-0.252949610466,0.967479454337,0.495249112332
288,0.855463468219,0.515267340317,0.517795588651,0.855504370751,0.498659088727
288.8,0.967159873125,-0.25289476471,0.974452931833,0.224591815618,0.499676991101
289.6,0.490330365246,-0.867168018084,0.840020202451,-0.542555121139,0.496202119335
290.4,-0.284869798604,-0.953761346388,0.196042490237,-0.980595401795,0.495405754011
291.2,-0.886724000833,-0.459981891908,-0.566851965921,-0.823819670032,0.498931397268
292,-0.94899827788,0.313700886028,-0.985901625964,-0.167325981012,0.499502988657
292.8,-0.433798144294,0.896493713479,-0.80691658921,0.590665402794,0.49594090415
293.6,0.34537225515,0.933761653378,-0.138466777208,0.990367079223,0.495596409973
294.4,0.914380377021,0.402826812486,0.613975123805,0.789325374829,0.499180457369
295.2,0.926979407724,-0.373231946488,0.993987953462,0.109489489779,0.499296454112
296,0.375502718141,-0.922175542715,0.77106102857,-0.636761250565,0.495705011457
296.8,-0.404470920176,-0.909966615863,0.0804188303796,-0.996761160821,0.495817983626
297.6,-0.938320185361,-0.344034413173,-0.659004351203,-0.752139126156,0.499402223851
298.4,-0.901192760011,0.431245977618,-0.998684336324,-0.0512795902904,0.499060741953
299.2,-0.315681032934,0.944109120066,-0.732575804071,0.68068545694,0.495498272573
300,0.461925582711,0.882472950564,-0.0220966192787,0.999755839901,0.49606687622
300.8,0.9584461207,0.283843660099,0.70178607826,0.712387745796,0.499593094831
301.6,0.871743146511,-0.48750717702,0.999974757779,-0.00710519559563,0.498799680567
302.4,0.254576238415,-0.962205294855,0.691592167585,-0.722288220681,0.495324045306
303.2,-0.517502713956,-0.851392407552,-0.0363009512023,-0.999340903267,0.496339045295
304,-0.974676379659,-0.22249920311,-0.742174400102,-0.670206803781,0.499749970225
304.8,-0.838750267395,0.541786866817,-0.997854816911,0.0654657495787,0.498517510055
305.6,-0.192436699618,0.976390513818,-0.648249891691,0.761427657708,0.495185159417
306.4,0.570976416479,0.816851316034,0.094574719162,0.995517766037,0.496630070341
307.2,0.986944993131,0.160250381367,0.78003157444,0.625740156036,0.499870302097
308,0.802348224702,-0.593864423125,0.992331743668,-0.123603036,0.498218813368
308.8,0.129514987375,-0.986607120066,0.602696792983,-0.79797028499,0.49508387066
309.6,-0.622129342392,-0.778990070875,-0.152525944921,-0.988299466825,0.496935224593
310.4,-0.995202094412,-0.0973502098906,-0.815228491335,-0.579139453772,0.499952136044
311.2,-0.762684977275,0.643528172798,-0.983424374208,0.181318780644,0.497908441873
312,-0.0660668517197,0.992813587434,-0.555088227957,0.831791475782,0.495021824144
312.8,0.670753576778,0.737962561955,0.209956988814,0.977710623267,0.497249551804
313.6,0.999414121892,0.0340543511605,0.847645113518,0.530563626277,0.499994142935
314.4,0.719921739366,-0.690576253788,0.971163086653,-0.238416146941,0.497591436554
315.2,0.00235018237423,-0.994984689267,0.505586563165,-0.862775884658,0.495000027617
316,-0.716651482778,-0.693935548671,-0.266671985227,-0.963787348067,0.497567946739
316.8,-0.99956395547,0.0293799240425,-0.877170885771,-0.480178338907,0.499995640505
317.6,-0.674232325374,0.73481743563,-0.955589697494,0.294700407268,0.497272946143
318.4,0.0613760394643,0.99311160096,-0.454360621483,0.890817840889,0.495018835091
319.2,0.759636504899,0.647087982133,0.322477510593,0.946577125839,0.497885238098
320,0.995650986134,-0.0926947823334,0.903705111971,0.428155428084,0.499956604431
320.8,0.625802443361,-0.776071896711,0.936757318969,-0.349979607059,0.496958143491
321.6,-0.124852793772,-0.987201935821,0.401585106341,-0.91582170883,0.495077941101
322.4,-0.799533927285,-0.597610277798,-0.377183243045,-0.926138651156,0.498196272504
323.2,-0.987691118444,0.155632875706,-0.927157298508,-0.374672315262,0.499877668727
324,-0.574828940227,0.814171955169,-0.914730177935,0.404065219456,0.496652141553
324.8,0.187822074504,0.977279714128,-0.347440005912,0.937702214081,0.495176385658
325.6,0.836181583859,0.545703541519,0.430602611506,0.902541628383,0.498495998206
326.4,0.975716705881,-0.217938387545,0.94744746291,0.319911401838,0.499760115451
327.2,0.521519001609,-0.84896275045,0.88958339682,-0.456772788268,0.496359910345
328,-0.250027938282,-0.963385265498,0.292109979267,-0.956384734305,0.49531256985
328.8,-0.869430517464,-0.491578752133,-0.482553431975,-0.875866533948,0.498779547123
329.6,-0.959776419346,0.279358072408,-0.964506406618,-0.264059447082,0.499605853876
330.4,-0.466089309766,0.880302872748,-0.861402737423,0.50792255705,0.496086196223
331.2,0.311217544689,0.945575064962,-0.235783726608,0.971805553733,0.495484281801
332,0.899145585308,0.435455903918,0.532858528858,0.846204341884,0.499042313918
332.8,0.939935049332,-0.339642285364,0.978275950984,0.207306931205,0.499417389485
333.6,0.408765162851,-0.908064937779,0.830284308429,-0.557340082154,0.495835444792
334.4,-0.371142183968,-0.923921503423,0.178653345712,-0.983912080455,0.495688732604
335.2,-0.92520600826,-0.377563112415,-0.581346339219,-0.813656213567,0.499280030789
336,-0.916273242581,0.398545996693,-0.988709135689,-0.149847405733,0.499197783275
336.8,-0.349779559172,0.932136104539,-0.796334237636,0.604856827662,0.4956117287
337.6,0.429558287912,0.898512593408,-0.120913676798,0.992663025786,0.495922601614
338.4,0.947505861772,0.318135687229,0.627851497881,0.77833315271,0.49948883679
339.2,0.888887174288,-0.455829787829,0.995770378893,0.0918768334152,0.498950602043
340,0.289372250155,-0.952418533961,0.759668310007,-0.650310740163,0.495418681496
340.8,-0.486228419871,-0.869451611346,0.0627616380275,-0.998028545079,0.496182090381
341.6,-0.96595450641,-0.257415175604,-0.672215401401,-0.74035562679,0.499665340542
342.4,-0.857888157187,0.511260824492,-0.999435598592,-0.0335929198965,0.498679860451
343.2,-0.227788765852,0.968829786583,-0.720411572798,0.693546801433,0.495259438609
344,0.54092223983,0.836856677785,-0.0043955539279,0.999990339506,0.496462984348
344.8,0.98047695627,0.195648380627,0.714286748973,0.699853156199,0.499806675309
345.6,0.823402189117,-0.564613803062,0.999692294742,-0.0248055605424,0.498389955825
346.4,0.165279416969,-0.981303157634,0.678697909086,-0.734417557117,0.495136586428
347.2,-0.593417440641,-0.800860277284,-0.0539855209816,-0.99854171847,0.496760721294
348,-0.991014183761,-0.133086358085,-0.753922058437,-0.656963872524,0.499910545562
348.8,-0.785569440888,0.615671866343,-0.996539591894,0.0831194428969,0.498085596732
349.6,-0.10209827746,0.98978794816,-0.634669581168,0.772783619611,0.495052120291
350.4,0.643500651611,0.761608719923,0.112182481057,0.993687622417,0.497070465443
351.2,0.99752335953,0.0699833960263,0.790986155616,0.611834047454,0.499975264264
352,0.744543686555,-0.664227484995,0.989988242179,-0.141149850679,0.497771726506
352.8,0.0385021518183,-0.99424967109,0.588476745387,-0.808514143438,0.495007412078
353.6,-0.69096830576,-0.719261546609,-0.169996848568,-0.985444605991,0.497387185998
354.4,-0.999978026543,-0.00659598118803,-0.825352635317,-0.56461759393,0.499999780268
355.2,-0.700491678381,0.710083301052,-0.980060588637,0.198698874178,0.497453442957
356,0.0252504687163,0.994670191416,-0.540276940024,0.841487271489,0.495003187931
356.8,0.735627467236,0.673990880616,0.227231450597,0.973840781576,0.497705738853
357.6,0.998368207619,-0.0568182435122,0.856904292435,0.51547554123,0.49998369539
358.4,0.65359246907,-0.753052930099,0.966790489019,-0.255570245417,0.497135915578
359.2,-0.0889004568207,-0.991047799901,0.49023454803,-0.871590550613,0.495039516456
360,-0.777296615516,-0.625980727972,-0.283691091487,-0.958915723414,0.498020950142
360.8,-0.992700445989,0.120001526186,-0.885533521671,-0.464575485789,0.499927270877
361.6,-0.604036683986,0.792961718846,-0.950223200314,0.311570007519,0.496824301578
362.4,0.152189102329,0.983397220029,-0.438520236401,0.898721315129,0.495115807614
363.2,0.815806383212,0.575426229555,0.339183218544,0.940720332648,0.498327700274
364,0.982997778698,-0.182697053627,0.911142684516,0.412091019622,0.499831423165
364.8,0.552025746348,-0.829647455017,0.930415224406,-0.366507176184,0.496523662123
365.6,-0.214859163778,-0.971749548157,0.385310374128,-0.922787036964,0.495230822301
366.4,-0.851000244475,-0.522532867928,-0.393518578733,-0.919316663719,0.49862100708
367.2,-0.969299642966,0.244649995146,-0.933644442241,-0.358201138292,0.499697708989
368,-0.497771058524,0.862961026677,-0.907434115374,0.420194391032,0.496238880134
368.8,0.276655913989,0.956152127123,-0.330786430703,0.943705641216,0.495382692474
369.6,0.882735151208,0.467515632139,0.446511864111,0.894777712736,0.498896106736
370.4,0.951661715896,-0.305608538349,0.952962053761,0.303089630458,0.499528300108
371.2,0.441493142776,-0.892767028308,0.881358249106,-0.472448554588,0.495974580976
372,-0.337328175419,-0.93666835382,0.275134357221,-0.961405786064,0.49556895149
372.8,-0.910882114494,-0.410598143884,-0.497982343811,-0.867187168524,0.499148531133
373.6,-0.930155688172,0.365324912652,-0.96902963736,-0.246944451077,0.499325948021
374.4,-0.383420744927,0.918944311172,-0.852276555999,0.523091456721,0.495735057338
375.2,0.396629341097,0.913377421509,-0.218543952207,0.975827106076,0.495786574171
376,0.935326728883,0.352011748575,0.547754480419,0.836639127212,0.499374180449
376.8,0.904868972659,-0.423556396358,0.981792395373,0.189957080385,0.499093939288
377.6,0.323789904609,-0.941386475735,0.820288217666,-0.571950382427,0.495524199512
378.4,-0.454318376972,-0.886373997939,0.16120821432,-0.986920418086,0.496032025938
379.2,-0.9559696374,-0.291994575027,-0.595658528629,-0.803237771318,0.499569389738
380,-0.875904349117,0.480066303218,-0.991206801071,-0.13232187087,0.498836042144
380.8,-0.262842995859,0.960002304129,-0.785502328684,0.618858700861,0.495345432202
381.6,0.510160801617,0.855767840555,-0.103322684133,0.994647888925,0.496301320218
382.4,0.972726935391,0.230790567555,0.641531114157,0.767097014443,0.499730988454
383.2,0.843379546438,-0.534624944465,0.99724074711,0.0742353844406,0.498556445297
384,0.200827741974,-0.974716130919,0.748037524535,-0.663656433622,0.49520165891
384.8,-0.563929639295,-0.821683350388,0.0450847772635,-0.998983164452,0.49659008319
385.6,-0.985530511557,-0.168648494456,-0.685215790917,-0.728340112776,0.499856351946
386.4,-0.807426764129,0.587010562395,-0.999873655029,-0.0158957220625,0.498259689897
387.2,-0.137996208619,0.985468150649,-0.708021576999,0.706190800354,0.495095214768
388,0.615406342519,0.784259066413,0.0133068889135,0.999911459434,0.496893624832
388.8,0.994328324799,0.10582093686,0.726563574572,0.687099244728,0.499943444087
389.6,0.768192134979,-0.637010231722,0.999096545429,-0.0424981518556,0.497950595781
390.4,0.0746037792907,-0.992214660925,0.665590958401,-0.746316739793,0.495027828619
391.2,-0.664381680356,-0.743647102448,-0.0716531726323,-0.997429607968,0.497207015086
392,-0.999084615742,-0.0425632621032,-0.765433450638,-0.643515060153,0.499990850347
392.8,-0.725835131091,0.684420725029,-0.994912068605,0.100747088019,0.497634183188
393.6,-0.0109081172874,0.994928240049,-0.620890376176,0.783897404493,0.495000594935
394.4,0.710656588859,0.700012528877,0.129755086902,0.991546074281,0.497525163936
395.2,0.999780052086,-0.0208674142351,0.80169285541,0.597736200664,0.499997800763
396,0.680527915695,-0.729049338797,0.987334495497,-0.158652431437,0.49731559122
396.8,-0.0528318815795,-0.993597858475,0.574072279356,-0.818804627537,0.495013956039
397.6,-0.75404298018,-0.653532701707,-0.187414478143,-0.982280923862,0.49784290408
398.4,-0.996411807175,0.084213273398,-0.835218128057,-0.5499187927,0.499964182447
399.2,-0.632454643377,0.770714676667,-0.976389669029,0.216016698922,0.49699999438
400,0.116357141288,0.988228923638,-0.525296338643,0.850919359639,0.495067694922
