time,volume_factor,number_density,pressure
80,0.933227239345,1.07155037684,0.85401191214
80.4,0.929488303459,1.07586076799,0.971586883545
80.8,0.933630540597,1.07108749823,0.73069063024
81.2,0.939558958478,1.06432916314,0.343319645369
81.6,0.930169451504,1.07507293255,0.974593633037
82,0.919547762449,1.08749109164,1.8834172958
82.4,0.924549721934,1.0816075937,1.40343093659
82.8,0.93227097674,1.07264950315,0.891269915798
83.2,0.932248669045,1.07267517048,0.830500983454
83.6,0.925126193375,1.08093361442,1.48797452805
84,0.921649934898,1.08501065549,1.6249187205
84.4,0.923029455177,1.08338904505,1.63885128115
84.8,0.919599034113,1.08743045926,1.76090687152
85.2,0.919162118023,1.08794736031,1.59894074072
85.6,0.91817184461,1.08912074125,1.89399547987
86,0.912256305243,1.09618316065,2.57345456506
86.4,0.921766393167,1.08487357254,1.86831897948
86.8,0.923615256763,1.08270190718,1.52592326248
87.2,0.928348740355,1.0771814045,1.17513661743
87.6,0.922508262718,1.08400113084,1.54116667817
88,0.918282876999,1.08898905234,2.08239626438
88.4,0.914505964431,1.09348658062,2.18178597254
88.8,0.915260230502,1.09258543819,2.19187188266
89.2,0.928399142433,1.07712292515,1.19197078881
89.6,0.92438692912,1.08179807448,1.38833265601
90,0.929357403773,1.07601230263,1.19287849673
90.4,0.931904551542,1.07307126931,0.932253060052
90.8,0.926991664694,1.07875835144,1.10453345893
91.2,0.929552892664,1.07578601271,1.04267787894
91.6,0.929269014075,1.07611465017,1.15280531932
92,0.925231876919,1.08081014603,1.37549936623
92.4,0.925814516274,1.08012996386,1.24766787211
92.8,0.928642182896,1.07684102491,1.06815259801
93.2,0.926156520963,1.07973110092,1.32783343802
93.6,0.928247435522,1.07729896333,1.204727085
94,0.93441506783,1.07018822195,0.607669040212
94.4,0.936979413545,1.06725930746,0.386263708743
94.8,0.932986501703,1.07182686799,0.783249417157
95.2,0.927962411413,1.07762985623,1.07853714568
95.6,0.932229757442,1.07269693122,0.817242221267
96,0.936527057244,1.06777480935,0.439354337611
96.4,0.931210936581,1.07387054932,0.823159786178
96.8,0.929685700312,1.07563233431,0.896666408773
97.2,0.926483024039,1.07935059149,1.37383789443
97.6,0.927309508693,1.07838859693,1.3436132725
98,0.916794134958,1.0907574142,1.89685727042
98.4,0.914760314477,1.09318253555,2.24512994234
98.8,0.915040905855,1.09284731819,2.19531733907
99.2,0.916549755302,1.09104824284,2.01368766236
99.6,0.912804148631,1.09552525753,2.52202632144
100,0.91041131757,1.09840462294,2.79323093839
100.4,0.910667387781,1.09809576297,2.75534684078
100.8,0.913358875979,1.09485989166,2.35882551037
101.2,0.921457315918,1.08523746323,1.61169642268
101.6,0.922484187699,1.08402942114,1.76609535947
102,0.915049494586,1.09283706064,2.26830714882
102.4,0.911786975602,1.09674740565,2.6045814333
102.8,0.903495581704,1.10681227474,3.47051797944
103.2,0.902364446924,1.10819968961,3.46459244247
103.6,0.907471854284,1.10196255154,3.36820337785
104,0.906773039411,1.10281179142,3.06694241086
104.4,0.911635233642,1.09692995959,2.74062225522
104.8,0.913937083423,1.09416722238,2.37993022003
105.2,0.923809528818,1.08247422094,1.54710411985
105.6,0.924393093217,1.08179086077,1.40367705713
106,0.929688597245,1.07562898261,1.03098089129
106.4,0.919243194603,1.08785140415,2.0054358167
106.8,0.918943224092,1.08820651133,1.95797581054
107.2,0.911130308516,1.09753785013,2.71108831909
107.6,0.913279319687,1.09495526554,2.28990975027
108,0.919141209865,1.08797210838,2.12083748474
108.4,0.926135744153,1.07975532346,1.29463106455
108.8,0.924686867364,1.08144717449,1.54094931696
109.2,0.926835042866,1.07894064612,1.1254493166
109.6,0.928226807992,1.07732290362,1.06974182008
110,0.929224119607,1.0761666415,1.01856412164
110.4,0.932257757855,1.07266471271,0.937996067289
110.8,0.934806241015,1.06974039766,0.669120601752
111.2,0.935824218179,1.06857674826,0.628129921987
111.6,0.943333497062,1.06007048739,0.0616250625759
112,0.938907265817,1.06506791076,0.475620041512
112.4,0.935505550543,1.06894074484,0.533609181532
112.8,0.933308739511,1.07145680488,0.842033338257
113.2,0.924494979623,1.08167163916,1.33687931891
113.6,0.920546979505,1.0863106634,1.80699548923
114,0.921623211399,1.0850421166,1.57825352862
114.4,0.922806809051,1.08365043495,1.54676600659
114.8,0.924229876278,1.08198190263,1.42920218006
115.2,0.919674948307,1.08734069776,1.81303466702
115.6,0.926035456905,1.07987225818,1.30889289758
116,0.930374388606,1.07483612215,0.934045987207
116.4,0.927477632078,1.07819311799,1.10511170341
116.8,0.933391342596,1.0713619833,0.697251874769
117.2,0.937859970551,1.06625725737,0.528748446312
117.6,0.936990508379,1.06724667012,0.508256629724
118,0.937146891847,1.06706857666,0.473490072034
118.4,0.936028213229,1.06834386599,0.536758234634
118.8,0.92892058909,1.07651828557,0.97077184976
119.2,0.929390554603,1.07597392189,1.16392508859
119.6,0.918557461845,1.08866352029,2.04358264454
120,0.931142280447,1.07394972927,1.03024876162
120.4,0.926962646973,1.07879212098,1.20279177819
120.8,0.936948800237,1.06729417845,0.412010204677
121.2,0.928277842792,1.07726367463,1.02458065476
121.6,0.937324219882,1.06686670289,0.320030196907
122,0.932623273142,1.07224431214,0.777399348128
122.4,0.938117543657,1.06596450174,0.364711641059
122.8,0.943078268066,1.06035737845,0.103822093019
123.2,0.933704325659,1.0710028566,0.851363881693
123.6,0.941680268267,1.06193156393,0.221840659142
124,0.938915788577,1.06505824289,0.359839850508
124.4,0.942978400969,1.06046967669,0.0376989448979
124.8,0.934734150489,1.06982290042,0.485646236862
125.2,0.928536169017,1.07696397121,1.11195156653
125.6,0.932968953985,1.07184702742,0.773673896884
126,0.93245437287,1.07243853329,0.755215478675
126.4,0.930844932233,1.07429279075,0.857404270051
126.8,0.930336713073,1.07487964943,0.80426928182
127.2,0.932150979827,1.0727875866,0.808334520227
127.6,0.927537529969,1.07812349117,1.04642075569
128,0.932403557889,1.07249698002,0.918052125192
128.4,0.93066608652,1.07449923714,0.97658415549
128.8,0.927278701459,1.07842442453,1.06875387958
129.2,0.926479109778,1.07935515161,1.47662065401
129.6,0.928787821916,1.07667217033,1.09838713613
130,0.927983521598,1.07760534183,1.13792037119
130.4,0.936988442268,1.06724902346,0.557326467444
130.8,0.929150960834,1.07625137588,1.1714182488
131.2,0.929753105585,1.07555435308,0.951625945754
131.6,0.925097860019,1.08096672062,1.32312350354
132,0.93007517286,1.07518190914,0.918023376583
132.4,0.928358704686,1.07716984281,1.1418768311
132.8,0.921792812967,1.08484247863,1.57232992468
133.2,0.924434222001,1.08174273107,1.46495881434
133.6,0.927435134317,1.07824252392,1.25376096544
134,0.932708532208,1.07214629809,0.903946673382
134.4,0.931534825236,1.07349717145,0.867907613948
134.8,0.930091259106,1.0751633135,1.07888080945
135.2,0.924604460645,1.08154356005,1.37529820457
135.6,0.932893206024,1.07193405799,0.731091186042
136,0.92961483603,1.07571432946,1.10793290693
136.4,0.935120329446,1.06938109301,0.655374913876
136.8,0.931977123912,1.07298771004,0.818085295195
137.2,0.933619748135,1.07109987979,0.794168433492
137.6,0.941103906229,1.06258192467,0.129531974233
138,0.940991126939,1.06270927682,0.301018445195
138.4,0.940864744727,1.06285202587,0.185476997884
138.8,0.934818786414,1.0697260416,0.587697341996
139.2,0.940286502999,1.0635056409,0.32916805939
139.6,0.93825649317,1.06580663953,0.231660538361
140,0.936530167765,1.06777126292,0.534850711338
140.4,0.934123554951,1.07052219666,0.706694665058
140.8,0.929421175218,1.07593847296,1.08052411167
141.2,0.936681344597,1.06759892867,0.46905495073
141.6,0.936983782598,1.06725433094,0.478943724207
142,0.932112313737,1.07283208822,0.680811375298
142.4,0.936297787799,1.06803627332,0.599014557095
142.8,0.931187585561,1.07389747835,1.00236402803
143.2,0.92936941207,1.07599839957,0.982584070426
143.6,0.936089506507,1.06827391296,0.576852714244
144,0.940155888986,1.06365339165,0.429770146954
144.4,0.93917919149,1.06475953584,0.29574326221
144.8,0.934779248696,1.06977128707,0.743455981345
145.2,0.931142730552,1.07394921014,0.872949937296
145.6,0.932146968335,1.07279220334,0.808702803188
146,0.9339145256,1.07076180163,0.783777106496
146.4,0.932664723304,1.07219665869,0.993466028576
146.8,0.936206460444,1.06814046073,0.417699919917
147.2,0.927528437567,1.07813405983,1.24250432034
147.6,0.927671401229,1.07796790833,1.25029571937
148,0.927180277401,1.07853890379,1.09546140276
148.4,0.933703206539,1.07100414028,0.827538938254
148.8,0.936798290456,1.06746565423,0.44964431611
149.2,0.934426315008,1.07017534068,0.555297123806
149.6,0.930578614988,1.07460023677,1.08689187538
150,0.937710332499,1.0664274087,0.702460649825
150.4,0.927858315369,1.07775075508,1.15505870082
150.8,0.931077586682,1.07402435018,0.947023658888
151.2,0.930618687907,1.07455396393,0.820278798856
151.6,0.928107990409,1.07746082388,1.04205947441
152,0.920052328928,1.08689469996,1.78758703389
152.4,0.925034393134,1.08104088607,1.44799044911
152.8,0.930298832496,1.07492341715,0.866891824182
153.2,0.93280771357,1.07203230146,0.774584061962
153.6,0.927966947607,1.07762458844,1.16038683359
154,0.929540483168,1.0758003746,1.14357898452
154.4,0.933972581302,1.07069524312,0.675026364499
154.8,0.933731996479,1.07097111781,0.754620905822
155.2,0.928114410093,1.07745337119,1.11315461349
155.6,0.926897347036,1.07886812191,1.37381966096
156,0.929558266268,1.07577979379,1.03541099608
156.4,0.935482251505,1.06896736778,0.716600716879
156.8,0.935655670597,1.06876924004,0.64359391397
157.2,0.93666107969,1.06762202646,0.554367444826
157.6,0.934765093256,1.06978748695,0.555905734074
158,0.938690109991,1.06531430273,0.357518912721
158.4,0.928859423031,1.07658917507,1.08805146862
158.8,0.938158365412,1.0659181188,0.49835756869
159.2,0.93263806041,1.07222731138,0.683736719021
159.6,0.936868147795,1.06738605892,0.459181408987
160,0.938256958668,1.06580611075,0.316661623734
160.4,0.92749949783,1.07816769965,1.07268087258
160.8,0.929326244216,1.07604838045,0.947198520446
161.2,0.928747207919,1.07671925307,1.0879140805
161.6,0.936367278908,1.06795701059,0.586171375267
162,0.93219637478,1.07273534531,0.690048576014
162.4,0.932582966262,1.07229065528,0.905653669797
162.8,0.937138416777,1.06707822676,0.611095598685
163.2,0.930632804012,1.07453766479,0.865988865175
163.6,0.919729303744,1.08727643659,1.74578542834
164,0.924820836558,1.08129051647,1.46758830044
164.4,0.929092011901,1.07631966177,1.12676101244
164.8,0.929733814471,1.07557666983,0.962727930255
165.2,0.926691010416,1.07910834222,1.24523059768
165.6,0.927956243553,1.07763701893,1.08014004723
166,0.927756346457,1.07786920975,1.07777956678
166.4,0.930848469302,1.07428870861,1.01291356673
166.8,0.924441179734,1.08173458942,1.46162972663
167.2,0.934922601989,1.06960725719,0.596775099654
167.6,0.93626900377,1.06806910832,0.471935888525
168,0.937166504104,1.06704624591,0.451012811408
168.4,0.937525260866,1.06663792619,0.402409883835
168.8,0.94357758108,1.05979626906,0.0649045563663
169.2,0.94532304978,1.05783943408,0.10955914087
169.6,0.939113559441,1.06483394894,0.276481065175
170,0.93672309409,1.06755134608,0.611407653788
170.4,0.94367351834,1.05968852634,-0.00422857819944
170.8,0.941994981643,1.06157678065,0.102289317025
171.2,0.943987412792,1.05933615899,0.0135115058987
171.6,0.943626934452,1.05974083983,-0.0725225862288
172,0.932056464342,1.07289637297,0.751493844417
172.4,0.928595040735,1.0768956931,1.23982457924
172.8,0.933454020721,1.07129004515,0.717470144915
173.2,0.933282463562,1.07148697103,0.827785208614
173.6,0.938870174422,1.06510998777,0.340674760435
174,0.933541388257,1.0711897861,0.644106123204
174.4,0.925400932931,1.08061269923,1.28358094685
174.8,0.91668753876,1.09088425196,1.96375009784
175.2,0.919970398267,1.08699149656,1.9280208878
175.6,0.91789981803,1.08944351045,1.85224531977
176,0.920074521832,1.08686848323,1.84559452957
176.4,0.919881712262,1.08709629365,2.01173427261
176.8,0.912106649697,1.09636301888,2.19642751085
177.2,0.911437801831,1.09716757193,2.44950872898
177.6,0.909688968934,1.09927682334,2.70287539039
178,0.91277482052,1.09556045754,2.65631996391
178.4,0.918673359572,1.08852617699,1.91869407884
178.8,0.924569536362,1.0815844138,1.42799691385
179.2,0.924385211453,1.08180008465,1.2682173667
179.6,0.925460295792,1.08054338425,1.4290581503
180,0.924777844811,1.08134078429,1.38329119334
180.4,0.930048057853,1.07521325544,0.999635309765
180.8,0.92786323346,1.07774504252,1.18710457533
181.2,0.932474465687,1.07241542455,0.682548328194
181.6,0.938245189763,1.06581947972,0.359512485503
182,0.943501928128,1.05988124686,0.0239295100668
182.4,0.942843546556,1.0606213551,0.0739352536913
182.8,0.945711310201,1.05740513962,-0.0672068860797
183.2,0.942022890158,1.06154533021,-0.0317604796784
183.6,0.931071613814,1.07403124009,0.820208735055
184,0.93031596095,1.07490362627,0.934555791324
184.4,0.928151469085,1.07741035091,0.998091920927
184.8,0.925257954156,1.08077968474,1.37210594437
185.2,0.925447376444,1.08055846875,1.46140418397
185.6,0.925791559747,1.08015674746,1.37871102381
186,0.92635824633,1.07949597681,1.44435503715
186.4,0.937769485828,1.06636013979,0.603166344066
186.8,0.943460823884,1.05992742325,0.274163661686
187.2,0.944719685711,1.05851504433,0.0346185826492
187.6,0.948484853986,1.05431309293,-0.239950213739
188,0.939437671606,1.06446657423,0.309538597814
188.4,0.942318562936,1.06121224746,0.0772123580801
188.8,0.939973672536,1.06385958375,0.313593092708
189.2,0.938660644993,1.06534774344,0.286937931367
189.6,0.929098653543,1.07631196772,1.07368205538
190,0.930640008279,1.07452934658,0.877991442208
190.4,0.924895962228,1.08120268748,1.47187335272
190.8,0.921334902561,1.08538165353,1.59045677623
191.2,0.923953452591,1.08230560446,1.40878290969
191.6,0.927987028529,1.07760126948,1.13360865047
192,0.932759343199,1.07208789415,0.705664179929
192.4,0.941261416276,1.06240411294,0.281309004221
192.8,0.938433710634,1.06560536846,0.591118427735
193.2,0.932666455633,1.07219466719,0.688343205219
193.6,0.934041768023,1.07061593414,0.634661002782
194,0.936414867299,1.06790273726,0.534518749127
194.4,0.934252120145,1.07037487894,0.653841054743
194.8,0.943648544106,1.05971657165,0.119747005391
195.2,0.94625594956,1.05679652579,-0.267628034734
195.6,0.949068708853,1.05366449307,-0.169347868982
196,0.953649064769,1.0486037652,-0.518085933063
196.4,0.94511884276,1.05806799606,-0.034037466189
196.8,0.945706036346,1.05741103638,-0.15506705933
197.2,0.942407404825,1.0611122057,0.179135945989
197.6,0.940486193787,1.06327982974,0.222651321764
198,0.938915104842,1.06505901848,0.256124000633
198.4,0.935393348799,1.06906896578,0.571031529174
198.8,0.928651113871,1.07683066877,1.03167043624
199.2,0.926372414492,1.07947946674,1.28685808558
199.6,0.925120429811,1.08094034871,1.50824091482
200,0.928329287367,1.07720397666,1.14566852245
200.4,0.935160415607,1.06933525341,0.863248220575
200.8,0.938167152885,1.06590813473,0.485729733202
201.2,0.932756301757,1.07209138991,0.864675387066
201.6,0.937214482022,1.06699162164,0.410131156502
202,0.945998107417,1.05708456725,0.0263972050322
202.4,0.942815381986,1.06065303887,0.103883517992
202.8,0.944981220886,1.05822208727,-0.0373360717683
203.2,0.949468781941,1.05322051553,-0.443743832508
203.6,0.955562873417,1.04650361354,-0.860466025868
204,0.95334181024,1.04894172191,-0.740349794468
204.4,0.948725260962,1.05404592999,-0.242393174198
204.8,0.949815146818,1.05283644228,-0.484491005531
205.2,0.949664571636,1.053003376,-0.325496364438
205.6,0.949878867139,1.0527658153,-0.33434318877
206,0.950383387326,1.05220694441,-0.352478524262
206.4,0.943198278642,1.0602224608,0.0413969703079
206.8,0.951940200687,1.05048615373,-0.530747183657
207.2,0.944074467316,1.05923847601,-0.226543724035
207.6,0.941150241064,1.0625296115,0.241556422738
208,0.941258929676,1.06240691958,0.215886300476
208.4,0.945708183728,1.05740863536,-0.120733669242
208.8,0.947869136691,1.05499795414,-0.242445373937
209.2,0.951574340417,1.05089004351,-0.461452212278
209.6,0.94883261199,1.05392667512,-0.290694010681
210,0.939514989948,1.06437897287,0.232293223885
210.4,0.935434965101,1.06902140427,0.712260386432
210.8,0.933596551668,1.07112649272,0.806038058455
211.2,0.934591907458,1.06998572534,0.724437555581
211.6,0.922960986322,1.08346941509,1.62281139464
212,0.922623595369,1.08386562518,1.57674048562
212.4,0.914853325107,1.09307139468,2.06258670497
212.8,0.921582938427,1.0850895327,1.51734854597
213.2,0.921606381624,1.08506193093,1.6896265785
213.6,0.919984568914,1.08697475348,1.81174147698
214,0.913284230594,1.09494937775,2.19046946168
214.4,0.911845579341,1.09667691839,2.40597656204
214.8,0.907904509498,1.1014374194,2.87034182125
215.2,0.909449329182,1.09956648261,2.67141079477
215.6,0.911332136483,1.09729478416,2.39580363917
216,0.913927921968,1.0941781906,2.25870206544
216.4,0.919321379301,1.08775888663,1.96585438328
216.8,0.921627120071,1.08503751487,1.71565143636
217.2,0.923167669233,1.08322684311,1.77225512242
217.6,0.928737100562,1.0767309709,1.13745458114
218,0.937448519027,1.06672524379,0.528108265197
218.4,0.931984751863,1.07297892804,0.808173550204
218.8,0.931712144211,1.07329286863,0.786325118639
219.2,0.927355400882,1.07833523054,1.03487773452
219.6,0.928568563287,1.07692639999,1.3748389083
220,0.927069933845,1.07866727578,1.29116727723
220.4,0.93582599403,1.06857472049,0.653575291889
220.8,0.934908055741,1.06962389923,0.723277317766
221.2,0.932692083571,1.07216520609,0.852621745853
221.6,0.934779946205,1.06977048883,0.631280781455
222,0.940603209971,1.06314755191,0.164926430203
222.4,0.933473245949,1.07126798153,0.647758457276
222.8,0.928884486558,1.07656012612,0.997247286554
223.2,0.928351275884,1.07717846248,1.11314016008
223.6,0.92573510125,1.08022262378,1.44022774941
224,0.934107968894,1.07054005886,0.694941390776
224.4,0.934487878848,1.07010483778,0.715605378136
224.8,0.927552053056,1.07810661052,1.36387715662
225.2,0.921881030425,1.08473866692,1.72275982545
225.6,0.927681131179,1.0779566021,1.10372705976
226,0.925950027076,1.07997188915,1.3560031645
226.4,0.931908891405,1.07306627206,0.93162357542
226.8,0.92754525092,1.07811451679,1.32723767633
227.2,0.923504453853,1.08283181075,1.39792492574
227.6,0.922025502933,1.08456869883,1.62152162162
228,0.913384893582,1.09482870477,2.45446163194
228.4,0.916105374936,1.09157748373,2.04177287597
228.8,0.919272412586,1.08781682808,1.95962712295
229.2,0.924056922669,1.08218441469,1.62382292874
229.6,0.930520792815,1.07466701198,1.01970872488
230,0.932768804511,1.07207701969,0.763086457171
230.4,0.930151893091,1.07509322663,0.829787770927
230.8,0.931611367967,1.07340897115,0.936583356116
231.2,0.925042554163,1.08103134877,1.35146371355
231.6,0.92019809052,1.08672253323,1.73797435525
232,0.925831672337,1.08010994858,1.32163427053
232.4,0.932701872382,1.0721539536,0.876151888783
232.8,0.92746544314,1.07820728783,1.06069042661
233.2,0.930641878416,1.0745271873,0.844491298073
233.6,0.933458902756,1.07128444225,0.6893900167
234,0.930061715899,1.07519746583,1.12550030589
234.4,0.924959572458,1.08112833228,1.39204360868
234.8,0.930854224001,1.07428206718,0.943516620291
235.2,0.937089083741,1.06713440307,0.573776305947
235.6,0.936298590117,1.06803535812,0.67937671778
236,0.944954010283,1.05825255951,-0.0458749997568
236.4,0.938347521589,1.06570324639,0.412602305282
236.8,0.937993959067,1.06610494698,0.409794732003
237.2,0.939002201221,1.06496022981,0.408707221418
237.6,0.943741115935,1.05961262375,-0.010307529051
238,0.946037960822,1.05704003583,-0.0889797407366
238.4,0.935502297763,1.06894446159,0.583386232252
238.8,0.938195872741,1.06587550538,0.451212961958
239.2,0.934849250413,1.06969118236,0.579050683139
239.6,0.9307433311,1.07441006192,0.868578284237
240,0.927079673493,1.0786559436,1.20126839795
240.4,0.931985087866,1.0729785412,0.920482301411
240.8,0.941459462212,1.06218062502,0.201522905169
241.2,0.934417926877,1.07018494748,0.587370892599
241.6,0.933094963083,1.07170228065,0.867097535559
242,0.928862316885,1.07658582098,0.911619848334
242.4,0.927107209265,1.07862390671,1.19701529187
242.8,0.928510093128,1.07699421622,1.04793750418
243.2,0.931182854223,1.07390293482,1.08396907438
243.6,0.932740986522,1.07210899322,0.861440597746
244,0.926660940118,1.07914335946,1.22404927021
244.4,0.933503898061,1.07123280586,0.824866281881
244.8,0.925780099215,1.08017011907,1.1759875657
245.2,0.924270068249,1.08193485254,1.48535696617
245.6,0.926828721898,1.07894800449,1.16219468721
246,0.920240045111,1.08667298855,1.71018392634
246.4,0.926088314244,1.07981062348,1.37627228385
246.8,0.932587485501,1.07228545906,0.891561142962
247.2,0.929707168899,1.07560749605,0.892674181539
247.6,0.941303391576,1.06235673742,0.151835952591
248,0.940362012063,1.06342024366,0.294735424449
248.4,0.939452972247,1.06444923753,0.269489535931
248.8,0.938689182704,1.0653153551,0.246115697592
249.2,0.934753185514,1.06980111488,0.68089993566
249.6,0.931580800804,1.073444192,0.9940327061
250,0.927398885364,1.07828466885,1.16863498962
250.4,0.924567598806,1.0815866804,1.37701327762
250.8,0.919494338601,1.08755427632,1.91065080953
251.2,0.924299110534,1.0819008572,1.47773210054
251.6,0.920263307635,1.0866455195,1.73262103075
252,0.929733118482,1.075577475,0.965296716879
252.4,0.931648507121,1.07336618087,0.878667487144
252.8,0.933640098357,1.07107653341,0.692774570452
253.2,0.934506933331,1.07008301847,0.607727271903
253.6,0.932232178612,1.07269414524,0.817042393201
254,0.928942144733,1.0764933055,1.11668553883
254.4,0.934634286455,1.06993720912,0.821249159679
254.8,0.938414860778,1.06562677318,0.529965044415
255.2,0.932998304932,1.07181330846,0.826748467086
255.6,0.928763866987,1.07669994015,1.02347621299
256,0.924247875047,1.08196083215,1.48306116561
256.4,0.928339649877,1.07719195246,1.06050098072
256.8,0.932555495399,1.07232224241,0.883033245454
257.2,0.936736603691,1.06753594987,0.645892270673
257.6,0.945283423387,1.05788377883,-0.240310615796
258,0.941575319598,1.06204992759,0.184709989221
258.4,0.938666378952,1.06534123563,0.434362110872
258.8,0.931010199436,1.0741020889,0.861475415292
259.2,0.925571980464,1.08041299986,1.24443550421
259.6,0.936348988046,1.06797787232,0.571519787675
260,0.92990443307,1.07537932333,0.910258387058
260.4,0.933291288219,1.07147683968,0.75106015588
260.8,0.933763773273,1.07093467173,0.652671498217
261.2,0.938003960688,1.06609357946,0.294417841968
261.6,0.93499982877,1.06951891244,0.677771633167
262,0.931924706629,1.07304806159,0.81262271628
262.4,0.930927628282,1.0741973593,1.05679873021
262.8,0.928333104295,1.07719954763,1.22558839567
263.2,0.925438231704,1.08056914631,1.30605035826
263.6,0.927321542778,1.07837460241,1.24861461608
264,0.920842377334,1.08596218486,1.79524318971
264.4,0.915623851724,1.0921515403,2.22849943295
264.8,0.917336934916,1.09011199913,2.17262812248
265.2,0.926842724535,1.07893170387,1.21814683141
265.6,0.920204623551,1.08671481799,1.75583617311
266,0.921610135455,1.08505751134,1.73725451769
266.4,0.927576944823,1.07807767925,1.34616543609
266.8,0.922930043851,1.08350573986,1.40759623664
267.2,0.922996908368,1.08342724763,1.56544409257
267.6,0.92208992634,1.08449292356,1.71993012728
268,0.922002472934,1.08459578944,1.73386456164
268.4,0.922932471537,1.0835028898,1.7044295306
268.8,0.93195833028,1.07300934764,0.930218842029
269.2,0.927114608654,1.07861529811,1.16175616595
269.6,0.929419749307,1.07594012366,1.10201515471
270,0.932422491783,1.07247520176,0.84038488358
270.4,0.930381239658,1.07482820738,0.877032017454
270.8,0.933883651203,1.07079720125,0.719300763191
271.2,0.935726052756,1.06868885082,0.436075148581
271.6,0.938433697076,1.06560538386,0.574699461216
272,0.931255835064,1.07381877498,0.795301911361
272.4,0.924175637725,1.08204540261,1.48273403247
272.8,0.933904022322,1.0707738441,0.733672921927
273.2,0.924087396284,1.08214872751,1.34147782093
273.6,0.927130475515,1.07859683875,1.41840747822
274,0.924634504847,1.08150841739,1.4909488069
274.4,0.915555073188,1.09223358516,2.08509053432
274.8,0.913537980385,1.09464523804,2.24343757878
275.2,0.91879300358,1.08838443056,1.88137668972
275.6,0.926403222371,1.07944356826,1.30883567014
276,0.935123100582,1.06937792402,0.606015077173
276.4,0.932144680342,1.07279483656,0.83001960855
276.8,0.928723168198,1.07674712362,0.873005026617
277.2,0.920929134608,1.08585988044,1.69143856663
277.6,0.919720026184,1.08728740435,1.88695641791
278,0.915930226123,1.0917862207,2.14865340748
278.4,0.921738266516,1.08490667723,1.64999683624
278.8,0.921470059842,1.0852224544,1.79970354161
279.2,0.917038106095,1.09046722634,2.00749609255
279.6,0.916985245693,1.09053008726,2.03786507322
280,0.916621375268,1.09096299408,2.00750820144
280.4,0.913832193362,1.09429281138,2.40522349491
280.8,0.919347757848,1.08772767591,1.68815237996
281.2,0.91383249111,1.09429245483,2.08505937324
281.6,0.920496564647,1.08637015977,1.82423663552
282,0.927837249339,1.07777522482,1.1770735055
282.4,0.918168642319,1.08912453977,1.87996569507
282.8,0.924215950862,1.08199820515,1.4513309402
283.2,0.925751261066,1.08020376753,1.33787177119
283.6,0.924011580128,1.082237519,1.53562072994
284,0.919384458254,1.08768425551,1.94544116008
284.4,0.920413246789,1.08646850041,1.83948121941
284.8,0.923731497497,1.08256566189,1.51363888175
285.2,0.926348569296,1.07950725369,1.47532211757
285.6,0.938658141117,1.06535058526,0.278550794458
286,0.947008955302,1.05595622344,-0.222632357482
286.4,0.938482667998,1.06554977955,0.196651024535
286.8,0.928847173613,1.07660337288,1.17861344392
287.2,0.927938615821,1.07765749043,1.23234561017
287.6,0.930864494494,1.07427021432,0.8381935658
288,0.938949560217,1.06501993544,0.347249562793
288.4,0.934027148115,1.07063269201,0.665132824761
288.8,0.934566795907,1.07001447556,0.730808549332
289.2,0.938728179885,1.06527109916,0.487208823555
289.6,0.944720672207,1.05851393901,0.0041392691423
290,0.946312715347,1.05673313249,-0.106111139656
290.4,0.93808089566,1.06600614577,0.417488528517
290.8,0.931123929899,1.07397089463,0.974188978271
291.2,0.936776243605,1.06749077683,0.52898043263
291.6,0.941385394874,1.06226419641,0.193348722209
292,0.939283533232,1.0646412554,0.345559171388
292.4,0.942138234813,1.06141536671,0.138008991125
292.8,0.931472795233,1.07356865935,0.843235796109
293.2,0.927140548978,1.0785851197,1.38664380493
293.6,0.934766889266,1.06978543152,0.561925910504
294,0.936209849116,1.06813659453,0.431036768646
294.4,0.925140192745,1.08091725756,1.45130157183
294.8,0.92656994276,1.07924934088,1.24622280942
295.2,0.931953381195,1.07301504579,0.979753526576
295.6,0.938171913892,1.0659027255,0.210543190142
296,0.933539308263,1.07119217279,0.546710673154
296.4,0.931381560179,1.07367382258,0.887619672347
296.8,0.939574363219,1.06431171299,0.165084117502
297.2,0.940089652717,1.0637283339,0.272116289001
297.6,0.943208728577,1.06021071445,0.0878058193334
298,0.937905175785,1.06620586581,0.633774074102
298.4,0.9297697313,1.07553512051,0.97899784765
298.8,0.929223452876,1.07616741367,1.06405246314
299.2,0.93168089827,1.07332886384,0.894376915896
299.6,0.928363084039,1.07716476149,1.13682141048
300,0.928166342312,1.07739308615,1.04033112361
300.4,0.92949917191,1.07584818816,1.11464643972
300.8,0.926727465812,1.0790658925,1.27635597657
301.2,0.931041844456,1.07406558143,0.925920082388
301.6,0.92871877586,1.07675221606,1.12372679914
302,0.928306821094,1.07723004644,1.03856042435
302.4,0.929186368156,1.07621036454,1.24015145973
302.8,0.927135003371,1.0785915712,1.33615417885
303.2,0.936463032545,1.06784781166,0.585302165394
303.6,0.934426341062,1.07017531084,0.711471419579
304,0.924753275322,1.0813695141,1.4559949207
304.4,0.92798354587,1.07760531364,1.31607279362
304.8,0.919540869048,1.08749924409,1.74503925858
305.2,0.920391474952,1.0864942008,1.69784300265
305.6,0.925493676966,1.08050441066,1.45229222849
306,0.928960384103,1.07647216944,1.10620655314
306.4,0.923242411059,1.08313914961,1.32825907407
306.8,0.918361357153,1.0888959909,1.93797526468
307.2,0.922134657232,1.08444031699,1.62674928181
307.6,0.930729284306,1.07442627718,1.01947080836
308,0.938735534325,1.06526275339,0.336975004823
308.4,0.929917114825,1.07536465784,1.15603021161
308.8,0.937830887562,1.06629032298,0.377491514001
309.2,0.938624225851,1.06538907953,0.376459604339
309.6,0.935263952751,1.06921687408,0.671728420169
310,0.935863225452,1.06853220941,0.51705301376
310.4,0.930455890516,1.07474197347,0.928021739098
310.8,0.931344192764,1.07371690055,0.939649477267
311.2,0.937809112293,1.06631508149,0.421283140746
311.6,0.929435141976,1.07592230467,1.1265545191
312,0.93209403482,1.07285312709,0.793964225931
312.4,0.93109302212,1.07400654526,0.977610841838
312.8,0.927986951492,1.07760135893,1.20215120092
313.2,0.932201416626,1.07272954338,0.705018362686
313.6,0.916057201371,1.09163488754,2.1437219264
314,0.911003464065,1.09769066688,2.60611731049
314.4,0.911852339765,1.09666878769,2.69922530022
314.8,0.912470667867,1.09592563927,2.42482481731
315.2,0.909860187489,1.09906996014,2.46056578877
315.6,0.910438982743,1.09837124613,2.68643995741
316,0.911819185783,1.09670866285,2.42816277319
316.4,0.922207825976,1.08435427659,1.72733702842
316.8,0.927493938771,1.07817416179,1.11243668156
317.2,0.928126060821,1.07743984596,1.15566488616
317.6,0.929158689542,1.07624242366,1.03146929393
318,0.931218067123,1.07386232646,1.04814697481
318.4,0.928183227032,1.07737348713,1.26149119764
318.8,0.923871997042,1.08240102872,1.55127317113
319.2,0.923256160477,1.08312301917,1.58086237946
319.6,0.919694038398,1.08731812782,1.71738039299
320,0.926957753247,1.07879781629,1.23852765038
320.4,0.922871168415,1.08357486313,1.43234437967
320.8,0.925808804897,1.08013662725,1.55125910815
321.2,0.935211323691,1.06927704431,0.580986242324
321.6,0.927675055129,1.07796366246,1.17220309462
322,0.925820668664,1.08012278603,1.46246488489
322.4,0.921863301768,1.08475952788,1.62258367437
322.8,0.922470605881,1.08404538164,1.65253851594
323.2,0.924322588106,1.08187337718,1.52571839515
323.6,0.930858024641,1.07427768094,0.961559283032
324,0.939032488925,1.06492588041,0.34576007099
324.4,0.937245170649,1.06695668467,0.375115232678
324.8,0.930501534878,1.07468925361,0.948749458877
325.2,0.927949948756,1.07764432914,1.255755769
325.6,0.930986768027,1.07412912228,0.920543956671
326,0.930004444175,1.07526367886,0.928818818931
326.4,0.930812635839,1.07433006547,0.966368636056
326.8,0.927239035872,1.07847055755,1.3210996811
327.2,0.92870518033,1.07676797888,1.02232191449
327.6,0.923979959985,1.08227455498,1.41339630303
328,0.922491017195,1.08402139572,1.71852136768
328.4,0.931349784905,1.07371045359,0.811057875971
328.8,0.931482677378,1.07355726981,1.01988651775
329.2,0.938168071343,1.06590709122,0.520916968812
329.6,0.932888851697,1.07193906132,0.789096743247
330,0.929692718296,1.07562421467,1.06665234355
330.4,0.932886356104,1.07194192889,0.844633400875
330.8,0.92478136611,1.08133666686,1.22723686499
331.2,0.929073281241,1.076341361,1.16733936883
331.6,0.926242546938,1.07963081949,1.21939292826
332,0.928664009979,1.07681571511,1.13909584947
332.4,0.917283859703,1.0901750744,2.05938036643
332.8,0.923759201288,1.08253319545,1.62093163911
333.2,0.925364076877,1.08065573863,1.45725784031
333.6,0.92457649045,1.08157627879,1.44144595379
334,0.918736085396,1.08845185891,1.94110865578
334.4,0.919551941015,1.08748614994,1.81849584614
334.8,0.91402117595,1.09406655591,2.33032389878
335.2,0.91811240177,1.08919125596,2.05021282702
335.6,0.921016469198,1.08575691472,1.5800858928
336,0.913642757741,1.09451970316,2.30195324817
336.4,0.914770673689,1.09317015593,2.29197208057
336.8,0.910077765552,1.09880719852,2.66403590168
337.2,0.915178629885,1.09268285703,2.25626414726
337.6,0.924022025735,1.08222528484,1.50114956761
338,0.925290337848,1.08074185917,1.39488844407
338.4,0.923767383523,1.08252360696,1.51197378586
338.8,0.922075354562,1.08451006206,1.70830422708
339.2,0.926430730052,1.0794115173,1.18974159457
339.6,0.913751535294,1.09438940606,2.20857874025
340,0.920771700647,1.08604554125,1.73829237833
340.4,0.922692961219,1.08378414275,1.54007110882
340.8,0.917928267011,1.08940974577,2.13828838707
341.2,0.917778479561,1.08958754457,1.91039742432
341.6,0.914045079901,1.09403794407,2.29465504078
342,0.914972759432,1.09292871257,2.32342968918
342.4,0.919402138047,1.0876633397,1.8481762258
342.8,0.919589063109,1.08744225015,1.95885507603
343.2,0.927020004483,1.07872537288,1.29796097591
343.6,0.927195269239,1.07852146487,1.27855065705
344,0.925884821939,1.08004794582,1.33032260784
344.4,0.932718778991,1.07213451956,0.693108127652
344.8,0.931261970834,1.07381169995,0.973732500519
345.2,0.930264863593,1.07496266831,1.00003084622
345.6,0.921644323123,1.08501726199,1.57678785598
346,0.924991394472,1.08109113877,1.38644940648
346.4,0.919960047041,1.08700372719,1.84681713863
346.8,0.922234794813,1.0843225669,1.63105124187
347.2,0.93006974128,1.07518818817,1.03721820701
347.6,0.925450028212,1.08055537254,1.29452719039
348,0.921983632644,1.08461795263,1.54135000119
348.4,0.926429495169,1.0794129561,1.28344922203
348.8,0.925803546255,1.08014276252,1.39849362196
349.2,0.929556542873,1.07578178828,1.07107879586
349.6,0.940054941297,1.06376761194,0.377838997852
350,0.938626830075,1.0653861236,0.258463624844
350.4,0.940794584907,1.06293128813,0.307215893316
350.8,0.940230033011,1.06356951479,0.350770263223
351.2,0.929379913092,1.07598624192,1.10102469678
351.6,0.934992645256,1.06952712952,0.467145122205
352,0.933723816794,1.07098049982,0.666919126386
352.4,0.928377565139,1.07714795957,1.00058377925
352.8,0.93016273068,1.07508070042,1.05798148006
353.2,0.93498330842,1.06953780992,0.864584371669
353.6,0.919207173999,1.08789403334,1.7383966096
354,0.923809588856,1.08247415059,1.58942714085
354.4,0.930241523146,1.07498963991,0.966432322959
354.8,0.934692377644,1.06987071246,0.629974346879
355.2,0.928693525902,1.07678149154,1.15890929296
355.6,0.925348226021,1.08067424984,1.29482955896
356,0.936081912038,1.06828257991,0.384089217849
356.4,0.931605944551,1.07341522008,0.881806566673
356.8,0.92873618644,1.07673203069,1.17974570618
357.2,0.919746982415,1.08725553779,1.9014935589
357.6,0.916733918593,1.09082906143,2.22803605205
358,0.926353719553,1.07950125194,1.33462026041
358.4,0.935181216227,1.06931146889,0.614910495051
358.8,0.938375878011,1.06567104231,0.441585596944
359.2,0.937606876299,1.06654507905,0.323778679747
359.6,0.943339389951,1.0600638653,0.00593390537222
360,0.937463525952,1.06670816764,0.404698631618
360.4,0.93862025091,1.06539359132,0.478977870758
360.8,0.937884779483,1.06622905273,0.543809901719
361.2,0.938327515157,1.06572596865,0.399909960587
361.6,0.929513590854,1.07583149923,1.07416360695
362,0.935038119951,1.06947511408,0.640043531394
362.4,0.932819372813,1.07201890221,0.881224939519
362.8,0.930061407467,1.07519782239,0.967187256077
363.2,0.924603299137,1.08154491871,1.3959566998
363.6,0.92336643287,1.08299366795,1.49037169281
364,0.922929899879,1.08350590888,1.73919877133
364.4,0.920514493843,1.08634900014,1.69506492645
364.8,0.916461833897,1.09115291332,2.072426886
365.2,0.914400528628,1.0936126661,2.40851488049
365.6,0.915153859214,1.09271243292,2.22706282117
366,0.905697493661,1.10412141692,3.06581646837
366.4,0.911322340751,1.09730657889,2.57844491806
366.8,0.921768908239,1.08487061243,1.67220125517
367.2,0.917844231056,1.08950948992,1.96004479206
367.6,0.919957223631,1.08700706328,1.8580388059
368,0.921567010524,1.08510828684,1.58137856111
368.4,0.925032315367,1.08104331426,1.52615697949
368.8,0.91635615572,1.09127874982,2.06870483384
369.2,0.915999148115,1.09170407206,2.1096334539
369.6,0.911833829564,1.09669105003,2.48463758836
370,0.911146549375,1.09751828692,2.50675329467
370.4,0.903973120794,1.10622758243,3.09054868273
370.8,0.909442090543,1.09957523453,2.81802192603
371.2,0.906757764858,1.10283036855,3.0439065595
371.6,0.913208513425,1.09504016366,2.52272115445
372,0.922671228743,1.08380967006,1.87190443635
372.4,0.931760229061,1.07323747978,0.859765223513
372.8,0.931634877992,1.07338188342,0.84478700461
373.2,0.930259844167,1.07496846851,0.948228519938
373.6,0.936830549271,1.06742889712,0.415861578594
374,0.935590420242,1.06884377861,0.728536080749
374.4,0.940134919114,1.06367711662,0.296445162703
374.8,0.940824589943,1.06289738883,0.218948390296
375.2,0.933326711855,1.07143617267,0.931279694529
375.6,0.929897490665,1.07538735187,1.16429072741
376,0.927741596779,1.07788634623,1.14736092291
376.4,0.931281141199,1.0737895956,0.89946453072
376.8,0.930342047658,1.07487348607,0.924807190324
377.2,0.934057334576,1.07059809177,0.835851018416
377.6,0.942147689994,1.06140471459,0.223016426218
378,0.939214090656,1.06471997168,0.33043836382
378.4,0.93959763142,1.06428535637,0.385923027851
378.8,0.938396418999,1.06564771535,0.380513397497
379.2,0.935220264943,1.06926682139,0.699607725197
379.6,0.93153329908,1.07349893019,0.950791043865
380,0.932320728534,1.07259226294,0.934659621423
380.4,0.926918621761,1.07884335963,1.22823795084
380.8,0.924418086933,1.08176161213,1.33953488595
381.2,0.931942207777,1.07302791059,0.932253917406
381.6,0.933305473123,1.07146055477,0.853912312262
382,0.934500398049,1.07009050193,0.594128713965
382.4,0.941981391809,1.06159209587,0.175247821251
382.8,0.940087438131,1.06373083975,0.355920503527
383.2,0.93265585751,1.07220685095,0.784275829091
383.6,0.930095242148,1.07515870922,1.02379837407
384,0.928108460863,1.07746027773,1.15935433921
384.4,0.923170066488,1.08322403022,1.52932126835
384.8,0.920985567502,1.08579334496,1.80073757683
385.2,0.924195905097,1.08202167363,1.62488680431
385.6,0.922326693716,1.08421452704,1.69689119186
386,0.915603896339,1.09217534351,2.14227699615
386.4,0.923806434962,1.08247784618,1.66298129899
386.8,0.922180305631,1.08438663664,1.59363541392
387.2,0.923442964565,1.08290391326,1.48759432515
387.6,0.925150305244,1.08090544243,1.45848260814
388,0.920969133623,1.08581271998,1.81206436239
388.4,0.919856160394,1.08712649114,1.83193239241
388.8,0.928035850187,1.07754457955,1.11904867829
389.2,0.928922402319,1.07651618424,1.13756077233
389.6,0.931822483248,1.07316577779,0.920995662201
390,0.935473047402,1.06897788533,0.631789521323
390.4,0.923002694725,1.08342045556,1.60881057806
390.8,0.922366729039,1.08416746671,1.83254189602
391.2,0.925588442159,1.08039378459,1.32623828638
391.6,0.924900572316,1.08119729832,1.35188809117
392,0.933687089768,1.07102262734,0.921711935457
392.4,0.922958043821,1.08347286932,1.48943931132
392.8,0.925827597945,1.08011470194,1.40740371899
393.2,0.919039389413,1.08809264491,1.85961505408
393.6,0.921845253018,1.08478076632,1.71168592907
394,0.923755006616,1.08253811112,1.44292987453
394.4,0.923848362189,1.08242871983,1.34110634473
394.8,0.93153050634,1.07350214855,0.833687260337
395.2,0.934494391113,1.07009738048,0.721236534912
395.6,0.930698322029,1.07446202097,0.719390491057
396,0.933238818098,1.07153708205,0.67942528806
396.4,0.937785044484,1.06634244796,0.398422337503
396.8,0.947906077817,1.0549568395,-0.386317441033
397.2,0.952492852007,1.04987664516,-0.554935877618
397.6,0.951424503721,1.0510555447,-0.560603567971
398,0.954315190597,1.04787182458,-0.762898748207
398.4,0.950047348796,1.05257911752,-0.299748754661
398.8,0.951182179946,1.05132331228,-0.505750932955
399.2,0.954152453604,1.04805054604,-0.654038221156
399.6,0.948288255864,1.05453167201,-0.455741201911
400,0.947458262171,1.05545546429,-0.142215418664
400.4,0.94646485678,1.05656326575,-0.238990733565
400.8,0.939299740622,1.06462288528,0.216949523426
401.2,0.938377019675,1.06566974578,0.31035169039
401.6,0.942790490192,1.0606810425,0.122582169748
402,0.935706339783,1.0687113654,0.532127784023
402.4,0.945093016349,1.05809690972,-0.00922797252558
402.8,0.949462434873,1.05322755622,-0.422517702678
403.2,0.94147094153,1.06216767389,0.144470183918
403.6,0.933841449322,1.07084559239,0.725624784278
404,0.931612179275,1.07340803636,1.0132406821
404.4,0.93186848979,1.07311279537,0.896692827873
404.8,0.92818546647,1.07737088774,1.01058253185
405.2,0.925078642201,1.0809891769,1.30023921711
405.6,0.922554398059,1.08394692183,1.56404174701
406,0.922694763248,1.08378202612,1.60600915198
406.4,0.933401662183,1.07135013844,0.764277050047
406.8,0.936337406305,1.06799108234,0.463828942213
407.2,0.937159723755,1.06705396599,0.471057145462
407.6,0.93690704433,1.06734174543,0.319205692112
408,0.938329619194,1.06572357895,0.583536527727
408.4,0.942661754369,1.06082589578,0.0110199197039
408.8,0.94000885166,1.06381976961,0.261143475648
409.2,0.940327368543,1.06345942217,0.221927415892
409.6,0.936400277522,1.06791937594,0.562305732648
410,0.940673699953,1.06306788427,0.18152424348
410.4,0.939578630974,1.06430687867,0.363967784445
410.8,0.938529959028,1.0654960882,0.375153614817
411.2,0.931878055068,1.07310178039,0.886636752961
411.6,0.921963709923,1.08464139015,1.57589080355
412,0.929382429449,1.07598332862,1.05923702968
412.4,0.921233271061,1.08550139407,1.85661265913
412.8,0.922981601295,1.08344521559,1.62959593502
413.2,0.92720842181,1.0785061659,1.32527245494
413.6,0.936806147592,1.06745670123,0.544074848575
414,0.932375316867,1.07252946524,0.812386872389
414.4,0.930788148662,1.07435832895,0.852971782481
414.8,0.940108693331,1.06370678954,0.310382554176
415.2,0.938048452966,1.06604301392,0.32984186756
415.6,0.943285802195,1.06012408718,0.136102688903
416,0.938702455457,1.06530029211,0.239334516172
416.4,0.943380850016,1.0600172772,0.0761908841908
416.8,0.933881330374,1.07079986233,0.699634951803
417.2,0.935380603624,1.06908353255,0.56223907366
417.6,0.935293640343,1.06918293557,0.744970457837
418,0.938152080863,1.06592525924,0.238317774014
418.4,0.923466274058,1.08287657935,1.56730766542
418.8,0.930886386893,1.07424494985,1.02630446031
419.2,0.929852701674,1.07543915095,1.07665758616
419.6,0.923289775009,1.08308358553,1.51469518609
420,0.92798717024,1.07760110492,1.18056148863
420.4,0.934333740427,1.07028137456,0.738260633815
420.8,0.925711516761,1.08025014477,1.24804886075
421.2,0.92107444677,1.08568857111,1.64878126409
421.6,0.926846875901,1.07892687131,1.26614407471
422,0.923317535963,1.08305102097,1.55085891061
422.4,0.921760742133,1.08488022357,1.63886868701
422.8,0.919869063301,1.08711124213,1.82497538853
423.2,0.916625333263,1.09095828329,2.11119347744
423.6,0.921068702959,1.0856953415,1.86829537458
424,0.91940144804,1.08766415599,1.72779756213
424.4,0.927911627429,1.0776888342,1.14967543746
424.8,0.925765766445,1.08018684234,1.32133052768
425.2,0.93240542336,1.07249483427,0.88046242113
425.6,0.931739345602,1.0732615347,0.887351060251
426,0.934268495671,1.07035611779,0.614039825282
426.4,0.930261508173,1.07496654566,0.997951493587
426.8,0.928008580013,1.07757624395,1.1966663095
427.2,0.923482636293,1.08285739298,1.51565080572
427.6,0.92827175501,1.07727073953,1.16429887888
428,0.925147027071,1.08090927251,1.29459523633
428.4,0.918854300528,1.08831182422,2.02992337674
428.8,0.92155914915,1.08511754337,1.70913746432
429.2,0.926620557852,1.07919038869,1.3402277381
429.6,0.930934024891,1.0741899783,0.840816603442
430,0.928617228439,1.07686996254,1.14690821969
430.4,0.930767367997,1.07438231548,1.14461669649
430.8,0.928184175175,1.07737238659,1.04409475336
431.2,0.926552143059,1.079270074,1.19870554731
431.6,0.924534865918,1.08162497366,1.43531074199
432,0.934129970641,1.07051484422,0.785046076679
432.4,0.933696493472,1.07101184056,0.628717964305
432.8,0.941627770069,1.06199076937,0.0706270683613
433.2,0.938942919225,1.06502746815,0.361803551169
433.6,0.942876467075,1.06058432352,0.130881908775
434,0.932262553187,1.07265919518,0.74110351275
434.4,0.930693754302,1.07446729429,0.925441054503
434.8,0.928468876597,1.07704202608,1.07201639212
435.2,0.927912023926,1.0776883737,1.09348059356
435.6,0.936131773248,1.06822567995,0.67944910155
436,0.934970242286,1.06955275663,0.687835398194
436.4,0.934275686416,1.07034787969,0.636747331865
436.8,0.93888776767,1.06509002932,0.411252875454
437.2,0.9361578317,1.06819594532,0.508875146216
437.6,0.935362582306,1.06910413022,0.695888822576
438,0.923973141555,1.08228254159,1.41925997155
438.4,0.932076287984,1.07287355433,0.983901817689
438.8,0.924416136344,1.08176389473,1.47902105398
439.2,0.924914194646,1.08118137422,1.47742422338
439.6,0.929174542985,1.07622406097,1.11469417769
440,0.931811097416,1.07317889084,0.700389939963
440.4,0.935683413262,1.06873755143,0.627025120782
440.8,0.93548261598,1.0689669513,0.569772374135
441.2,0.939309080082,1.06461229983,0.352476459247
441.6,0.935560330423,1.06887815514,0.605746330921
442,0.930872751395,1.07426068547,0.922354095662
442.4,0.920513400173,1.08635029084,1.68588888762
442.8,0.927416589123,1.07826408512,1.05985166234
443.2,0.923997161706,1.08225440666,1.41559427003
443.6,0.919825970734,1.08716217178,1.95452850038
444,0.921678300318,1.08497726338,1.669686887
444.4,0.92487663237,1.08122528454,1.39345626436
444.8,0.916089743394,1.09159610967,2.11991261656
445.2,0.919153554108,1.08795749691,1.97468369902
445.6,0.921569894282,1.08510489134,1.75172406857
446,0.91927889444,1.08780915786,1.83400160366
446.4,0.919337713435,1.08773956011,1.89704934646
446.8,0.920112467725,1.08682366023,1.84790940616
447.2,0.92399319205,1.08225905624,1.33652289723
447.6,0.910609762419,1.09816525286,2.4986152977
448,0.916401457043,1.09122480362,2.1501422842
448.4,0.92607499328,1.07982615583,1.33671114807
448.8,0.928524199009,1.07697785482,1.07225375241
449.2,0.92822082581,1.07732984673,1.05548426429
449.6,0.934663832839,1.06990338651,0.810547975494
450,0.92769378787,1.07794189535,1.19944747151
450.4,0.930917698362,1.07420881756,0.809542569851
450.8,0.926341243743,1.07951579049,1.25295258514
451.2,0.926669390902,1.07913351819,1.27560268939
451.6,0.928275428626,1.07726647627,1.29819354092
452,0.923743685373,1.08255137852,1.44352770784
452.4,0.928016576277,1.077566959,1.15606975207
452.8,0.928907701405,1.07653322121,1.11069546417
453.2,0.931677112526,1.07333322517,0.803884897733
453.6,0.935410789135,1.06904903345,0.558494298028
454,0.925973223546,1.07994483487,1.32662492128
454.4,0.936306843603,1.06802594345,0.582626402896
454.8,0.934309523414,1.07030911592,0.562881631211
455.2,0.933699148982,1.07100879452,0.761234653088
455.6,0.94292288571,1.0605321126,0.126667992292
456,0.939444652098,1.06445866477,0.32961863684
456.4,0.932425234755,1.07247204679,0.891494452952
456.8,0.933510237153,1.07122553155,0.787636712051
457.2,0.935565225078,1.06887256302,0.512595698732
457.6,0.927837365216,1.07777509021,1.14197226176
458,0.930700731438,1.07445923939,0.902278066499
458.4,0.940613211076,1.06313624796,0.267606145479
458.8,0.931202040889,1.07388080791,0.891610548625
459.2,0.938155247805,1.06592166098,0.375540677035
459.6,0.937930860448,1.06617666842,0.358690858447
460,0.939351357851,1.06456438439,0.332158339174
460.4,0.929741763452,1.07556747401,1.04821493227
460.8,0.938280932938,1.06577887805,0.552080821906
461.2,0.937126164744,1.06709217779,0.400816384468
461.6,0.944857548377,1.05836059808,0.00552593574984
462,0.937806192048,1.0663184019,0.521300882751
462.4,0.93138327433,1.07367184656,0.935156640877
462.8,0.936077834414,1.06828723343,0.604743001134
463.2,0.940461328127,1.0633079427,0.18956035573
463.6,0.944815710404,1.058407464,-0.160480438637
464,0.941738630315,1.0618657532,0.166140450386
464.4,0.938082535737,1.06600428204,0.420288538954
464.8,0.926321410037,1.07953890428,1.43106418114
465.2,0.927578047676,1.07807639746,1.16477909956
465.6,0.934402945784,1.07020210554,0.570640846948
466,0.931251717229,1.07382352322,0.980498358016
466.4,0.930191174531,1.07504782606,1.05002020966
466.8,0.924514960086,1.08164826225,1.51290727748
467.2,0.932680677621,1.07217831783,0.736035269822
467.6,0.930735378965,1.0744192416,0.945518275356
468,0.920779768732,1.08603602507,1.72760053776
468.4,0.925267866937,1.0807681059,1.51450921269
468.8,0.923140557996,1.08325865583,1.48965372076
469.2,0.919952744333,1.08701235597,1.81839557991
469.6,0.921501141096,1.085185851,1.65524072852
470,0.917942405038,1.08939296683,2.04526073657
470.4,0.906082058322,1.10365279923,2.97282604417
470.8,0.907355737504,1.10210357269,2.98097623481
471.2,0.91386391394,1.09425482804,2.30357666305
471.6,0.92855442621,1.076942796,1.2131978282
472,0.926668596288,1.07913444354,1.3020602469
472.4,0.933105750791,1.07168989062,0.878405612971
472.8,0.923047594859,1.08336775435,1.4641691933
473.2,0.925586806595,1.08039569371,1.40452095993
473.6,0.928079744971,1.07749361563,1.0369262503
474,0.927649985559,1.07799279423,1.11170211047
474.4,0.941277433139,1.06238603497,0.101919034953
474.8,0.942752637762,1.06072362987,0.0591987910411
475.2,0.941192555316,1.06248184216,0.189368086098
475.6,0.934018613855,1.07064247454,0.704232694163
476,0.935764497762,1.06864494474,0.502224458941
476.4,0.926756221684,1.07903241068,1.16538924008
476.8,0.92680749827,1.0789727121,1.27919949941
477.2,0.920663594779,1.08617306655,1.84966976311
477.6,0.926935151111,1.07882412141,1.28499483918
478,0.933922056508,1.07075316728,0.735556934078
478.4,0.929723167924,1.07558898659,1.05081678272
478.8,0.92288404738,1.0835597417,1.58757671771
479.2,0.927621413385,1.07802599808,1.02876649131
479.6,0.927795510885,1.07782371036,1.06139929815
