time,fast_barostat_volume,fast_barostat_pressure,moderate_barostat_volume,moderate_barostat_pressure,slow_barostat_volume,slow_barostat_pressure
250,999.142373395,1.08576266053,998.881617802,1.11183821978,1004.79343733,0.52065626716
252,1001.98528712,0.80147128809,1000.00505093,0.999494907007,1003.79631858,0.62036814203
254,995.879740414,1.41202595858,1002.03402466,0.796597533656,1002.34596333,0.765403666998
256,993.851955027,1.61480449727,1004.1061852,0.589381480468,1001.89340324,0.810659676323
258,996.954896668,1.30451033316,1002.46450433,0.75354956654,1002.108823,0.789117700165
260,1002.5921726,0.740782740165,996.804130512,1.31958694879,1002.39220305,0.760779695394
262,997.520788466,1.24792115337,999.974309413,1.00256905875,999.820549265,1.01794507346
264,999.195828673,1.08041713268,997.716976542,1.22830234575,999.803175219,1.01968247808
266,997.803299741,1.21967002589,1003.52052925,0.647947075215,1001.91129949,0.808870051128
268,1001.31395632,0.868604368168,1005.93875045,0.406124954566,1001.72516222,0.827483778358
270,999.576384845,1.04236151549,999.700266739,1.0299733261,1002.9341204,0.706587959623
272,997.193976281,1.28060237192,996.712945027,1.3287054973,1002.56138879,0.743861120539
274,1004.23983421,0.576016578662,1002.73250628,0.726749372478,1004.18801356,0.581198644013
276,998.204776613,1.17952233867,993.035633231,1.69643667694,1005.0164178,0.498358220414
278,996.432605621,1.35673943788,996.552784519,1.34472154815,1001.24103653,0.875896347359
280,994.294189082,1.57058109177,998.638283727,1.1361716273,1000.46012939,0.95398706132
282,1002.5941607,0.740583930119,995.69227226,1.43077277395,1000.86392512,0.913607488137
284,998.430772368,1.15692276317,998.701942441,1.12980575592,1003.4040576,0.65959423972
286,1002.69532108,0.730467891719,1000.42882464,0.957117535599,1000.97045773,0.902954226877
288,999.576648813,1.04233511872,1001.09824933,0.89017506685,1004.67177522,0.532822478235
290,1001.71825776,0.828174224269,1004.84735601,0.515264398573,1008.65219547,0.134780452901
292,1002.57688659,0.742311341216,1008.10757807,0.189242192855,1007.74882665,0.225117334723
294,996.524288507,1.34757114934,1008.0918656,0.190813439786,1003.86440908,0.613559092433
296,993.495398724,1.65046012761,1001.46500374,0.853499626259,999.173903529,1.08260964714
298,999.824898063,1.0175101937,995.171822766,1.48281772335,996.727609881,1.32723901192
300,995.796081989,1.42039180105,997.57857443,1.242142557,994.318708172,1.56812918282
302,1001.22318885,0.877681114677,1001.94441832,0.805558168174,997.641049273,1.23589507268
304,1002.09160854,0.790839145583,1001.59563153,0.84043684677,1000.2038276,0.979617240406
306,996.256903853,1.37430961468,1001.25287858,0.874712142448,999.012437038,1.09875629624
308,999.769090891,1.02309091091,1002.4330797,0.75669202954,999.71576542,1.02842345797
310,1002.44584444,0.755415555713,999.773519497,1.02264805028,995.587445845,1.4412554155
312,1001.45051264,0.854948735517,1004.67450943,0.532549057461,996.551693277,1.34483067231
314,997.127996429,1.28720035713,998.950696704,1.10493032964,998.231361911,1.17686380891
316,996.788834509,1.32111654912,999.423568466,1.0576431534,1000.9800218,0.901997820478
318,998.286767893,1.17132321071,991.613882292,1.83861177079,1001.44095094,0.85590490626
320,993.398163849,1.66018361508,996.736972707,1.32630272926,998.508790732,1.1491209268
322,999.366798815,1.06332011848,993.948170895,1.6051829105,997.909205565,1.20907944348
324,1006.70599383,0.329400617382,994.917566845,1.50824331547,1002.07420768,0.792579232276
326,993.925133549,1.6074866451,993.671917043,1.63280829574,999.493896532,1.05061034676
328,1000.12779538,0.987220462228,997.304613502,1.2695386498,1003.72306788,0.627693212371
330,1001.71307164,0.828692836317,1000.38679615,0.961320384826,1001.77502827,0.822497173467
332,1003.18840211,0.681159788793,999.871912458,1.01280875423,1001.65447792,0.834552208355
334,994.734053401,1.52659465992,1001.7301851,0.826981490379,999.926554697,1.00734453026
336,995.734418612,1.42655813885,1003.27250621,0.672749378757,999.585245986,1.04147540143
338,1001.15916958,0.884083041881,1005.21689931,0.478310069072,998.959480875,1.10405191248
340,999.839185719,1.01608142806,1005.82232241,0.417767759362,1001.67426131,0.832573868684
342,999.953576655,1.00464233452,1007.22549908,0.277450091674,1001.51679539,0.848320461011
344,996.318750996,1.36812490045,1002.72725505,0.727274494999,1001.48017174,0.851982825652
346,1003.00238705,0.699761294773,997.897179885,1.21028201148,1001.7898892,0.821011079749
348,1004.9618028,0.503819719872,998.711440397,1.12885596027,999.471245299,1.0528754701
350,1002.21299412,0.778700587512,998.005769675,1.1994230325,999.33680081,1.06631991903
352,1003.82514616,0.617485384211,1004.56488867,0.543511133222,999.736032662,1.0263967338
354,996.741056674,1.32589433263,997.942533743,1.20574662566,1000.20052238,0.979947762432
356,999.028162652,1.0971837348,1003.32237816,0.667762183623,1000.82065969,0.917934031425
358,1001.17939692,0.882060307963,1001.38065677,0.861934322739,999.834155113,1.0165844887
360,996.132520296,1.38674797038,997.987798095,1.20122019054,1000.28091926,0.971908074497
362,1001.04360218,0.895639781781,995.472213568,1.45277864321,1001.84494413,0.815505587061
364,999.372050856,1.06279491435,995.59222015,1.44077798498,996.671483463,1.33285165366
366,998.620691506,1.13793084936,995.486680878,1.4513319122,996.901534531,1.30984654694
368,1005.09840394,0.490159606056,999.296784041,1.07032159587,1000.8393287,0.916067129758
370,1003.11088112,0.68891188803,993.576227482,1.64237725176,999.080193677,1.0919806323
372,1001.65990124,0.834009875713,998.295381442,1.17046185576,999.951642809,1.00483571911
374,994.473969666,1.55260303344,998.692174062,1.13078259383,996.509804112,1.34901958879
376,998.837974724,1.11620252757,996.772856647,1.32271433525,998.27731338,1.17226866196
378,999.661522701,1.0338477299,993.388610526,1.66113894745,998.995545958,1.1004454042
380,995.217274847,1.47827251529,994.909185185,1.50908148148,1001.6350647,0.836493529798
382,1000.81815892,0.918184107715,1001.65642514,0.834357485821,1002.05546851,0.794453148984
384,999.355611199,1.0644388801,999.459251316,1.05407486837,998.985094243,1.10149057568
386,997.342916414,1.26570835863,1000.39076372,0.960923628409,1001.92080519,0.807919480525
388,1001.30498677,0.869501323095,1002.14572009,0.785427990514,1005.19319458,0.480680541506
390,995.244325613,1.47556743865,1005.73022816,0.426977184396,1002.90048022,0.709951978142
392,997.9601469,1.20398531001,1002.01930267,0.798069732535,1002.89440518,0.710559482141
394,998.548017696,1.14519823039,999.940603943,1.0059396057,1005.61734702,0.438265298461
396,997.086838439,1.29131615615,1004.57135434,0.542864566334,1005.68084982,0.431915018267
398,1002.80999193,0.719000806843,999.380816009,1.06191839909,1002.12383158,0.787616842268
400,996.308769787,1.36912302125,1005.42152845,0.457847154606,999.988135463,1.00118645372
402,999.880830509,1.01191694914,999.922825764,1.00771742363,1003.1471497,0.685285030269
404,997.658725277,1.23412747233,1002.2000358,0.779996419713,1000.83234572,0.916765427842
406,1005.69966784,0.430033216429,996.634485023,1.3365514977,999.047820845,1.09521791545
408,1002.06707012,0.793292988265,998.290154242,1.17098457578,999.519991146,1.04800088541
410,998.467114951,1.15328850489,1001.9211513,0.807884869608,997.910755587,1.20892444134
412,1005.66362892,0.43363710782,1002.15532578,0.784467422389,996.484548131,1.35154518689
414,998.332524575,1.16674754248,1000.40246425,0.959753574866,1000.29053294,0.970946706051
416,994.400826953,1.55991730469,1001.25856656,0.874143343894,1000.82417459,0.917582540519
418,1003.95668591,0.604331408944,1001.65201404,0.834798595595,997.402730898,1.25972691025
420,1001.18732808,0.881267191953,1005.81531894,0.418468106084,1000.09048673,0.990951326787
422,999.990980651,1.00090193485,1001.55363254,0.844636745935,998.025610433,1.19743895669
424,1000.5828504,0.941714960204,998.303620418,1.16963795815,998.240754696,1.17592453044
426,1000.78421102,0.921578898015,996.171349761,1.38286502394,996.969011364,1.30309886362
428,997.950612436,1.20493875641,997.583202007,1.24167979927,999.911893163,1.00881068366
430,996.124734178,1.38752658215,1000.73855772,0.926144228028,1000.52002093,0.947997906959
432,997.883330982,1.2116669018,1005.2822385,0.471776149997,1000.34898427,0.96510157284
434,995.417476238,1.45825237621,1002.11124836,0.788875163868,1002.09067809,0.790932191321
436,999.76066936,1.02393306401,1004.3716939,0.562830609523,1004.33257876,0.566742123667
438,997.9111541,1.20888459005,1004.09322933,0.590677066645,1003.92084933,0.607915066501
440,1004.23636817,0.576363183187,1003.92722275,0.607277725039,1003.43569615,0.656430385246
442,1003.25588139,0.674411860908,998.393811371,1.16061886293,1003.76073847,0.623926153359
444,998.23284366,1.17671563402,1001.95927488,0.804072512068,1002.4725898,0.752741020067
446,1001.55947071,0.84405292931,1001.15943567,0.884056432543,1003.91559714,0.608440286042
448,1000.1202555,0.987974449607,1002.55547,0.744452999605,1002.76904032,0.723095967507
450,1000.53044477,0.94695552259,1004.46936239,0.55306376056,1000.69471289,0.930528710761
452,997.059469061,1.29405309389,1003.62298737,0.637701262582,1002.18153005,0.781846995027
454,999.742357577,1.02576424231,999.943760578,1.00562394223,998.715548185,1.12844518149
456,1001.80265021,0.819734979318,1001.85115044,0.814884955849,1001.27213857,0.872786143321
458,1001.8204443,0.817955569857,1000.66260301,0.933739698799,1000.79703479,0.920296521169
460,993.915859191,1.60841408091,994.081535337,1.59184646633,1003.87871641,0.612128358783
462,996.422822633,1.35771773667,997.605131932,1.2394868068,1003.42802368,0.657197631751
464,1002.05260165,0.794739835241,995.749836605,1.42501633955,1002.50502065,0.749497935001
466,999.042459633,1.09575403667,1003.75045649,0.6249543513,998.778359996,1.12216400038
468,998.283672735,1.17163272655,997.927844684,1.20721553156,1000.7233323,0.927666769946
470,995.260635554,1.47393644456,1002.7634625,0.723653750258,1001.51263453,0.848736546814
472,1002.24104024,0.775895976468,998.678782561,1.13212174392,998.235964948,1.17640350519
474,997.391954762,1.26080452378,1002.16392313,0.78360768731,1001.05855852,0.894144147664
476,1005.83344705,0.416655294517,999.288089474,1.07119105265,1004.50324533,0.549675466923
478,998.869831896,1.11301681038,1002.26125085,0.773874915235,1005.22319092,0.477680908459
480,999.986697357,1.00133026432,1007.11174544,0.288825455875,1004.15582738,0.584417261543
482,997.816509488,1.21834905125,1002.3775895,0.762241049587,1004.53859623,0.546140376765
484,997.799504086,1.22004959135,1000.16723085,0.983276914955,1002.88811602,0.711188398056
486,999.58953188,1.04104681197,1002.98232484,0.701767516166,1000.24112584,0.975887416378
488,998.680363477,1.13196365229,1002.82487291,0.717512709236,996.982606779,1.30173932212
490,999.097642975,1.09023570251,998.241809561,1.17581904392,998.803821942,1.11961780582
492,997.568848077,1.24311519233,998.644830926,1.13551690738,1000.92689058,0.907310942098
494,1003.2620157,0.673798430439,999.152419692,1.08475803084,999.656411054,1.03435889459
496,1001.63159685,0.83684031466,1006.1959317,0.380406829667,1000.50258038,0.949741962081
498,999.520852425,1.04791475749,997.08888631,1.29111136897,1002.31084339,0.768915660641
500,998.731332975,1.12686670248,996.66283391,1.33371660895,1003.22628117,0.677371882712
502,999.456916139,1.05430838613,993.454558344,1.65454416557,1004.51506376,0.548493624069
504,996.388191172,1.36118088275,997.475115005,1.25248849953,1009.46139393,0.053860606522
506,997.987740409,1.20122595906,997.748630654,1.22513693455,1005.49726913,0.450273086503
508,1002.22494875,0.777505124696,997.767963889,1.2232036111,1003.64534226,0.635465774266
510,994.600978918,1.53990210821,1000.97045038,0.902954961607,1006.35796173,0.364203827202
512,996.367994817,1.36320051828,1002.04374938,0.795625062078,1004.34162922,0.56583707771
514,999.032796647,1.09672033534,1000.1569528,0.98430472002,1000.10721435,0.989278564893
516,1001.63745597,0.836254403416,999.688358269,1.03116417306,1000.00599728,0.999400271691
518,996.069055235,1.39309447646,995.507549537,1.44924504627,998.875394372,1.1124605628
520,1001.38334361,0.861665639153,1002.81528768,0.718471232405,997.189626683,1.28103733168
522,1001.05634749,0.894365250831,1001.25713917,0.874286083305,996.373136089,1.36268639109
524,995.414792128,1.45852078722,997.094872537,1.29051274626,994.576772171,1.54232278293
526,1002.35727973,0.764272026719,996.355211494,1.36447885061,996.985311186,1.3014688814
528,996.369145777,1.36308542231,1002.01819633,0.79818036677,994.364308779,1.56356912207
530,991.78756855,1.82124314499,1004.82684354,0.517315646098,996.685531301,1.33144686992
532,996.8186059,1.31813940996,1000.55953597,0.944046403079,996.457891806,1.35421081943
534,1003.01452824,0.698547175522,1001.48800755,0.851199245285,997.878119201,1.21218807995
536,1004.9211131,0.507888690115,1000.79482467,0.920517533343,999.013007852,1.09869921476
538,1002.84242611,0.715757389097,1003.53509452,0.646490547721,999.870241611,1.01297583894
540,1002.50080627,0.749919373018,1001.51389963,0.848610037414,997.20580455,1.27941954497
542,999.599882015,1.04001179849,996.267851774,1.37321482262,996.939350262,1.30606497383
544,996.534237806,1.34657621937,997.892905713,1.21070942874,997.093693878,1.29063061219
546,1001.1835701,0.881642989635,999.779944228,1.02200557725,998.59345782,1.140654218
548,999.525245353,1.04747546473,1003.3419888,0.665801119752,998.521855629,1.14781443708
550,989.542219738,2.04577802615,998.115864321,1.18841356789,998.657930621,1.13420693792
552,1001.67626006,0.832373994291,997.989047366,1.20109526339,997.991711332,1.20082886684
554,998.309462017,1.1690537983,999.687399921,1.03126000792,999.471060715,1.05289392854
556,997.586057493,1.24139425069,1005.28239343,0.471760656866,1001.15098557,0.884901443478
558,997.211838588,1.2788161412,998.717491045,1.12825089551,999.189031134,1.08109688655
560,998.929522423,1.10704775767,1002.30544044,0.769455955887,999.284138255,1.0715861745
562,1003.10711287,0.689288712696,1000.28734269,0.971265730889,1003.47688895,0.652311104943
564,999.312983321,1.06870166791,996.290623585,1.37093764146,1002.88795233,0.711204766854
566,999.449165799,1.05508342014,995.390228848,1.46097711523,998.462944459,1.15370555409
568,1001.90089282,0.809910717738,999.583300922,1.04166990781,994.593433655,1.54065663451
570,1006.26347512,0.373652488481,999.785560445,1.02144395548,994.300164064,1.56998359359
572,1003.54862129,0.645137870949,1006.91221162,0.308778837756,999.692853886,1.03071461137
574,1000.29734931,0.970265068515,1007.40924877,0.25907512278,995.786145455,1.42138545448
576,997.123516588,1.28764834123,998.576824158,1.14231758417,996.275798178,1.37242018219
578,1000.80200925,0.919799074658,1002.48474889,0.751525111313,994.427067274,1.55729327256
580,1001.66141218,0.833858781647,998.338345173,1.16616548266,994.032628441,1.59673715592
582,994.257007664,1.57429923355,1004.60260915,0.539739084959,997.027171658,1.29728283421
584,1001.08692203,0.89130779721,1000.38605499,0.961394501441,999.671698675,1.03283013251
586,1002.6073479,0.739265209542,1000.4320125,0.956798750397,1001.89391605,0.810608394668
588,1002.90307281,0.709692719193,1007.7318787,0.226812129988,1005.24488162,0.475511837843
590,997.537051768,1.24629482319,998.885936979,1.11140630208,1002.3971865,0.760281350482
592,1001.58413505,0.84158649518,997.273536286,1.27264637141,1002.44108204,0.755891795626
594,995.076205548,1.49237944521,994.275935033,1.57240649671,1003.85005285,0.614994715242
596,1002.03172153,0.796827847303,997.697442104,1.23025578962,1004.1692071,0.58307928979
598,995.438754476,1.45612455242,1004.28121633,0.571878366928,1002.61762766,0.738237234307
600,995.379762543,1.4620237457,1006.78373457,0.321626542625,1004.12640928,0.587359071797
602,999.09813725,1.09018627501,1000.47983259,0.952016740647,1008.98319154,0.101680846422
604,998.15893084,1.18410691598,1001.81030355,0.818969644989,1007.69724805,0.230275195353
606,1000.52640313,0.947359686894,999.475971051,1.05240289486,1007.85253623,0.214746376798
608,1004.18656811,0.581343189221,997.929302042,1.20706979582,1005.84656524,0.415343476029
610,999.050317717,1.09496822826,996.948454412,1.30515455876,1004.2803269,0.571967310167
612,997.063008455,1.29369915451,999.640635716,1.03593642837,1005.72199256,0.427800743829
614,1004.03008474,0.596991525869,1004.66078352,0.533921647677,1005.17675092,0.482324907581
616,1003.0938055,0.690619449765,999.618636091,1.03813639092,1006.20328269,0.379671730645
618,994.123874464,1.58761255355,1000.03849412,0.996150588473,1004.31795718,0.568204281811
620,998.202559624,1.17974403761,1001.2658835,0.873411650196,1000.98685776,0.901314223968
622,1004.45905649,0.554094351382,999.601864957,1.03981350429,999.163760249,1.08362397513
624,1002.55129998,0.744870002301,1003.15057079,0.684942921131,1000.29637821,0.970362179335
626,997.014884429,1.29851155708,995.834424002,1.4165575998,998.527068785,1.14729312153
628,1000.54893285,0.945106714744,999.291654245,1.07083457551,1000.08086467,0.991913532944
630,1002.68216861,0.731783138588,1000.02542476,0.997457523896,998.357122578,1.16428774216
632,997.806991005,1.21930089951,1000.48867625,0.951132375049,1001.93105786,0.806894213885
634,1004.15430638,0.58456936162,1004.35349657,0.564650342753,1000.13031161,0.986968838789
636,1000.32003732,0.967996267894,1001.39363021,0.860636979007,1001.50029678,0.849970321878
638,997.13288289,1.28671171104,1001.88578148,0.811421851678,999.010957592,1.09890424084
640,1000.64483511,0.935516488817,1001.97275669,0.802724330536,997.110220603,1.28897793967
642,999.4961584,1.05038416004,999.571811018,1.04281889819,998.497653143,1.15023468566
644,997.077205032,1.29227949683,999.307504117,1.06924958828,1000.67682744,0.932317255575
646,998.400264111,1.15997358892,996.82094716,1.31790528403,998.548412248,1.14515877524
648,993.353746338,1.66462536618,1000.63866016,0.936133984366,999.528107641,1.04718923593
650,997.863965991,1.21360340087,999.133506568,1.08664934323,1000.57813588,0.942186412449
652,997.576054416,1.24239455843,1004.12201392,0.587798608423,1002.31878469,0.768121531383
654,1002.30196146,0.769803853742,1000.8631433,0.913685670415,1001.21649012,0.878350987774
656,1001.34451627,0.865548372997,1003.03925558,0.696074442179,999.114184265,1.08858157346
658,1000.39137384,0.960862615933,1003.75082662,0.624917338246,1002.26868633,0.773131367345
660,1001.2014848,0.879851519599,1000.95177104,0.904822895791,1001.67928905,0.832071095377
662,999.035193205,1.09648067955,997.047362904,1.29526370957,1001.55796336,0.844203664065
664,1000.44903637,0.955096363189,996.008882887,1.3991117113,1003.53520778,0.646479222255
666,998.030749934,1.19692500663,998.049645848,1.19503541516,1000.75407965,0.924592035043
668,1000.52286749,0.947713251472,998.930935529,1.10690644713,999.450386803,1.05496131975
670,1003.60542935,0.639457064901,1001.68013336,0.831986663627,997.944552848,1.20554471524
672,997.312628936,1.26873710636,1005.5226538,0.447734619954,999.422834336,1.05771656635
674,999.419056356,1.05809436439,1005.43239684,0.456760316459,997.913300863,1.20866991373
676,997.563084446,1.24369155543,1005.21141843,0.478858156994,998.111648308,1.18883516917
678,994.865491204,1.51345087962,1002.62131329,0.737868670863,994.863476667,1.51365233333
680,993.592297564,1.64077024356,1005.05480709,0.494519291049,995.45401456,1.45459854399
682,1000.03717522,0.996282477743,998.546677675,1.14533223249,995.061926542,1.4938073458
684,997.582970617,1.24170293829,993.731085398,1.62689146024,994.466932782,1.5533067218
686,996.217952586,1.37820474141,999.480300521,1.05196994788,998.767882008,1.12321179917
688,993.916483299,1.60835167015,994.85035625,1.51496437496,998.123990749,1.18760092509
690,998.382788079,1.16172119205,1000.3826279,0.961737210127,997.741738804,1.22582611958
692,999.68983782,1.03101621804,1002.15026467,0.784973532652,995.906943598,1.40930564021
694,998.619065886,1.13809341143,1001.13840543,0.886159457388,996.662785007,1.3337214993
696,1002.48025189,0.751974810886,1004.8454891,0.515451090434,1001.7458355,0.825416449598
698,999.832984748,1.0167015252,998.152710339,1.18472896606,1004.02322599,0.597677401074
700,999.867971077,1.01320289234,994.850939252,1.51490607477,1003.64259214,0.635740786388
702,996.254431256,1.37455687439,994.756687776,1.52433122237,1006.38744124,0.361255875673
704,999.239195301,1.07608046989,997.540301219,1.24596987813,1002.21405659,0.778594340639
706,1000.35748749,0.964251250807,999.933103017,1.00668969835,999.896531305,1.01034686952
708,1000.97930031,0.902069969125,995.706232066,1.42937679336,998.898580947,1.11014190532
710,1004.00284674,0.599715326043,1002.21191165,0.778808835022,1001.12555215,0.887444784877
712,1001.03017656,0.896982343937,1001.30086235,0.869913765125,1002.62480966,0.737519034343
714,999.988761071,1.00112389288,1003.61395789,0.638604210982,1001.81008573,0.818991427049
716,995.496299132,1.45037008685,1004.60362905,0.539637094956,1003.38400491,0.661599508946
718,1001.78224676,0.821775323671,1001.00665697,0.89933430265,1004.05403726,0.594596273873
720,998.169076221,1.18309237791,998.117944878,1.18820551218,1000.14650665,0.985349335356
722,1003.22043444,0.677956556186,999.121398721,1.08786012787,1000.28014643,0.971985356789
724,1000.31375602,0.96862439796,999.730270382,1.0269729618,1003.31002752,0.668997248016
726,1004.10785593,0.589214407064,1005.25305111,0.474694889185,1004.10238529,0.589761471102
728,1003.5254427,0.647455730498,1003.13785643,0.68621435695,1006.15646335,0.384353665164
730,989.57183721,2.04281627899,1006.24789609,0.37521039092,1005.36527641,0.463472358731
732,996.282542038,1.37174579621,998.809853519,1.11901464807,1003.39068227,0.660931773276
734,997.121177661,1.28788223391,998.233061874,1.1766938126,1000.97329453,0.902670546779
736,1000.34912389,0.965087611327,1000.39258065,0.960741935092,997.755473646,1.22445263536
738,999.636858499,1.03631415012,999.80178619,1.01982138103,998.272068815,1.17279311848
740,1000.94771096,0.905228904209,999.861614372,1.01383856277,998.365732898,1.16342671018
742,994.958456673,1.50415433265,1000.78196638,0.921803361955,997.904816545,1.20951834553
744,1001.70010557,0.829989442943,997.617273522,1.23827264784,996.517281418,1.3482718582
746,999.796657929,1.02033420705,997.309152955,1.26908470453,997.941803876,1.20581961244
748,1002.35756411,0.764243589207,1002.85099158,0.714900842041,997.865027488,1.21349725119
750,1002.81705488,0.718294511815,1004.0177305,0.598226949653,999.845928557,1.01540714431
752,999.665638891,1.03343611086,997.950923184,1.20490768161,999.11124275,1.08887572497
754,1001.33242353,0.866757647055,999.535646001,1.04643539994,1001.85333828,0.814666172434
756,993.217481043,1.67825189566,1002.92041918,0.707958082309,997.19007732,1.28099226803
758,1002.42278192,0.757721808284,995.645367325,1.43546326754,998.666158883,1.13338411167
760,998.485232992,1.15147670082,992.960324163,1.70396758366,1001.59922586,0.840077413747
762,994.873845807,1.51261541929,998.233527347,1.17664726529,999.663932915,1.03360670849
764,1001.41170407,0.858829592797,1002.02227483,0.7977725174,1000.25404858,0.974595141913
766,996.254190783,1.3745809217,998.382125387,1.16178746129,998.780696956,1.12193030438
768,995.544843833,1.4455156167,998.373243966,1.16267560341,1001.00285499,0.899714501055
770,1000.33254257,0.966745742636,998.268870586,1.17311294141,997.861214767,1.21387852327
772,1000.96378745,0.90362125461,1000.8092213,0.91907786973,999.361769104,1.06382308956
774,998.868836356,1.11311636443,995.490984429,1.45090155707,998.574126017,1.14258739826
776,1004.00549542,0.599450457556,995.476741905,1.4523258095,1000.18787581,0.981212418953
778,996.559647812,1.34403521882,1000.19749288,0.980250712103,997.237329808,1.27626701916
780,999.098572596,1.09014274045,1002.96698754,0.703301245834,997.912224378,1.2087775622
782,1001.91636877,0.808363123103,1001.17555007,0.882444993102,998.596255309,1.14037446908
784,998.84439815,1.115560185,999.009153328,1.09908466721,997.758758783,1.22412412165
786,999.756971117,1.02430288829,998.028210024,1.1971789976,999.905232229,1.00947677708
788,1001.08745572,0.891254428222,1000.8250456,0.917495439925,998.21994474,1.178005526
790,997.371060683,1.26289393171,994.446515172,1.55534848277,997.945352148,1.20546478518
792,996.946795434,1.30532045657,999.753723919,1.02462760806,999.157800558,1.08421994423
794,1003.39616038,0.660383961659,996.290358562,1.37096414384,999.843293497,1.01567065028
796,997.092531191,1.29074688091,1002.66801862,0.733198138277,998.803527284,1.11964727163
798,1002.82052089,0.71794791072,1008.13105224,0.186894775778,1000.78431588,0.921568411972
800,1003.29478809,0.670521190631,1001.23026606,0.876973394365,999.793405484,1.02065945164
802,1007.82556973,0.217443027061,999.960254408,1.00397455917,999.739342364,1.02606576357
804,997.680052805,1.23199471948,998.982839053,1.1017160947,1000.22078163,0.977921837325
806,1007.3912115,0.260878850345,998.966827168,1.10331728318,999.100313118,1.08996868822
808,996.922459001,1.30775409988,998.352468643,1.16475313567,1000.92317302,0.907682698072
810,1006.54075775,0.345924224731,1001.0007884,0.899921159917,1002.57765773,0.742234226687
812,1001.62240784,0.837759216353,1002.24822178,0.77517782191,1003.0028818,0.699711820362
814,997.598606662,1.24013933383,1000.93149704,0.906850295731,1002.95015544,0.70498445577
816,1001.06240348,0.893759651847,1002.71600536,0.728399464232,1002.81514862,0.718485137695
818,999.093461975,1.09065380254,1001.17197606,0.882802393529,1005.10458626,0.489541374287
820,1000.40023137,0.959976862894,1002.57132778,0.742867221644,1006.1258242,0.387417580015
822,993.672373232,1.63276267675,1001.38622724,0.861377276231,1004.86170687,0.513829313121
824,999.827033228,1.01729667724,1002.07436936,0.792563064138,1004.57010372,0.542989628137
826,994.725461613,1.52745383867,999.264951945,1.07350480549,1002.5909982,0.740900180171
828,997.21198649,1.27880135103,999.195469085,1.08045309153,1000.37875012,0.962124988318
830,999.107486693,1.08925133068,998.067950964,1.19320490361,998.718236173,1.12817638267
832,1001.42030406,0.857969593789,997.986082957,1.20139170429,999.671087063,1.03289129367
834,999.754334915,1.02456650846,998.476149284,1.15238507156,1000.08445171,0.991554828835
836,997.852313338,1.21476866616,1000.87389985,0.912610014601,1000.90604029,0.909395970871
838,996.217904093,1.37820959069,995.771197328,1.42288026722,999.325764506,1.06742354936
840,1005.53285535,0.446714464878,1000.90059951,0.909940049283,1000.85052312,0.914947688156
842,1003.20812769,0.679187231318,1001.52709784,0.847290215877,1002.05409642,0.794590358152
844,999.515714438,1.04842855616,1000.90668951,0.909331049279,1006.28157251,0.371842748548
846,1003.80614187,0.619385812545,1002.03376591,0.796623408929,1004.35720534,0.564279466479
848,1000.79827734,0.920172265609,1001.36033713,0.863966286675,1006.3764511,0.362354890326
850,1004.55071602,0.544928397646,995.832170212,1.41678297876,1003.39997375,0.660002625258
852,999.253064172,1.07469358276,1003.27979754,0.672020246365,1000.84583378,0.915416622197
854,1001.11597901,0.888402099387,1002.05101051,0.794898949153,1000.94543144,0.905456856279
856,1002.77216122,0.722783878274,1000.18987938,0.981012062086,1002.75015213,0.724984786508
858,1002.23457978,0.776542021602,1002.84097118,0.715902881582,1001.54368373,0.845631626616
860,1000.61275699,0.938724300737,1000.76645115,0.923354884957,1002.17176809,0.782823191416
862,1001.22419335,0.877580665186,1001.45961758,0.854038242313,1004.17796175,0.58220382506
864,1000.89671291,0.910328708947,1003.09423269,0.690576730655,1004.41672946,0.558327053951
866,1005.00079242,0.499920757845,1000.62608421,0.937391579034,1005.48774975,0.45122502499
868,1002.97629611,0.702370388935,999.235313055,1.07646869453,1005.8794982,0.412050179865
870,995.670515283,1.4329484717,995.111117594,1.48888824062,1004.90822503,0.50917749686
872,1005.77698375,0.422301624865,1000.16849213,0.983150786925,1003.19103073,0.680896927449
874,999.830507917,1.01694920827,1002.45012213,0.754987787294,1001.97154259,0.802845740749
876,1001.96385332,0.803614667709,1001.94285097,0.805714902854,997.536041887,1.24639581128
878,1000.57298308,0.942701691733,999.27560433,1.07243956703,997.494325373,1.25056746267
880,999.479054257,1.05209457435,1000.21903232,0.978096767845,998.80030963,1.11996903696
882,996.002434983,1.39975650174,997.587448932,1.24125510679,996.006457569,1.39935424308
884,995.969407214,1.40305927859,996.406016624,1.35939833758,994.390445477,1.56095545232
886,1000.54582836,0.945417163576,997.420286213,1.25797137871,994.984776053,1.50152239465
888,994.948802574,1.50511974258,999.360071845,1.06399281547,1000.06209022,0.993790977899
890,998.88082765,1.11191723495,999.211696617,1.0788303383,999.646500426,1.03534995745
892,999.383427219,1.06165727812,998.631952814,1.13680471858,998.062731774,1.19372682259
894,995.812636872,1.41873631279,994.61470734,1.53852926599,1002.15847259,0.784152740639
896,998.867726464,1.1132273536,997.926826507,1.20731734934,999.070210401,1.09297895986
898,1000.82564383,0.917435616571,1000.95900752,0.904099247658,1003.18358177,0.681641822996
900,999.84564747,1.01543525305,1000.33241647,0.966758352918,998.543414535,1.14565854648
902,1000.99332739,0.90066726067,999.136738405,1.08632615946,997.778132818,1.2221867182
904,1000.1706669,0.982933309631,1000.34595797,0.96540420307,996.54571918,1.34542808197
906,996.252985371,1.37470146295,1001.78939176,0.821060823992,997.633277857,1.23667221432
908,997.569871407,1.24301285929,1000.93371742,0.906628258253,997.758104691,1.22418953089
910,996.423163282,1.35768367176,999.055978772,1.09440212277,997.210954088,1.27890459116
912,996.471335052,1.35286649479,1003.62008665,0.637991335201,1000.08073323,0.991926677148
914,999.839179055,1.01608209448,999.073706562,1.09262934378,999.298287788,1.07017122124
916,1004.88426579,0.511573421099,998.221863412,1.17781365877,997.777351267,1.22226487332
918,1004.26299485,0.573700514942,998.173701502,1.18262984985,996.704942081,1.32950579191
920,1001.88944104,0.811055895705,1001.91629079,0.808370920781,998.508816928,1.14911830717
922,1005.04658216,0.495341784443,999.801559855,1.01984401454,997.989530002,1.2010469998
924,994.412345583,1.55876544169,998.663514789,1.13364852115,994.815950081,1.51840499188
926,993.580871083,1.6419128917,994.705825891,1.52941741094,994.84216271,1.51578372903
928,1000.65365047,0.934634953497,1001.2031558,0.879684419861,998.200073212,1.17999267878
930,998.909538129,1.10904618708,999.157748327,1.08422516727,998.354994033,1.16450059669
932,1001.52562217,0.847437782767,996.272561038,1.3727438962,995.078157236,1.49218427635
934,997.555857244,1.24441427556,999.442394225,1.05576057753,995.67550406,1.43244959402
936,1009.26238205,0.0737617954219,996.600830866,1.33991691335,996.752627681,1.3247372319
938,996.61200814,1.33879918598,1001.29771933,0.870228067388,999.97970632,1.00202936798
940,998.280906246,1.17190937538,1002.79398991,0.720601008743,999.004057911,1.09959420887
942,1002.06815818,0.793184182346,1002.06741496,0.793258503763,998.73788117,1.12621188301
944,1007.03527476,0.296472524152,1000.88803958,0.911196041521,998.424947854,1.15750521465
946,1001.89420892,0.810579107646,1001.37277113,0.862722887003,1000.4208856,0.957911440294
948,1002.81713015,0.71828698512,1003.29704624,0.67029537585,1000.85426112,0.914573887697
950,993.252713624,1.67472863761,1003.15503404,0.684496596357,997.073717633,1.29262823671
952,998.102974648,1.18970253518,1000.74318565,0.925681435033,998.225603274,1.17743967256
954,999.23239726,1.07676027405,998.901207742,1.10987922582,1001.3417689,0.865823110221
956,997.704343193,1.22956568073,998.551709451,1.14482905487,1002.92052116,0.707947883777
958,996.430152773,1.35698472273,999.659535591,1.03404644088,1001.94677667,0.805322332551
960,996.98575622,1.30142437801,998.313393298,1.16866067015,1003.25431546,0.674568453538
962,999.402677344,1.05973226561,997.394938517,1.2605061483,1000.79876264,0.92012373583
964,995.73607147,1.42639285301,998.171678842,1.18283211581,1001.38165963,0.861834037292
966,997.152593655,1.28474063452,1000.54958884,0.945041115955,1002.2951967,0.770480330241
968,996.102263714,1.38977362864,999.406208541,1.05937914589,1003.71879191,0.628120809485
970,995.620834343,1.43791656572,998.445571847,1.15544281528,1001.59925061,0.840074939279
972,998.332990823,1.16670091767,1002.42646957,0.757353043255,999.586742047,1.04132579535
974,998.684687606,1.1315312394,999.924656227,1.00753437727,996.603987422,1.33960125781
976,998.139152087,1.18608479135,997.616263419,1.23837365809,997.685896157,1.23141038434
978,996.904269349,1.30957306512,1000.31947289,0.96805271126,998.572217089,1.14277829115
980,995.017036753,1.49829632467,1000.48430769,0.951569231354,998.157080604,1.18429193961
982,990.990974215,1.90090257849,1001.64984101,0.835015898909,1000.15525263,0.984474737027
984,1001.69077645,0.830922355406,1007.7059541,0.229404589894,999.432645225,1.05673547746
986,997.541724719,1.24582752805,1002.99538327,0.7004616729,997.542311905,1.24576880947
988,1003.56353104,0.643646895872,996.260820879,1.37391791206,995.97894702,1.40210529797
990,998.82845954,1.11715404599,998.326647438,1.1673352562,992.607298922,1.7392701078
992,996.018862839,1.39811371611,995.284707446,1.47152925544,996.363729089,1.36362709106
994,1001.70873571,0.829126428515,1003.02895671,0.69710432864,993.146586951,1.68534130495
996,1001.70412341,0.829587659445,1001.71076394,0.828923606221,992.492416354,1.75075836458
998,1002.08636421,0.791363579401,1003.90447162,0.609552837615,992.554411033,1.7445588967
1000,999.394840864,1.06051591365,1003.54520573,0.645479427445,993.473269403,1.65267305975
1002,1004.24529906,0.575470093532,998.778677224,1.12213227763,998.218357119,1.17816428807
1004,999.981354298,1.00186457022,998.388932843,1.16110671573,1001.40418662,0.85958133846
1006,1005.56584544,0.443415455664,1004.89312778,0.510687222391,999.46524379,1.05347562103
1008,994.590778344,1.54092216558,1002.82044311,0.717955689308,999.178951759,1.08210482407
1010,1005.08070228,0.491929771705,1001.81125805,0.818874195103,1002.13611493,0.786388506827
1012,1004.211525,0.578847500364,999.722753757,1.02772462429,1004.16392788,0.58360721168
1014,1002.6830846,0.731691539687,1001.44023755,0.855976245231,1006.68089953,0.331910047
1016,1000.62845441,0.937154558835,1001.36121638,0.863878362287,1007.30882534,0.269117465597
1018,1005.39067724,0.460932275943,999.413583457,1.05864165426,1005.05046952,0.49495304788
1020,1002.62054291,0.737945708688,998.541306497,1.14586935032,1003.36199419,0.663800581307
1022,994.333195184,1.56668048159,997.021488162,1.29785118383,1003.28721807,0.671278193109
1024,1002.65621058,0.734378942289,1001.64984005,0.835015995302,1002.41432792,0.758567207814
1026,997.137277065,1.28627229352,995.133082625,1.48669173746,1001.63176791,0.836823209361
1028,997.143306566,1.28566934343,999.926260545,1.00737394554,1004.16325736,0.583674264128
1030,998.65036767,1.13496323295,1003.60289132,0.639710868282,1003.51384063,0.648615937254
1032,998.062048947,1.19379510535,1000.78452004,0.921547995669,1001.40697789,0.859302211173
1034,1002.61328668,0.738671331642,998.823881689,1.11761183107,1003.36725016,0.66327498416
1036,1000.17638707,0.982361292767,1002.30943999,0.769056001287,1000.45139059,0.95486094115
1038,1001.00059385,0.899940614734,995.714514251,1.42854857494,1000.26345231,0.973654768575
1040,998.101505856,1.1898494144,993.997594208,1.60024057917,998.799092611,1.12009073891
1042,998.214715886,1.17852841137,995.881575809,1.41184241909,1000.99734522,0.900265478124
1044,998.437183976,1.15628160236,997.839397607,1.21606023931,1002.87036808,0.712963192201
1046,1001.95845887,0.804154112704,999.709335103,1.02906648968,1004.32715671,0.567284329036
1048,999.367864763,1.0632135237,999.817996143,1.01820038566,1004.27255079,0.572744920907
1050,995.947566275,1.40524337255,1003.15296945,0.684703054587,1001.50502713,0.849497287309
1052,996.760184295,1.3239815705,997.866639254,1.21333607455,998.920340314,1.10796596856
1054,1004.50411214,0.549588786346,997.280565982,1.27194340183,999.977229409,1.00227705911
1056,999.407561608,1.05924383918,999.27228919,1.07277108095,1000.90465131,0.909534868978
1058,1000.41460704,0.95853929645,1000.39402293,0.960597706881,1001.59540535,0.840459465347
1060,1003.30243242,0.669756757859,996.752977898,1.32470221018,1000.43710902,0.95628909839
1062,1005.34737471,0.465262528669,994.554593838,1.5445406162,1002.13097198,0.786902801613
1064,1003.94011324,0.605988675648,999.825037902,1.01749620979,1003.74643023,0.625356977279
1066,1001.79244396,0.820755604396,1002.6062768,0.739372319532,1001.37170541,0.862829458561
1068,997.555152784,1.24448472163,998.138962966,1.18610370342,1000.76193816,0.923806183824
1070,996.189858964,1.38101410356,1000.09057887,0.990942113151,999.276546342,1.07234536584
1072,1000.70639742,0.929360258311,1000.88329157,0.911670842701,999.242014492,1.07579855077
1074,1001.17645431,0.882354569365,1000.8725582,0.912744180144,1000.89087861,0.910912139247
1076,997.432319865,1.2567680135,1000.02017985,0.997982014683,1001.18571628,0.88142837161
1078,1006.45427761,0.354572239369,999.22862346,1.07713765399,1003.7449127,0.625508729908
1080,1003.42935961,0.6570640386,997.566314282,1.24336857176,1000.3980547,0.960194530229
1082,1005.44407029,0.455592971181,1003.33061894,0.666938105558,998.845848602,1.11541513979
1084,1002.57872308,0.742127691701,1001.6783969,0.832160310136,998.320510643,1.1679489357
1086,995.797586447,1.42024135526,999.612528176,1.03874718238,997.608788884,1.23912111158
1088,999.826630174,1.01733698264,1000.5580965,0.944190350043,997.460663873,1.25393361267
1090,1002.3323066,0.766769340366,996.252448453,1.37475515466,996.068425369,1.3931574631
1092,998.50694391,1.14930560896,996.723748073,1.32762519265,999.569512583,1.04304874167
1094,992.745448361,1.72545516386,997.82340642,1.21765935798,1002.86478568,0.713521432253
1096,995.93847372,1.40615262797,1002.15536986,0.784463013908,999.920115518,1.00798844817
1098,997.249636311,1.27503636888,997.565720769,1.24342792312,995.879814754,1.41201852463
1100,1001.88379544,0.811620455858,998.676396483,1.13236035173,996.063268936,1.3936731064
1102,1002.52846503,0.747153496746,1002.02289366,0.797710634478,994.881018786,1.51189812137
1104,997.998367574,1.20016324261,997.271993212,1.27280067883,996.447949257,1.35520507434
1106,996.878093601,1.31219063992,995.883272919,1.41167270805,995.847207577,1.41527924232
1108,999.182001567,1.08179984327,1000.3917578,0.96082421993,998.090999162,1.1909000838
1110,997.884486468,1.21155135318,1001.36126572,0.863873428461,997.252913258,1.2747086742
1112,993.034062601,1.69659373993,999.012820219,1.09871797814,1001.79634772,0.820365228358
1114,998.301424737,1.16985752634,997.445150261,1.25548497388,1002.46652254,0.753347745582
1116,999.814676402,1.01853235979,1002.24251574,0.775748425635,1002.94849696,0.70515030446
1118,998.956718341,1.10432816589,996.356442255,1.36435577451,1001.20072868,0.879927132317
1120,1003.36352817,0.663647182967,995.732892657,1.42671073434,1003.16754413,0.683245587114
1122,1003.77451767,0.622548232869,997.422268517,1.25777314832,1003.10229464,0.689770535986
1124,1000.47060007,0.952939992507,997.678877007,1.23211229933,1002.68479767,0.731520232849
1126,995.898598597,1.41014014026,998.206312374,1.17936876259,1003.83563302,0.616436698264
1128,1001.95904566,0.804095433654,996.428087322,1.35719126777,1000.45389846,0.954610154423
1130,998.439860656,1.15601393443,1000.79023467,0.920976533315,1002.53261036,0.746738963894
1132,998.4270232,1.15729767998,996.636579006,1.33634209943,999.446600723,1.05533992766
1134,998.443222004,1.15567779955,994.228399652,1.57716003477,996.720013557,1.32799864429
1136,995.83441193,1.41655880696,996.619980322,1.33800196781,999.808360033,1.01916399669
1138,996.475391567,1.35246084334,995.774748068,1.42252519323,998.564821758,1.1435178242
1140,994.94632887,1.50536711304,999.815560253,1.01844397468,1000.19786631,0.980213368889
1142,995.32350831,1.46764916898,1002.16585901,0.783414098942,1002.93050803,0.706949197314
1144,997.974732281,1.20252677189,1002.61772429,0.738227570961,1001.87429701,0.812570298849
1146,998.68621928,1.131378072,997.389662897,1.26103371027,1002.35497286,0.764502713501
1148,997.672333524,1.23276664764,1005.7567187,0.424328129699,1003.80886578,0.619113422303
1150,999.368459177,1.06315408225,999.173534048,1.08264659519,1004.94191957,0.505808042716
1152,999.793584468,1.02064155317,999.006138264,1.09938617356,1005.60007081,0.439992918898
1154,997.194115808,1.28058841925,998.925427267,1.10745727326,1003.30894432,0.669105567715
1156,998.777107508,1.12228924919,1001.14818353,0.885181647073,1004.9095215,0.509047850035
1158,1004.06305444,0.593694555758,993.726421389,1.62735786107,1002.07447011,0.792552988554
1160,1002.62714356,0.737285644067,994.980502632,1.50194973685,1004.00952396,0.599047604128
1162,999.293363408,1.07066365915,998.978774266,1.10212257344,1003.1392136,0.686078639632
1164,1003.35800434,0.664199565652,995.380646039,1.46193539608,1001.44449231,0.855550768547
1166,996.357211506,1.36427884938,1001.49844933,0.85015506669,1001.75641936,0.824358063852
1168,998.186505879,1.18134941212,1001.95723678,0.804276322125,999.654940186,1.03450598138
1170,1000.26942971,0.97305702895,999.275315444,1.07246845557,998.315221778,1.16847782221
1172,998.930812585,1.10691874149,1006.92495114,0.307504886264,1004.38401772,0.561598228281
1174,1002.10557473,0.789442526677,999.230520759,1.07694792405,1000.68166383,0.931833616897
1176,998.762440013,1.12375599868,1001.74644598,0.82535540231,1003.23905174,0.676094826479
1178,997.955706602,1.20442933982,998.360093338,1.16399066625,998.498015749,1.15019842515
1180,999.263803277,1.07361967226,995.976004777,1.40239952227,999.858439805,1.01415601955
1182,998.94520949,1.10547905096,1001.76551713,0.82344828675,1000.8157217,0.918427830249
1184,1001.45605853,0.854394147379,1004.08202294,0.59179770607,1000.39589058,0.960410941536
1186,1002.26531615,0.773468384523,1001.37504866,0.86249513368,1000.89304089,0.910695910696
1188,1003.63320288,0.636679712051,1000.72452266,0.9275477338,1000.73049568,0.926950432217
1190,1006.10252346,0.389747654114,1000.73428758,0.926571241907,1000.46211817,0.953788182852
1192,1000.42103458,0.957896542271,996.665143803,1.33348561972,1003.09259186,0.690740813595
1194,1000.92739394,0.907260605782,998.733457192,1.12665428079,1005.3202827,0.467971729667
1196,997.3444338,1.26555661997,1002.79094063,0.720905937466,1003.725679,0.627432100144
1198,1002.03175455,0.796824545074,1001.76953236,0.823046763887,1002.72204159,0.727795840537
1200,998.245246733,1.1754753267,1006.28098248,0.37190175242,1001.88467,0.811533000069
1202,1002.62939505,0.737060494715,1005.29280225,0.470719775066,1001.11646492,0.888353508475
1204,1001.52513795,0.847486205375,1000.15778971,0.98422102874,1003.15016406,0.684983594131
1206,996.542818341,1.34571816589,1000.54458279,0.945541721027,1000.52989074,0.947010925634
1208,997.797013507,1.22029864931,1005.14408232,0.485591768022,1000.17339388,0.982660612209
1210,997.135250044,1.28647499564,1000.60090232,0.939909767624,1003.67712275,0.63228772458
1212,1002.98298514,0.701701486155,1003.52730592,0.647269407961,1003.8312729,0.616872709812
1214,999.9159216,1.00840784004,1000.63429568,0.936570432481,1002.08174649,0.79182535087
1216,1001.54867759,0.845132241473,1000.2080749,0.979192510285,1005.03002464,0.496997536213
1218,1001.58208483,0.841791516541,1000.47908157,0.952091843044,1001.26822706,0.873177294045
1220,1001.5622931,0.843770689535,999.477112621,1.05228873787,1002.00414561,0.79958543886
1222,1005.96752314,0.403247686433,997.081904317,1.2918095683,1004.70574962,0.529425037797
1224,992.366945148,1.76330548516,1002.0240619,0.797593809737,1002.73347703,0.726652297118
1226,1000.91345704,0.908654296155,1001.88322707,0.811677292637,1001.77883556,0.822116443702
1228,1001.70857164,0.829142836362,1002.94843712,0.70515628817,998.901495172,1.1098504828
1230,1000.50014553,0.949985447355,999.82134597,1.01786540296,999.29123557,1.07087644304
1232,999.674811625,1.03251883748,1001.62211652,0.837788348193,997.455400456,1.25445995436
1234,996.03569391,1.39643060904,1006.83760162,0.316239838001,999.98192701,1.00180729899
1236,999.191720855,1.08082791454,1001.61153065,0.838846935247,1000.57369378,0.942630621562
1238,1000.92806554,0.907193445767,1006.41163817,0.358836183438,1000.02830149,0.997169851269
1240,997.377954121,1.26220458791,1000.79012067,0.920987933452,1002.56622719,0.743377281436
1242,1004.97166051,0.502833948552,1001.1905428,0.880945719736,1000.57166132,0.942833868307
1244,999.750707821,1.02492921785,995.53876014,1.44612398597,1000.07949807,0.992050192633
1246,1000.26267722,0.973732278274,999.674086674,1.03259133265,998.577305123,1.14226948774
1248,996.98568025,1.30143197499,1003.96592202,0.603407798328,998.010672027,1.19893279731
1250,1000.51696956,0.948303043576,1004.95359022,0.504640978278,996.170514213,1.38294857869
1252,1001.18911587,0.881088413265,1004.20454066,0.579545933794,996.950783605,1.30492163952
1254,1002.08984035,0.791015965015,997.918634405,1.20813655947,1000.28518697,0.9714813029
1256,1000.69712267,0.930287732817,998.562787017,1.14372129835,1003.059102,0.694089799571
1258,1002.26275814,0.773724186423,1004.61917358,0.538082641533,1000.68247385,0.93175261481
1260,1005.46159239,0.453840760768,1000.81657071,0.918342929059,1001.35881654,0.864118345691
1262,1006.38600639,0.361399360845,999.650302416,1.03496975844,1003.68783781,0.631216219078
1264,995.996409193,1.4003590807,997.93092342,1.20690765796,1000.29039773,0.970960227054
1266,1000.50388797,0.949611203368,997.098304087,1.29016959125,999.395004408,1.06049955921
1268,1003.74142177,0.625857822936,1004.3700161,0.562998390442,998.627964605,1.13720353955
1270,996.108197473,1.38918025268,998.405881874,1.15941181261,998.096643461,1.19033565394
1272,1003.94579317,0.605420682653,1002.464582,0.753541800005,998.525875294,1.14741247058
1274,1000.74109586,0.92589041364,994.060198396,1.59398016043,995.37784528,1.46221547196
1276,998.177421591,1.18225784091,994.874302403,1.51256975968,998.272327781,1.17276722191
1278,999.827954526,1.01720454741,992.740667506,1.72593324935,1000.85423926,0.914576073647
1280,996.216870152,1.37831298476,999.771768707,1.02282312926,999.18191827,1.081808173
1282,997.179135907,1.28208640934,1005.15845217,0.48415478346,1000.98573119,0.901426880951
1284,997.792441297,1.22075587028,998.206500057,1.17934999431,999.298624298,1.07013757023
1286,997.891981264,1.21080187362,1002.23260102,0.776739898388,999.693806507,1.0306193493
1288,1001.3422982,0.865770180197,1004.13060892,0.58693910778,999.66528831,1.03347116895
1290,997.24639198,1.27536080198,1000.03340785,0.996659215199,1002.45845035,0.754154964867
1292,995.64373222,1.43562677796,1000.29925481,0.970074519401,998.77659482,1.12234051804
1294,997.152083218,1.28479167825,1004.42295471,0.557704528892,996.64515642,1.33548435803
1296,1002.44904195,0.755095805251,1006.48336916,0.351663083822,1000.26772335,0.973227664879
1298,1002.04845674,0.795154325785,1003.0503067,0.694969329659,999.22396467,1.07760353295
1300,999.61357456,1.03864254399,1001.54281484,0.84571851567,999.51929562,1.04807043804
1302,1001.39484942,0.860515057949,1001.26042323,0.873957676946,999.048963936,1.09510360641
1304,997.654437701,1.23455622991,1003.35188587,0.664811413077,998.638897439,1.13611025606
1306,998.630388782,1.13696112179,1006.04300781,0.395699218725,999.131383036,1.08686169637
1308,994.641622626,1.53583773745,1003.73587104,0.626412895554,1001.65034311,0.834965688882
1310,999.340717605,1.06592823955,997.824942679,1.21750573213,998.598965936,1.14010340637
1312,998.535387894,1.14646121058,1001.99599142,0.800400857511,995.14094516,1.48590548403
1314,997.035124581,1.2964875419,1002.0597688,0.794023119595,993.642808117,1.63571918833
1316,994.857143611,1.51428563886,1001.11640953,0.888359046754,996.841394923,1.31586050768
1318,1001.22415651,0.877584348595,1000.20698262,0.97930173771,994.476891978,1.55231080224
1320,999.509671415,1.04903285845,1005.89784725,0.410215275375,997.78664156,1.22133584405
1322,994.39146155,1.56085384495,998.855442861,1.11445571394,999.600783542,1.03992164581
1324,1005.43815676,0.456184324343,998.754434185,1.12455658148,997.441457731,1.25585422686
1326,996.302262744,1.36977372557,998.363798374,1.16362016259,1000.49037427,0.950962572729
1328,1000.15635846,0.984364153598,997.967699349,1.20323006508,998.65873228,1.13412677204
1330,999.844145622,1.01558543775,1001.78359941,0.821640058863,998.356397323,1.16436026774
1332,1003.0413944,0.695860560341,998.056173788,1.19438262115,998.85696438,1.11430356201
1334,996.348081132,1.36519188678,996.803885783,1.31961142172,998.573283909,1.14267160908
1336,998.757055298,1.12429447016,996.613540878,1.3386459122,999.957674002,1.00423259979
1338,997.967347328,1.20326526722,1000.57557806,0.942442193511,1000.73513983,0.926486016808
1340,999.06281825,1.09371817496,1007.31402399,0.268597600826,1003.26116236,0.673883763894
1342,1001.27013508,0.872986492272,998.578063455,1.14219365452,997.804202081,1.21957979186
1344,996.456742878,1.35432571219,999.766806803,1.02331931972,1001.93965107,0.806034893261
1346,998.650296398,1.13497036016,1003.90599266,0.609400734137,1003.18571902,0.681428098323
1348,999.055296617,1.09447033829,1009.64709696,0.0352903037075,1000.668428,0.933157200348
1350,998.739426427,1.12605735733,1006.11831433,0.388168567251,998.317525044,1.16824749565
1352,997.129979813,1.28700201871,998.69454912,1.130545088,999.010108901,1.09898910993
1354,997.0914393,1.29085607001,998.391362853,1.16086371471,1000.38462215,0.961537784502
1356,996.354782057,1.36452179427,996.423271437,1.35767285631,1001.02953706,0.897046293729
1358,998.585493815,1.14145061848,994.741646924,1.52583530762,1001.71042718,0.828957282233
1360,1000.23187766,0.976812234187,997.565919759,1.24340802414,1003.72811959,0.627188040525
1362,1000.69643051,0.930356948643,1001.53382552,0.84661744789,1003.90523797,0.60947620309
1364,1000.32215245,0.967784755258,1002.00144208,0.799855791779,1002.17095259,0.782904740522
1366,998.588114601,1.14118853994,1002.55894956,0.744105044352,994.874819428,1.51251805718
1368,1005.85002408,0.414997592493,1001.02563561,0.897436438567,994.637795279,1.53622047207
1370,1003.92427021,0.607572979444,999.591687567,1.0408312433,992.747265493,1.72527345074
1372,1000.33896157,0.966103843209,1000.53671699,0.946328300724,993.655225357,1.63447746432
1374,1002.2373712,0.776262880169,997.752020165,1.22479798349,995.71436009,1.42856399104
1376,1003.32623373,0.667376626863,1000.19545528,0.980454472495,996.241955605,1.37580443947
1378,994.173261686,1.58267383138,999.04982116,1.09501788399,996.809707568,1.31902924316
1380,999.126877791,1.08731222085,999.915639425,1.00843605755,996.248603187,1.37513968127
1382,997.908852347,1.20911476528,995.891466457,1.41085335427,999.050705996,1.09492940038
1384,996.485134168,1.35148658316,997.390095748,1.26099042524,998.446101582,1.1553898418
1386,998.361812702,1.16381872981,1002.53108863,0.746891137026,1000.42207141,0.957792859471
1388,1003.77846296,0.622153704276,1003.96054166,0.603945834273,1001.66015996,0.833984003648
1390,1002.07792536,0.792207464293,1000.70284894,0.929715106266,1003.63107592,0.636892408134
1392,1001.7264428,0.827355720406,999.120762978,1.08792370217,1005.00050643,0.499949357277
1394,998.937400161,1.10625998386,1002.32996695,0.767003304897,1004.31639188,0.568360811904
1396,1002.43977158,0.756022842395,999.498556411,1.05014435892,1004.27983164,0.572016836306
1398,993.207160132,1.6792839868,1002.56995601,0.743004398786,1002.0189088,0.798109120088
1400,999.340202393,1.06597976065,1000.89850632,0.910149367663,1003.1743295,0.682567049999
1402,997.034525427,1.29654745725,998.925364862,1.10746351381,1001.7461306,0.825386939765
1404,997.422868818,1.25771311823,1004.14287359,0.585712640585,1001.21757738,0.878242262145
1406,994.363335895,1.56366641047,1003.85836502,0.614163498158,999.773997999,1.02260020011
1408,998.144879072,1.18551209275,1001.40475842,0.85952415845,1000.2481351,0.975186490326
1410,1000.81325953,0.918674047353,1000.06820201,0.99317979905,1000.84467743,0.915532256764
1412,1002.89824584,0.710175415813,1001.94511349,0.805488651197,1000.54338837,0.945661163222
1414,997.998748105,1.20012518945,1000.95447163,0.904552836917,1003.79474481,0.620525519336
1416,1003.83233799,0.616766201013,1001.18865984,0.881134016436,1002.66513895,0.733486105131
1418,1000.05589287,0.994410713295,1002.98807864,0.701192136042,1000.67293364,0.932706636473
1420,1000.87772142,0.912227858323,1002.83235536,0.716764464357,998.978837066,1.10211629341
1422,1002.11320232,0.788679768187,1000.47208699,0.952791301096,999.389389127,1.06106108732
1424,996.309987544,1.36900124562,998.008739915,1.19912600846,1000.16562245,0.983437754648
1426,997.512193189,1.24878068114,999.351704439,1.06482955613,1001.48420077,0.851579922702
1428,1003.07400887,0.692599113417,995.172307513,1.48276924872,1003.43314777,0.656685222514
1430,1000.60679784,0.939320215731,1003.67070314,0.632929685588,1002.99957835,0.700042164542
1432,995.393037791,1.46069622093,1003.3590199,0.664098009591,1000.62367681,0.937632318974
1434,1000.4018532,0.959814680246,1004.41737756,0.558262243726,1002.0687342,0.793126580154
1436,998.780149039,1.12198509609,1000.66200818,0.933799182349,1000.98484422,0.901515577858
1438,1002.62120057,0.737879943271,1001.38747185,0.861252814643,999.483655986,1.05163440137
1440,999.694276284,1.03057237158,998.983532826,1.1016467174,997.138419959,1.28615800407
1442,1000.04091981,0.995908019285,998.641585719,1.13584142811,997.390048226,1.26099517738
1444,1002.32797044,0.767202955723,1001.85334242,0.814665757908,999.308686966,1.06913130342
1446,1000.73558541,0.926441458785,1003.05759124,0.694240876479,1002.27573714,0.772426286327
1448,1002.92177859,0.707822140556,998.937284466,1.10627155336,1002.27484231,0.772515768696
1450,1004.89751917,0.51024808332,995.373754456,1.46262455443,1000.95157978,0.904842021644
1452,1002.40853382,0.759146618101,997.300969534,1.26990304664,1001.42371807,0.857628192604
1454,1002.14480916,0.785519084127,997.409479169,1.25905208312,1002.52593942,0.74740605785
1456,996.013431713,1.39865682874,999.146849495,1.08531505052,998.144616856,1.18553831441
1458,1001.51880935,0.848119064834,995.545041324,1.44549586764,996.625757176,1.33742428239
1460,1002.82931421,0.717068579257,993.625320034,1.63746799661,996.260381877,1.37396181232
1462,1000.58594168,0.941405831856,991.80450561,1.81954943903,996.485207143,1.3514792857
1464,1001.14842909,0.88515709124,1000.85154474,0.914845525578,997.906555681,1.20934443187
1466,998.456370422,1.15436295779,998.57372116,1.14262788404,1001.08937381,0.891062619119
1468,999.533366065,1.04666339346,998.36199606,1.163800394,1004.05292092,0.59470790835
1470,1002.47095989,0.752904011007,998.168828153,1.18311718468,999.130111488,1.08698885116
1472,1002.77314619,0.722685381108,998.228262809,1.17717371915,1001.68410345,0.831589654767
1474,1000.93752423,0.906247576658,992.93088946,1.70691105397,1003.0557874,0.694421260199
1476,1001.85984401,0.81401559917,992.228866704,1.77711332961,1007.52733194,0.247266806162
1478,1000.32940714,0.967059286443,998.400687228,1.15993127717,1004.10634276,0.589365723588
1480,998.723995423,1.12760045775,998.846567487,1.11534325126,1000.82569394,0.91743060588
1482,995.211345763,1.4788654237,997.494170357,1.25058296431,999.230698581,1.07693014192
1484,1005.23499597,0.476500402599,1003.66316386,0.63368361361,999.398872371,1.06011276287
1486,1000.99181204,0.900818795631,1001.07128433,0.892871566748,998.157354852,1.18426451482
1488,1003.72190373,0.627809626729,998.088915038,1.19110849623,996.542653833,1.34573461672
1490,1001.91673423,0.808326576789,999.771489343,1.02285106566,999.265122646,1.07348773536
1492,1002.493828,0.750617200394,999.559586348,1.04404136516,999.309895041,1.06901049592
1494,997.060012818,1.29399871816,997.672319416,1.23276805844,1002.22786095,0.777213904749
1496,1003.77952311,0.622047688881,998.214385674,1.17856143258,999.051197574,1.09488024256
1498,1005.40415714,0.459584286161,998.076574402,1.1923425598,1002.37842182,0.76215781797
