case,integrator,time_fs,volume_angstrom3,volume_ratio,pressure_pa,temperature_k,total_energy_ev_per_atom
isotropic_tau_500fs,csvr_npt,20,10041.5898438,1,129008837.58,83.8033499248,-0.0580676188692
isotropic_tau_500fs,csvr_npt,40,10066.9091797,1.00252144694,118359787.311,81.647503823,-0.0585490968078
isotropic_tau_500fs,csvr_npt,60,10094.6953125,1.00528855187,107907771.449,80.6899897443,-0.0588616523892
isotropic_tau_500fs,csvr_npt,80,10133.4833984,1.00915129537,96760137.0534,82.1334507532,-0.058760503307
isotropic_tau_500fs,csvr_npt,100,10188.5771484,1.01463785187,84666828.8921,88.8874563001,-0.0578351020813
isotropic_tau_500fs,csvr_npt,120,10228.5507812,1.01861865904,81238932.8542,92.0395362852,-0.0571386441588
isotropic_tau_500fs,csvr_npt,140,10275.3349609,1.02327770013,79232609.4675,90.3705268083,-0.0569239752367
isotropic_tau_500fs,csvr_npt,160,10278.6513672,1.02360796718,89169691.3545,88.0788178089,-0.056699889712
isotropic_tau_500fs,csvr_npt,180,10306.5595703,1.02638722858,89946162.2925,85.9354491334,-0.0566426338628
isotropic_tau_500fs,csvr_npt,200,10327.4921875,1.02847182052,89287474.3041,87.6536015867,-0.0562263103202
isotropic_tau_500fs,csvr_npt,220,10327.5273438,1.02847532158,91647451.1856,89.1068130713,-0.0559321111068
isotropic_tau_500fs,csvr_npt,240,10355.8964844,1.03130048583,84620636.1781,91.1738198977,-0.0556800253689
isotropic_tau_500fs,csvr_npt,260,10378.1484375,1.03351646492,77779847.9137,88.7354197646,-0.0560553418472
isotropic_tau_500fs,csvr_npt,280,10407.3037109,1.03641991685,67726061.7723,89.784818334,-0.0560628790408
isotropic_tau_500fs,csvr_npt,300,10410.78125,1.03676623045,62773077.1993,91.332221729,-0.056058938615
isotropic_tau_500fs,csvr_npt,320,10447.8710938,1.0404598531,50814847.6376,95.1553991842,-0.0557300997898
isotropic_tau_500fs,csvr_npt,340,10460.3466797,1.04170224461,47683605.9993,94.5069129805,-0.0558157414198
isotropic_tau_500fs,csvr_npt,360,10456.2910156,1.04129835796,51424577.784,96.3150331025,-0.0554289016873
isotropic_tau_500fs,csvr_npt,380,10479.8662109,1.04364611322,50404500.4708,90.3387871291,-0.0559936370701
isotropic_tau_500fs,csvr_npt,400,10481.2089844,1.04377983442,54930050.5052,91.4633106548,-0.0556081971154
isotropic_tau_500fs,csvr_npt,420,10456.7285156,1.04134192676,65194597.2185,92.2730486061,-0.0552665069699
isotropic_tau_500fs,csvr_npt,440,10478.2714844,1.04348730106,64083516.2642,93.1137161082,-0.0549904368818
isotropic_tau_500fs,csvr_npt,460,10485.3730469,1.04419451601,65952290.4662,97.018072784,-0.0543330069631
isotropic_tau_500fs,csvr_npt,480,10553.5644531,1.0509854134,52856328.0955,92.8114658265,-0.054820748046
isotropic_tau_500fs,csvr_npt,500,10587.5742188,1.05437230394,47192349.6959,89.9980919078,-0.0551510564983
isotropic_tau_500fs,csvr_npt,520,10633.4970703,1.05894556896,38519117.032,87.4314382987,-0.0554668875411
isotropic_tau_500fs,csvr_npt,540,10645.8925781,1.06017998582,36417911.9859,89.5773096928,-0.0551815377548
isotropic_tau_500fs,csvr_npt,560,10693.6972656,1.06494065502,26255798.5756,91.694464923,-0.0549409240484
isotropic_tau_500fs,csvr_npt,580,10723.1933594,1.06787804782,20084419.7763,88.044821343,-0.0554326940328
isotropic_tau_500fs,csvr_npt,600,10732.9375,1.0688484261,18303842.7038,90.6821297348,-0.0550812687725
isotropic_tau_500fs,csvr_npt,620,10769.7978516,1.07251919458,11671343.5518,93.7966906415,-0.0546376351267
isotropic_tau_500fs,csvr_npt,640,10756.0957031,1.07115465484,16133531.5103,99.3552140818,-0.0538210673258
isotropic_tau_500fs,csvr_npt,660,10745.9248047,1.07014177754,22129785.8296,101.157750103,-0.053377292119
isotropic_tau_500fs,csvr_npt,680,10768.6533203,1.0724052155,23256799.299,99.0393290472,-0.0533524071798
isotropic_tau_500fs,csvr_npt,700,10770.0234375,1.07254165975,28912381.2842,95.6358415802,-0.0534875318408
isotropic_tau_500fs,csvr_npt,720,10816.0410156,1.07712435819,24668879.7429,96.2072643056,-0.0531802056357
isotropic_tau_500fs,csvr_npt,740,10850.2089844,1.08052700351,20713110.8279,96.2226712146,-0.053077836521
isotropic_tau_500fs,csvr_npt,760,10861.1601562,1.08161758499,20646739.9851,100.174782075,-0.0525051997975
isotropic_tau_500fs,csvr_npt,780,10856.3232422,1.08113589692,25126386.0196,100.901170819,-0.0522704003379
isotropic_tau_500fs,csvr_npt,800,10910.5166016,1.08653278727,20062241.8257,100.812816174,-0.0520529281348
isotropic_tau_500fs,csvr_npt,820,10937.3808594,1.08920808652,20579033.2077,97.3307317709,-0.0522568477318
isotropic_tau_500fs,csvr_npt,840,10956.4140625,1.09110352374,21756022.2073,97.9408236679,-0.0519925113767
isotropic_tau_500fs,csvr_npt,860,11041.8837891,1.0996150969,10575949.9678,97.6881286602,-0.051836092025
isotropic_tau_500fs,csvr_npt,880,11022.9072266,1.09772530028,18471787.7015,100.253972141,-0.0512985996902
isotropic_tau_500fs,csvr_npt,900,11022.7255859,1.09770721145,22653527.7237,96.5158220167,-0.051576750353
isotropic_tau_500fs,csvr_npt,920,11081.8505859,1.1035952233,13999594.6116,95.684868824,-0.0515908850357
isotropic_tau_500fs,csvr_npt,940,11066.8564453,1.10210201945,16471553.3472,95.4030019552,-0.0516419801861
isotropic_tau_500fs,csvr_npt,960,11064.2880859,1.10184624727,15714130.162,103.816823467,-0.0506377760321
isotropic_tau_500fs,csvr_npt,980,11054.9091797,1.10091224116,17586162.2101,105.188096235,-0.0504429116845
isotropic_tau_500fs,csvr_npt,1000,11068.5566406,1.1022713348,16078093.434,106.816715017,-0.0501753119752
isotropic_tau_500fs,csvr_npt,1020,11073.8369141,1.10279717519,15347263.9136,101.282567766,-0.0508599448949
isotropic_tau_500fs,csvr_npt,1040,11068.4306641,1.10225878932,15199003.0637,101.833585379,-0.0508466167375
isotropic_tau_500fs,csvr_npt,1060,11059.265625,1.10134608136,15340852.0691,103.873098468,-0.0506655909121
isotropic_tau_500fs,csvr_npt,1080,11027.5449219,1.09818714899,19533355.9232,104.428484988,-0.0506828101352
isotropic_tau_500fs,csvr_npt,1100,11049.5664062,1.10038017666,13976009.4284,104.915119081,-0.0507110664621
isotropic_tau_500fs,csvr_npt,1120,11048.0898438,1.10023313197,12982860.049,104.502734716,-0.0508461650461
isotropic_tau_500fs,csvr_npt,1140,11052.4160156,1.10066395736,11785513.397,100.682334844,-0.0513846985996
isotropic_tau_500fs,csvr_npt,1160,11051.2695312,1.10054978377,12681172.1918,98.8383520675,-0.0516025060788
isotropic_tau_500fs,csvr_npt,1180,11003.2392578,1.09576664941,23068062.4119,98.6101489818,-0.0515445861965
isotropic_tau_500fs,csvr_npt,1200,10995.9912109,1.09504484669,25844499.5846,100.552388778,-0.0512205203995
isotropic_tau_500fs,csvr_npt,1220,10988.6699219,1.09431575008,27786712.2981,101.121836815,-0.0511206826195
isotropic_tau_500fs,csvr_npt,1240,11010.3652344,1.09647629566,23725914.2754,98.2488461155,-0.0514837428927
isotropic_tau_500fs,csvr_npt,1260,10979.4746094,1.09340002731,29098627.1859,98.8693105513,-0.0514091560617
isotropic_tau_500fs,csvr_npt,1280,10980.2695312,1.09347919026,28193875.0602,99.3854058368,-0.0513677578419
isotropic_tau_500fs,csvr_npt,1300,11019.5996094,1.0973959085,19318408.6071,92.7632342446,-0.0522899022326
isotropic_tau_500fs,csvr_npt,1320,11031.2080078,1.09855194043,14373831.8874,93.2624108634,-0.0523698450997
isotropic_tau_500fs,csvr_npt,1340,11039.2226562,1.0993500858,9791806.58659,93.7598008593,-0.0524653699249
isotropic_tau_500fs,csvr_npt,1360,11066.6103516,1.102077512,2587481.41846,93.0312421286,-0.0526699190959
isotropic_tau_500fs,csvr_npt,1380,11039.1708984,1.09934493145,6160522.67999,92.9154733122,-0.0527538442984
isotropic_tau_500fs,csvr_npt,1400,11035.4472656,1.09897411041,6899769.69523,95.2173306184,-0.0524518173188
isotropic_tau_500fs,csvr_npt,1420,11044.6728516,1.09989284799,6547033.05261,94.5945008966,-0.0524644739926
isotropic_tau_500fs,csvr_npt,1440,11027.6289062,1.09819551265,11858500.9383,93.345159708,-0.0525017352775
isotropic_tau_500fs,csvr_npt,1460,11006.3212891,1.09607357603,18887711.5595,96.3836046975,-0.0519425878301
isotropic_tau_500fs,csvr_npt,1480,10978.1464844,1.09326776489,28111842.9305,98.9696652253,-0.0513915149495
isotropic_tau_500fs,csvr_npt,1500,10992.5283203,1.09469999187,29892700.7513,98.3125641726,-0.0512455869466
isotropic_tau_500fs,csvr_npt,1520,10997.2099609,1.09516621691,34177712.6299,93.4635614421,-0.0515865851194
isotropic_tau_500fs,csvr_npt,1540,11006.7041016,1.09611169873,37459005.5929,93.8401699514,-0.0512528093532
isotropic_tau_500fs,csvr_npt,1560,10946.3935547,1.09010562321,52253914.114,95.2929546718,-0.0508484067395
isotropic_tau_500fs,csvr_npt,1580,10982.4746094,1.09369878478,42733186.0476,93.8436780973,-0.0511729577556
isotropic_tau_500fs,csvr_npt,1600,11015.6621094,1.09700378932,30767412.6137,95.9854482156,-0.0512081170455
isotropic_tau_2000fs,csvr_npt,20,9614.89550781,1,268366919.656,88.2110061949,-0.0563599374145
isotropic_tau_2000fs,csvr_npt,40,9620.17773438,1.00054937951,266268779.721,93.5064476222,-0.0556866629049
isotropic_tau_2000fs,csvr_npt,60,9643.95214844,1.00302204435,257120206.948,94.8128233073,-0.0556066911668
isotropic_tau_2000fs,csvr_npt,80,9657.47851562,1.0044288581,252748817.85,98.2357032265,-0.0551758594811
isotropic_tau_2000fs,csvr_npt,100,9666.20703125,1.0053366699,250749370.756,97.8784799361,-0.0552122611552
isotropic_tau_2000fs,csvr_npt,120,9682.02148438,1.00698145669,247230032.76,95.5399787796,-0.0554778883234
isotropic_tau_2000fs,csvr_npt,140,9710.10546875,1.00990233964,240004341.48,92.9955386061,-0.0557777071372
isotropic_tau_2000fs,csvr_npt,160,9728.95507812,1.01186279874,237046751.899,94.8789500501,-0.0554296607152
isotropic_tau_2000fs,csvr_npt,180,9740.37109375,1.01305012476,236367497.203,93.0109093486,-0.0555620826781
isotropic_tau_2000fs,csvr_npt,200,9767.51660156,1.01587340119,228037663.434,95.4367814224,-0.0552786141634
isotropic_tau_2000fs,csvr_npt,220,9773.18847656,1.01646330619,227097451.535,98.2171209029,-0.0548831894994
isotropic_tau_2000fs,csvr_npt,240,9769.88574219,1.01611980434,228589675.615,101.687639274,-0.0543945729733
isotropic_tau_2000fs,csvr_npt,260,9785.70800781,1.01776540368,220488245.458,101.79788909,-0.0545394197106
isotropic_tau_2000fs,csvr_npt,280,9788.88085938,1.01809539702,215304048.624,103.347889236,-0.0545284831896
isotropic_tau_2000fs,csvr_npt,300,9790.49609375,1.01826338994,210142644.279,105.629623528,-0.0544506832957
isotropic_tau_2000fs,csvr_npt,320,9809.140625,1.02020251983,199891464.683,107.21922594,-0.0544761037454
isotropic_tau_2000fs,csvr_npt,340,9812.9921875,1.02060310271,197826885.536,103.331628799,-0.0550115071237
isotropic_tau_2000fs,csvr_npt,360,9821.07519531,1.02144377828,197036080.697,104.914728483,-0.0547228697687
isotropic_tau_2000fs,csvr_npt,380,9832.7578125,1.02265883228,197130290.892,102.922325816,-0.0548033546656
isotropic_tau_2000fs,csvr_npt,400,9847.421875,1.02418397236,196997160.627,103.783304398,-0.0544865205884
isotropic_tau_2000fs,csvr_npt,420,9857.48632812,1.02523072873,198121714.392,104.500116265,-0.0542084965855
isotropic_tau_2000fs,csvr_npt,440,9864.55859375,1.02596628177,199351470.473,100.404612651,-0.0545887509361
isotropic_tau_2000fs,csvr_npt,460,9861.68261719,1.02566716499,203027284.558,101.404600612,-0.054339828901
isotropic_tau_2000fs,csvr_npt,480,9886.75195312,1.02827450856,196204235.701,100.861308154,-0.0544315474108
isotropic_tau_2000fs,csvr_npt,500,9922.62695312,1.03200569835,186051077.482,98.7374765965,-0.0547493537888
isotropic_tau_2000fs,csvr_npt,520,9927.11425781,1.03247240178,187021007.902,99.6415945238,-0.0545489629731
isotropic_tau_2000fs,csvr_npt,540,9970.24121094,1.03695783307,174359873.95,104.801021154,-0.0539481369779
isotropic_tau_2000fs,csvr_npt,560,9978.94921875,1.03786351195,173363712.896,99.135097815,-0.0546115590259
isotropic_tau_2000fs,csvr_npt,580,9981.96484375,1.0381771529,173267233.4,104.695227046,-0.0538615379483
isotropic_tau_2000fs,csvr_npt,600,9997.43847656,1.03978649258,168874419.611,103.433849662,-0.0540339360014
isotropic_tau_2000fs,csvr_npt,620,10003.6376953,1.04043124412,167512416.116,105.739989076,-0.0537174874917
isotropic_tau_2000fs,csvr_npt,640,10033.1865234,1.04350447858,158497138.366,101.696962986,-0.0543008893728
isotropic_tau_2000fs,csvr_npt,660,10045.5585938,1.04479123934,155897215.523,105.013708832,-0.0538369044662
isotropic_tau_2000fs,csvr_npt,680,10051.2871094,1.04538703527,156929927.87,108.622144355,-0.0532406875864
isotropic_tau_2000fs,csvr_npt,700,10063.1220703,1.04661793382,156984263.645,106.376178685,-0.0533830020577
isotropic_tau_2000fs,csvr_npt,720,10083.7978516,1.04876832446,154270142.105,102.246548407,-0.0537799457088
isotropic_tau_2000fs,csvr_npt,740,10073.4628906,1.04769343384,159810662.748,101.896558407,-0.0536741679534
isotropic_tau_2000fs,csvr_npt,760,10076.8076172,1.0480413031,157497085.304,96.8281265724,-0.0543901761994
isotropic_tau_2000fs,csvr_npt,780,10106.2460938,1.05110306041,142269999.638,98.4617073918,-0.0545654613525
isotropic_tau_2000fs,csvr_npt,800,10112.3779297,1.05174080378,131838485.203,101.185685072,-0.0546482037753
isotropic_tau_2000fs,csvr_npt,820,10133.7880859,1.0539675733,117076876.734,101.813447898,-0.0550221800804
isotropic_tau_2000fs,csvr_npt,840,10144.5810547,1.05509009915,107136261.887,104.735227143,-0.0549931535497
isotropic_tau_2000fs,csvr_npt,860,10149.1884766,1.0555692954,100987232.791,104.803914471,-0.0552341993898
isotropic_tau_2000fs,csvr_npt,880,10151.9990234,1.05586160715,97774965.4419,100.829445509,-0.05586829409
isotropic_tau_2000fs,csvr_npt,900,10165.3417969,1.05724932617,93430469.117,100.61752456,-0.0559463333338
isotropic_tau_2000fs,csvr_npt,920,10162.375,1.0569407636,94549088.5034,101.898178664,-0.0557510862127
isotropic_tau_2000fs,csvr_npt,940,10171.0585938,1.05784390329,91400056.9425,98.8988006771,-0.0561835886911
isotropic_tau_2000fs,csvr_npt,960,10166.1738281,1.05733586183,89615944.7728,99.2461360593,-0.0562898544595
isotropic_tau_2000fs,csvr_npt,980,10174.7988281,1.05823290746,82464851.3296,103.64860606,-0.055978029035
isotropic_tau_2000fs,csvr_npt,1000,10181.3935547,1.05891879391,76223691.7126,107.723993892,-0.0556938657537
isotropic_tau_2000fs,csvr_npt,1020,10185.5683594,1.05935299568,72708926.5139,105.145210055,-0.0561529165134
isotropic_tau_2000fs,csvr_npt,1040,10214.1201172,1.06232252955,64757501.8295,105.243394742,-0.056199031882
isotropic_tau_2000fs,csvr_npt,1060,10196.0498047,1.06044312145,70681372.7264,105.339467308,-0.0561155620962
isotropic_tau_2000fs,csvr_npt,1080,10199.1064453,1.06076102824,72505065.5502,99.8041193307,-0.0567170754075
isotropic_tau_2000fs,csvr_npt,1100,10211.0839844,1.06200675567,73089219.4287,102.122179208,-0.0562615282834
isotropic_tau_2000fs,csvr_npt,1120,10209.7509766,1.06186811581,78639019.3373,105.851765116,-0.0555356498808
isotropic_tau_2000fs,csvr_npt,1140,10216.9882812,1.06262083378,82890712.1233,104.625085827,-0.0554089685902
isotropic_tau_2000fs,csvr_npt,1160,10253.6601562,1.06643490279,78314451.7558,100.786986093,-0.0557049009949
isotropic_tau_2000fs,csvr_npt,1180,10242.8583984,1.06531146284,84363216.5975,104.058234541,-0.0551249692217
isotropic_tau_2000fs,csvr_npt,1200,10267.7236328,1.06789757876,79825061.8384,105.583677666,-0.0548782031983
isotropic_tau_2000fs,csvr_npt,1220,10291.8007812,1.07040172958,76067597.9849,105.513869178,-0.054798678495
isotropic_tau_2000fs,csvr_npt,1240,10304.4082031,1.07171296815,76020015.7125,102.931982259,-0.0550037110224
isotropic_tau_2000fs,csvr_npt,1260,10318.9414062,1.07322449816,75667726.9072,100.358666789,-0.0551980454475
isotropic_tau_2000fs,csvr_npt,1280,10321.9433594,1.07353671717,78202112.0205,98.356282181,-0.0553127611056
isotropic_tau_2000fs,csvr_npt,1300,10315.7050781,1.07288790292,83447177.4184,94.590479187,-0.0556131573394
isotropic_tau_2000fs,csvr_npt,1320,10342.8886719,1.07571514048,79817038.4598,94.0902971409,-0.0555389095098
isotropic_tau_2000fs,csvr_npt,1340,10359.4833984,1.07744107983,78388165.187,98.9185764937,-0.0547962142155
isotropic_tau_2000fs,csvr_npt,1360,10372.8271484,1.07882890043,76958175.9154,96.531981188,-0.0550133511424
isotropic_tau_2000fs,csvr_npt,1380,10375.0585938,1.07906098255,76346535.5147,97.8560712017,-0.0548535194248
isotropic_tau_2000fs,csvr_npt,1400,10382.28125,1.07981217701,73632819.6512,101.645592156,-0.0544276237488
isotropic_tau_2000fs,csvr_npt,1420,10400.6552734,1.08172317265,68916600.9093,102.015119273,-0.0544265108183
isotropic_tau_2000fs,csvr_npt,1440,10390.6240234,1.08067986958,72727757.0509,95.9702149055,-0.0551368705928
isotropic_tau_2000fs,csvr_npt,1460,10391.1259766,1.08073207536,74544209.8714,96.8564015054,-0.0549302482978
isotropic_tau_2000fs,csvr_npt,1480,10399.2617188,1.08157823559,74203942.1451,96.3680169563,-0.054915972054
isotropic_tau_2000fs,csvr_npt,1500,10424.5429688,1.08420761934,68618400.7426,94.16155952,-0.0552094290033
isotropic_tau_2000fs,csvr_npt,1520,10445.9736328,1.08643652178,63566185.5345,100.909604835,-0.054372725077
isotropic_tau_2000fs,csvr_npt,1540,10460.5869141,1.08795638034,61457323.9284,99.8743039495,-0.054442582652
isotropic_tau_2000fs,csvr_npt,1560,10475.3271484,1.0894894427,60531357.3338,95.4920148296,-0.0548880668357
isotropic_tau_2000fs,csvr_npt,1580,10501.3671875,1.09219774453,57454902.9991,94.0456388046,-0.0549392076209
isotropic_tau_2000fs,csvr_npt,1600,10494.4326172,1.09147651253,61550380.8208,95.7062865975,-0.0545980548486
flexible_tau_1000fs,baoab_npt_langevin,20,10092.2412109,1,82012923.104,96.4745777936,-0.0577491382137
flexible_tau_1000fs,baoab_npt_langevin,40,10142.1826172,1.00494849511,75452531.872,98.8445220644,-0.057198015973
flexible_tau_1000fs,baoab_npt_langevin,60,10192.9101562,1.00997488498,68685359.1169,97.3912093137,-0.0571609782055
flexible_tau_1000fs,baoab_npt_langevin,80,10241.7666016,1.01481587563,65719872.0566,95.7534259524,-0.0569735532627
flexible_tau_1000fs,baoab_npt_langevin,100,10286.3007812,1.01922859019,60911853.8639,98.2934248856,-0.0564057221636
flexible_tau_1000fs,baoab_npt_langevin,120,10334.4238281,1.0239969113,49642744.2414,99.9893856033,-0.0562317324802
flexible_tau_1000fs,baoab_npt_langevin,140,10380.4541016,1.02855786783,39132244.9129,96.3949320306,-0.0567260487005
flexible_tau_1000fs,baoab_npt_langevin,160,10424.8730469,1.03295916427,30129391.5866,96.4666067074,-0.0566832665354
flexible_tau_1000fs,baoab_npt_langevin,180,10464.3681641,1.03687257819,23135166.309,99.1519441488,-0.0562777342275
flexible_tau_1000fs,baoab_npt_langevin,200,10504.6689453,1.04086582215,16953917.2151,106.575701774,-0.0552045842633
flexible_tau_1000fs,baoab_npt_langevin,220,10541.3115234,1.04449658932,11530831.6345,108.73698731,-0.0548209538683
flexible_tau_1000fs,baoab_npt_langevin,240,10576.9013672,1.04802304524,8639880.73639,106.059903053,-0.0549578685313
flexible_tau_1000fs,baoab_npt_langevin,260,10602.7060547,1.05057992899,7085303.81735,107.822670443,-0.0545599814504
flexible_tau_1000fs,baoab_npt_langevin,280,10625.7412109,1.0528623909,6957868.46892,110.346322139,-0.0540276421234
flexible_tau_1000fs,baoab_npt_langevin,300,10648.9169922,1.0551587868,9066312.06121,98.3472839675,-0.0552450669929
flexible_tau_1000fs,baoab_npt_langevin,320,10677.8876953,1.05802937842,8927350.29472,98.4855049179,-0.0549576291814
flexible_tau_1000fs,baoab_npt_langevin,340,10709.4599609,1.06115774852,6469245.8081,89.119348364,-0.0559696555138
flexible_tau_1000fs,baoab_npt_langevin,360,10740.2626953,1.06420986883,3182940.6135,88.9152176695,-0.0558647541329
flexible_tau_1000fs,baoab_npt_langevin,380,10769.3359375,1.06709062065,-1605544.05428,99.8127341798,-0.0544222770259
flexible_tau_1000fs,baoab_npt_langevin,400,10795.7128906,1.06970420791,-6286706.3184,91.1294581264,-0.0555319488049
flexible_tau_1000fs,baoab_npt_langevin,420,10829.2177734,1.07302407335,-12032143.3053,94.9426753404,-0.0550292721018
flexible_tau_1000fs,baoab_npt_langevin,440,10851.3486328,1.0752169321,-14577023.1595,107.862786273,-0.0533112231642
flexible_tau_1000fs,baoab_npt_langevin,460,10862.1318359,1.07628539676,-12189788.7927,108.974883005,-0.0529865846038
flexible_tau_1000fs,baoab_npt_langevin,480,10870.9111328,1.07715530234,-8159160.94614,109.596606034,-0.0526516502723
flexible_tau_1000fs,baoab_npt_langevin,500,10882.4941406,1.07830301646,-4779088.87679,104.525353216,-0.053044538945
flexible_tau_1000fs,baoab_npt_langevin,520,10903.7587891,1.08041004581,-2768337.29261,102.046815553,-0.0530775059015
flexible_tau_1000fs,baoab_npt_langevin,540,10926.1748047,1.08263115955,-2608591.45688,99.0926456324,-0.0532482909039
flexible_tau_1000fs,baoab_npt_langevin,560,10947.9394531,1.08478773191,-5034129.8198,102.760300106,-0.0527025936171
flexible_tau_1000fs,baoab_npt_langevin,580,10965.4951172,1.08652725277,-6781697.27859,102.385210588,-0.052670493722
flexible_tau_1000fs,baoab_npt_langevin,600,10976.5810547,1.08762571418,-5619937.24746,92.6854836038,-0.0537552041933
flexible_tau_1000fs,baoab_npt_langevin,620,10977.0429688,1.0876714834,-6927577.77869,92.4089549035,-0.0538524808362
flexible_tau_1000fs,baoab_npt_langevin,640,10981.4433594,1.08810750059,-8844620.47139,93.1126455812,-0.053827968426
flexible_tau_1000fs,baoab_npt_langevin,660,10990.1015625,1.08896540746,-11784726.136,100.992505579,-0.0528829749674
flexible_tau_1000fs,baoab_npt_langevin,680,10994.9472656,1.08944554889,-11825407.0515,104.738077059,-0.0523685598746
flexible_tau_1000fs,baoab_npt_langevin,700,10992.5283203,1.08920586523,-6179219.1087,104.942207754,-0.052089122124
flexible_tau_1000fs,baoab_npt_langevin,720,10995.5107422,1.08950138154,-661540.959442,110.509780041,-0.0510649653152
flexible_tau_1000fs,baoab_npt_langevin,740,11005.7431641,1.09051527149,3671792.97307,104.728189151,-0.0515005802736
flexible_tau_1000fs,baoab_npt_langevin,760,11020.6787109,1.09199517536,4912118.01382,102.301803514,-0.0516194095835
flexible_tau_1000fs,baoab_npt_langevin,780,11032.1035156,1.09312721377,6310103.6298,99.7278804476,-0.0517941862345
flexible_tau_1000fs,baoab_npt_langevin,800,11043.2626953,1.09423293246,4700508.49402,99.4502378206,-0.0518242763355
flexible_tau_1000fs,baoab_npt_langevin,820,11059.4072266,1.09583262978,-807280.393239,105.692813554,-0.0511527583003
flexible_tau_1000fs,baoab_npt_langevin,840,11083.4160156,1.0982115651,-8326380.27268,96.4766754479,-0.0524947885424
flexible_tau_1000fs,baoab_npt_langevin,860,11095.4794922,1.09940688696,-12176237.7993,95.3133525513,-0.0527115054429
flexible_tau_1000fs,baoab_npt_langevin,880,11096.3857422,1.09949668367,-13295474.8927,100.721908177,-0.0520362313837
flexible_tau_1000fs,baoab_npt_langevin,900,11096.7724609,1.09953500209,-14750541.5455,98.6048542131,-0.0523495590314
flexible_tau_1000fs,baoab_npt_langevin,920,11096.6679688,1.09952464837,-14358681.2176,106.697705687,-0.0512669794261
flexible_tau_1000fs,baoab_npt_langevin,940,11094.5410156,1.09931389706,-13182890.984,104.28591683,-0.0515286689624
flexible_tau_1000fs,baoab_npt_langevin,960,11088.0800781,1.09867370848,-10820609.8292,102.497181927,-0.0517137181014
flexible_tau_1000fs,baoab_npt_langevin,980,11083.9521484,1.09826468837,-7838131.86198,97.7290112188,-0.0522209480405
flexible_tau_1000fs,baoab_npt_langevin,1000,11088.6308594,1.0987282832,-6793141.50006,91.456048431,-0.0529374061152
flexible_tau_1000fs,baoab_npt_langevin,1020,11100.4169922,1.09989612418,-5216833.19268,95.2270376944,-0.0522681334987
flexible_tau_1000fs,baoab_npt_langevin,1040,11117.3769531,1.10157661918,-4785514.22439,92.3164917496,-0.052463282831
flexible_tau_1000fs,baoab_npt_langevin,1060,11118.8085938,1.10171847475,-546366.516203,94.6627686934,-0.0519250640646
flexible_tau_1000fs,baoab_npt_langevin,1080,11112.4228516,1.10108573698,4053062.87252,92.6843479772,-0.0519839422777
flexible_tau_1000fs,baoab_npt_langevin,1100,11107.0625,1.10055460109,6693602.02966,93.4442340896,-0.0517940726131
flexible_tau_1000fs,baoab_npt_langevin,1120,11099.0634766,1.0997620097,7821740.09516,92.3330487518,-0.051954750903
flexible_tau_1000fs,baoab_npt_langevin,1140,11090.9785156,1.09896090311,7041332.55624,98.0583357073,-0.0513413464651
flexible_tau_1000fs,baoab_npt_langevin,1160,11084.4638672,1.09831539254,5099957.76927,95.0412578582,-0.0518942875788
flexible_tau_1000fs,baoab_npt_langevin,1180,11083.2236328,1.09819250265,4152459.43086,96.3079010779,-0.0517938956618
flexible_tau_1000fs,baoab_npt_langevin,1200,11081.1044922,1.09798252545,3568147.49795,94.8467474403,-0.0520230289549
flexible_tau_1000fs,baoab_npt_langevin,1220,11079.0380859,1.09777777348,3536709.95331,98.2987558208,-0.0515879048035
flexible_tau_1000fs,baoab_npt_langevin,1240,11085.6123047,1.09842918664,2729655.71304,101.563270075,-0.0511198863387
flexible_tau_1000fs,baoab_npt_langevin,1260,11091.2070312,1.09898354582,1765041.53947,102.9757509,-0.0509096514434
flexible_tau_1000fs,baoab_npt_langevin,1280,11094.8378906,1.09934331322,-1573637.93197,100.699181178,-0.0513110924512
flexible_tau_1000fs,baoab_npt_langevin,1300,11099.8808594,1.09984300091,-6661746.03403,95.8458023069,-0.0521256923676
flexible_tau_1000fs,baoab_npt_langevin,1320,11096.5595703,1.0995139076,-10635010.523,96.616805987,-0.0522507913411
flexible_tau_1000fs,baoab_npt_langevin,1340,11093.1962891,1.09918065345,-14179596.1464,93.3475828604,-0.0528904320672
flexible_tau_1000fs,baoab_npt_langevin,1360,11091.5292969,1.09901547784,-16846890.1679,93.0151480569,-0.05309344735
flexible_tau_1000fs,baoab_npt_langevin,1380,11093.8105469,1.09924151782,-19578552.0292,94.2695380824,-0.0530521124601
flexible_tau_1000fs,baoab_npt_langevin,1400,11097.890625,1.09964579651,-23070353.2792,99.617355767,-0.0525119015947
flexible_tau_1000fs,baoab_npt_langevin,1420,11102.0009766,1.10005307488,-24311742.6377,100.449524153,-0.0524374404922
flexible_tau_1000fs,baoab_npt_langevin,1440,11102.6621094,1.1001185839,-21159591.5649,102.976835894,-0.0519408285618
flexible_tau_1000fs,baoab_npt_langevin,1460,11099.2773438,1.09978320095,-17579912.5002,101.290054222,-0.0519979819655
flexible_tau_1000fs,baoab_npt_langevin,1480,11086.4648438,1.09851366134,-11719005.3129,97.2565760755,-0.0523380441591
flexible_tau_1000fs,baoab_npt_langevin,1500,11074.2402344,1.09730237347,-7686723.5224,101.064795086,-0.0517373839393
flexible_tau_1000fs,baoab_npt_langevin,1520,11061.2353516,1.09601377141,-1705726.17358,100.935811047,-0.0515519240871
flexible_tau_1000fs,baoab_npt_langevin,1540,11050.3984375,1.09493998474,4765260.69903,93.7072148365,-0.0522749321535
flexible_tau_1000fs,baoab_npt_langevin,1560,11040.1816406,1.09392764302,6653852.27078,96.2737599462,-0.0519911069423
flexible_tau_1000fs,baoab_npt_langevin,1580,11029.0205078,1.0928217308,7581448.43815,96.0910253254,-0.0521235866472
flexible_tau_1000fs,baoab_npt_langevin,1600,11021.3535156,1.09206203907,7606933.15328,94.4648296957,-0.0524440994486
