time_step,replica_index,time,relative_energy_error
0.0015,0,0,0
0.0015,0,0.015,-2.92453309868e-07
0.0015,0,0.03,-1.24507472795e-06
0.0015,0,0.045,-3.7304314895e-06
0.0015,0,0.06,-8.13863885227e-06
0.0015,0,0.075,-1.21802351946e-05
0.0015,0,0.09,-9.21746384329e-06
0.0015,0,0.105,-6.35225792431e-06
0.0015,0,0.12,-6.59246049434e-06
0.0015,0,0.135,-4.90631019438e-06
0.0015,0,0.15,-3.63580153457e-06
0.0015,0,0.165,-4.2164058442e-06
0.0015,0,0.18,-6.48534362826e-06
0.0015,0,0.195,-9.82021772414e-06
0.0015,0,0.21,-1.10592115037e-05
0.0015,0,0.225,-8.53347821658e-06
0.0015,0,0.24,-6.74297729498e-06
0.0015,0,0.255,-7.50947056441e-06
0.0015,0,0.27,-7.91008446305e-06
0.0015,0,0.285,-7.88614860676e-06
0.0015,0,0.3,-7.55635148988e-06
0.0015,0,0.315,-7.97925093868e-06
0.0015,0,0.33,-9.02159819791e-06
0.0015,0,0.345,-9.57566713952e-06
0.0015,0,0.36,-8.68544327113e-06
0.0015,0,0.375,-7.83974501216e-06
0.0015,0,0.39,-8.57798376184e-06
0.0015,0,0.405,-8.82881227199e-06
0.0015,0,0.42,-8.65966338515e-06
0.0015,0,0.435,-8.47368294648e-06
0.0015,0,0.45,-1.00385541254e-05
0.0015,0,0.465,-1.12547709668e-05
0.0015,0,0.48,-1.12841091129e-05
0.0015,0,0.495,-9.14759415742e-06
0.0015,0,0.51,-6.91465976112e-06
0.0015,0,0.525,-6.76697937054e-06
0.0015,0,0.54,-9.29038445322e-06
0.0015,0,0.555,-1.15059500487e-05
0.0015,0,0.57,-1.09418889384e-05
0.0015,0,0.585,-9.16310842867e-06
0.0015,0,0.6,-9.53784239567e-06
0.0015,0,0.615,-1.08410884253e-05
0.0015,0,0.63,-1.16427881364e-05
0.0015,0,0.645,-1.21659101102e-05
0.0015,0,0.66,-1.20578851554e-05
0.0015,0,0.675,-1.11974683258e-05
0.0015,0,0.69,-8.98160896514e-06
0.0015,0,0.705,-8.44364861317e-06
0.0015,0,0.72,-1.03272048589e-05
0.0015,0,0.735,-1.13302602887e-05
0.0015,0,0.75,-9.67417494547e-06
0.0015,0,0.765,-7.69506035636e-06
0.0015,0,0.78,-9.46126813883e-06
0.0015,0,0.795,-1.1160857144e-05
0.0015,0,0.81,-1.12338878574e-05
0.0015,0,0.825,-1.24032069727e-05
0.0015,0,0.84,-1.51728285162e-05
0.0015,0,0.855,-1.37542251612e-05
0.0015,0,0.87,-1.09223519096e-05
0.0015,0,0.885,-1.23611310629e-05
0.0015,0,0.9,-1.2553124216e-05
0.0015,0,0.915,-1.18845104354e-05
0.0015,0,0.93,-1.07802526876e-05
0.0015,0,0.945,-1.03773428643e-05
0.0015,0,0.96,-1.18675026819e-05
0.0015,0,0.975,-1.2665253837e-05
0.0015,0,0.99,-1.05027881714e-05
0.0015,0,1.005,-8.83072111659e-06
0.0015,0,1.02,-1.02129097391e-05
0.0015,0,1.035,-1.19517810282e-05
0.0015,0,1.05,-1.24152584075e-05
0.0015,0,1.065,-1.08165921927e-05
0.0015,0,1.08,-9.92711619988e-06
0.0015,0,1.095,-9.35386410483e-06
0.0015,0,1.11,-9.97588473686e-06
0.0015,0,1.125,-1.12729805823e-05
0.0015,0,1.14,-1.06507623992e-05
0.0015,0,1.155,-7.860665491e-06
0.0015,0,1.17,-7.89990356669e-06
0.0015,0,1.185,-1.00971406264e-05
0.0015,0,1.2,-1.15883420002e-05
0.0015,0,1.215,-1.00214340182e-05
0.0015,0,1.23,-8.26061633441e-06
0.0015,0,1.245,-8.47536002923e-06
0.0015,0,1.26,-1.04335957522e-05
0.0015,0,1.275,-1.18018407808e-05
0.0015,0,1.29,-8.23777519102e-06
0.0015,0,1.305,-4.21862492862e-06
0.0015,0,1.32,-7.0789853302e-06
0.0015,0,1.335,-8.29337574429e-06
0.0015,0,1.35,-6.93049104969e-06
0.0015,0,1.365,-7.27711617383e-06
0.0015,0,1.38,-8.68630416414e-06
0.0015,0,1.395,-8.23000802278e-06
0.0015,0,1.41,-6.9080164455e-06
0.0015,0,1.425,-6.78303314409e-06
0.0015,0,1.44,-7.0053513802e-06
0.0015,0,1.455,-6.36340537587e-06
0.0015,0,1.47,-6.64950826628e-06
0.0015,0,1.485,-7.76335096975e-06
0.0015,0,1.5,-9.4474553362e-06
0.0015,0,1.515,-9.75928579427e-06
0.0015,0,1.53,-8.31169707015e-06
0.0015,0,1.545,-7.38452917209e-06
0.0015,0,1.56,-8.36507278028e-06
0.0015,0,1.575,-8.29470564975e-06
0.0015,0,1.59,-8.71608818848e-06
0.0015,0,1.605,-1.00224290701e-05
0.0015,0,1.62,-1.07970067378e-05
0.0015,0,1.635,-9.54020103437e-06
0.0015,0,1.65,-8.88019837915e-06
0.0015,0,1.665,-9.86409990169e-06
0.0015,0,1.68,-1.00230942068e-05
0.0015,0,1.695,-1.01793318016e-05
0.0015,0,1.71,-1.15304821844e-05
0.0015,0,1.725,-1.14145158255e-05
0.0015,0,1.74,-9.70708651603e-06
0.0015,0,1.755,-6.75082834455e-06
0.0015,0,1.77,-7.73009969167e-06
0.0015,0,1.785,-1.21032888617e-05
0.0015,0,1.8,-1.55365783965e-05
0.0015,1,0,0
0.0015,1,0.015,-2.04984508839e-07
0.0015,1,0.03,-1.01329164943e-06
0.0015,1,0.045,-2.81976998766e-06
0.0015,1,0.06,-5.26262609509e-06
0.0015,1,0.075,-9.20590993322e-06
0.0015,1,0.09,-1.20363601108e-05
0.0015,1,0.105,-1.00514262774e-05
0.0015,1,0.12,-3.34597026326e-06
0.0015,1,0.135,8.18056766909e-08
0.0015,1,0.15,-2.88675544548e-06
0.0015,1,0.165,-5.67022969293e-06
0.0015,1,0.18,-7.64300207347e-06
0.0015,1,0.195,-9.20439514812e-06
0.0015,1,0.21,-8.87906945386e-06
0.0015,1,0.225,-7.42438777923e-06
0.0015,1,0.24,-6.69590344602e-06
0.0015,1,0.255,-7.67025563472e-06
0.0015,1,0.27,-7.75095917772e-06
0.0015,1,0.285,-7.56275475681e-06
0.0015,1,0.3,-7.20657064001e-06
0.0015,1,0.315,-7.44801535633e-06
0.0015,1,0.33,-7.44683511434e-06
0.0015,1,0.345,-7.87617136923e-06
0.0015,1,0.36,-8.01144218469e-06
0.0015,1,0.375,-6.58192974483e-06
0.0015,1,0.39,-7.28374934991e-06
0.0015,1,0.405,-8.1583720372e-06
0.0015,1,0.42,-7.74558686249e-06
0.0015,1,0.435,-7.68832924542e-06
0.0015,1,0.45,-8.96283028893e-06
0.0015,1,0.465,-9.91459708164e-06
0.0015,1,0.48,-8.46530902751e-06
0.0015,1,0.495,-6.78258751371e-06
0.0015,1,0.51,-6.17751253392e-06
0.0015,1,0.525,-8.01577252253e-06
0.0015,1,0.54,-8.54577829796e-06
0.0015,1,0.555,-8.911493569e-06
0.0015,1,0.57,-8.9546121644e-06
0.0015,1,0.585,-8.892727286e-06
0.0015,1,0.6,-8.53280817689e-06
0.0015,1,0.615,-8.1257522191e-06
0.0015,1,0.63,-7.88170307879e-06
0.0015,1,0.645,-8.67454001147e-06
0.0015,1,0.66,-9.72373313492e-06
0.0015,1,0.675,-9.9561995124e-06
0.0015,1,0.69,-1.02880485042e-05
0.0015,1,0.705,-8.97042587361e-06
0.0015,1,0.72,-7.22277162623e-06
0.0015,1,0.735,-9.10080857624e-06
0.0015,1,0.75,-9.7818993765e-06
0.0015,1,0.765,-8.31385689521e-06
0.0015,1,0.78,-8.24475094179e-06
0.0015,1,0.795,-9.09501395726e-06
0.0015,1,0.81,-9.4652055312e-06
0.0015,1,0.825,-7.77107319391e-06
0.0015,1,0.84,-7.39973360153e-06
0.0015,1,0.855,-8.88453897687e-06
0.0015,1,0.87,-1.22480898655e-05
0.0015,1,0.885,-1.24316413462e-05
0.0015,1,0.9,-9.70330895905e-06
0.0015,1,0.915,-6.36605909965e-06
0.0015,1,0.93,-6.41157816594e-06
0.0015,1,0.945,-9.05149810749e-06
0.0015,1,0.96,-9.90663750705e-06
0.0015,1,0.975,-9.6654025321e-06
0.0015,1,0.99,-9.5205073439e-06
0.0015,1,1.005,-8.33454266694e-06
0.0015,1,1.02,-7.01827486167e-06
0.0015,1,1.035,-8.98798845308e-06
0.0015,1,1.05,-1.12643861166e-05
0.0015,1,1.065,-1.15010090657e-05
0.0015,1,1.08,-9.98874007431e-06
0.0015,1,1.095,-8.70687934497e-06
0.0015,1,1.11,-8.2234140956e-06
0.0015,1,1.125,-9.61121184717e-06
0.0015,1,1.14,-1.10581777947e-05
0.0015,1,1.155,-1.0918586826e-05
0.0015,1,1.17,-1.03903208637e-05
0.0015,1,1.185,-1.0565647516e-05
0.0015,1,1.2,-1.01775931548e-05
0.0015,1,1.215,-1.03125351192e-05
0.0015,1,1.23,-1.14383270387e-05
0.0015,1,1.245,-1.06630066282e-05
0.0015,1,1.26,-9.30144340491e-06
0.0015,1,1.275,-9.15885895472e-06
0.0015,1,1.29,-1.00334961679e-05
0.0015,1,1.305,-1.10045581085e-05
0.0015,1,1.32,-1.08999020559e-05
0.0015,1,1.335,-1.02610860354e-05
0.0015,1,1.35,-1.13785322275e-05
0.0015,1,1.365,-1.27243124937e-05
0.0015,1,1.38,-1.31853917907e-05
0.0015,1,1.395,-1.33014579256e-05
0.0015,1,1.41,-1.30705840559e-05
0.0015,1,1.425,-1.27457699853e-05
0.0015,1,1.44,-1.34717632912e-05
0.0015,1,1.455,-1.38600293303e-05
0.0015,1,1.47,-1.32019713693e-05
0.0015,1,1.485,-1.2418313835e-05
0.0015,1,1.5,-1.31701143283e-05
0.0015,1,1.515,-1.43886650482e-05
0.0015,1,1.53,-1.3831381214e-05
0.0015,1,1.545,-1.33604007704e-05
0.0015,1,1.56,-1.30263839381e-05
0.0015,1,1.575,-1.31345863846e-05
0.0015,1,1.59,-1.4355167657e-05
0.0015,1,1.605,-1.48933557714e-05
0.0015,1,1.62,-1.26279622747e-05
0.0015,1,1.635,-1.07464785681e-05
0.0015,1,1.65,-1.32642944681e-05
0.0015,1,1.665,-1.6536046646e-05
0.0015,1,1.68,-1.72615722257e-05
0.0015,1,1.695,-1.70697847383e-05
0.0015,1,1.71,-1.42608177857e-05
0.0015,1,1.725,-1.17136221364e-05
0.0015,1,1.74,-1.1635793587e-05
0.0015,1,1.755,-1.40522793173e-05
0.0015,1,1.77,-1.72771533869e-05
0.0015,1,1.785,-1.80077234205e-05
0.0015,1,1.8,-1.68694805634e-05
0.0015,2,0,0
0.0015,2,0.015,-1.92221151347e-07
0.0015,2,0.03,-1.36539397843e-06
0.0015,2,0.045,-2.4453478339e-06
0.0015,2,0.06,-5.1275559117e-06
0.0015,2,0.075,-9.01513961704e-06
0.0015,2,0.09,-1.10851121354e-05
0.0015,2,0.105,-8.14786247301e-06
0.0015,2,0.12,-3.51002570206e-06
0.0015,2,0.135,-1.17121577688e-06
0.0015,2,0.15,-1.8656434352e-06
0.0015,2,0.165,-4.21745931706e-06
0.0015,2,0.18,-5.76424611585e-06
0.0015,2,0.195,-5.26376806566e-06
0.0015,2,0.21,-4.59469955732e-06
0.0015,2,0.225,-5.3098222046e-06
0.0015,2,0.24,-6.62769059647e-06
0.0015,2,0.255,-7.32680352842e-06
0.0015,2,0.27,-6.32273438207e-06
0.0015,2,0.285,-4.86013634337e-06
0.0015,2,0.3,-4.29662484912e-06
0.0015,2,0.315,-5.75367514508e-06
0.0015,2,0.33,-7.42642946375e-06
0.0015,2,0.345,-8.48713327083e-06
0.0015,2,0.36,-7.14543881836e-06
0.0015,2,0.375,-4.21760039849e-06
0.0015,2,0.39,-2.64513370595e-06
0.0015,2,0.405,-4.55229344877e-06
0.0015,2,0.42,-7.01769053104e-06
0.0015,2,0.435,-8.41153019865e-06
0.0015,2,0.45,-7.83257756848e-06
0.0015,2,0.465,-6.63754796475e-06
0.0015,2,0.48,-4.59734301137e-06
0.0015,2,0.495,-1.5669036484e-06
0.0015,2,0.51,-1.00102373858e-06
0.0015,2,0.525,-4.79610999519e-06
0.0015,2,0.54,-6.92806177692e-06
0.0015,2,0.555,-6.51394562388e-06
0.0015,2,0.57,-5.35043759372e-06
0.0015,2,0.585,-5.27988108157e-06
0.0015,2,0.6,-5.30240755037e-06
0.0015,2,0.615,-4.86109520064e-06
0.0015,2,0.63,-4.0742039734e-06
0.0015,2,0.645,-4.55729342208e-06
0.0015,2,0.66,-5.18446871755e-06
0.0015,2,0.675,-5.99482823536e-06
0.0015,2,0.69,-7.34905958632e-06
0.0015,2,0.705,-7.84246447139e-06
0.0015,2,0.72,-5.68241709581e-06
0.0015,2,0.735,-3.47877425661e-06
0.0015,2,0.75,-2.26871350062e-06
0.0015,2,0.765,-3.84438659783e-06
0.0015,2,0.78,-6.12865284458e-06
0.0015,2,0.795,-7.97465721988e-06
0.0015,2,0.81,-7.776301905e-06
0.0015,2,0.825,-5.01996959011e-06
0.0015,2,0.84,-1.81435964222e-06
0.0015,2,0.855,-2.75590796671e-06
0.0015,2,0.87,-4.83284196694e-06
0.0015,2,0.885,-5.72911090791e-06
0.0015,2,0.9,-6.94788377135e-06
0.0015,2,0.915,-6.89975144566e-06
0.0015,2,0.93,-5.61056690845e-06
0.0015,2,0.945,-3.71884644183e-06
0.0015,2,0.96,-1.63661452684e-06
0.0015,2,0.975,-3.23501615424e-06
0.0015,2,0.99,-4.66109414622e-06
0.0015,2,1.005,-5.83872712039e-06
0.0015,2,1.02,-5.84328773407e-06
0.0015,2,1.035,-4.96319592921e-06
0.0015,2,1.05,-3.75446185399e-06
0.0015,2,1.065,-4.72267649904e-06
0.0015,2,1.08,-5.5710587941e-06
0.0015,2,1.095,-5.10586730706e-06
0.0015,2,1.11,-2.83657040945e-06
0.0015,2,1.125,-2.00219984439e-06
0.0015,2,1.14,-3.4557557936e-06
0.0015,2,1.155,-2.22907813644e-06
0.0015,2,1.17,-2.66781257315e-06
0.0015,2,1.185,-6.53959125897e-06
0.0015,2,1.2,-6.49806391825e-06
0.0015,2,1.215,-3.20172146244e-06
0.0015,2,1.23,-6.66248857466e-07
0.0015,2,1.245,1.64706408974e-07
0.0015,2,1.26,-1.69615963382e-06
0.0015,2,1.275,-4.01979740992e-06
0.0015,2,1.29,-2.81022076459e-06
0.0015,2,1.305,6.47288143529e-09
0.0015,2,1.32,2.94849911292e-07
0.0015,2,1.335,-2.09435669783e-06
0.0015,2,1.35,-4.04832438135e-06
0.0015,2,1.365,-4.68037612742e-06
0.0015,2,1.38,-4.68373502654e-06
0.0015,2,1.395,-4.48313803728e-06
0.0015,2,1.41,-2.87047313383e-06
0.0015,2,1.425,-8.57434684119e-07
0.0015,2,1.44,4.95972257444e-07
0.0015,2,1.455,1.31305696651e-08
0.0015,2,1.47,-3.34237769926e-06
0.0015,2,1.485,-5.01971449099e-06
0.0015,2,1.5,-3.70688359546e-06
0.0015,2,1.515,-1.53788470232e-06
0.0015,2,1.53,6.61385937853e-09
0.0015,2,1.545,-5.06918647621e-07
0.0015,2,1.56,-1.87258466124e-06
0.0015,2,1.575,-2.62493427576e-06
0.0015,2,1.59,-2.61969956294e-06
0.0015,2,1.605,-1.21547547128e-06
0.0015,2,1.62,-4.06286684772e-07
0.0015,2,1.635,6.99544618489e-09
0.0015,2,1.65,-2.46503063792e-06
0.0015,2,1.665,-5.62723879408e-06
0.0015,2,1.68,-5.88155249015e-06
0.0015,2,1.695,-2.9653223052e-06
0.0015,2,1.71,1.22308247372e-06
0.0015,2,1.725,2.71700207023e-06
0.0015,2,1.74,8.54934244203e-09
0.0015,2,1.755,-2.82990080332e-06
0.0015,2,1.77,-3.46647257698e-06
0.0015,2,1.785,-2.24748807738e-06
0.0015,2,1.8,-1.16222766332e-06
0.003,0,0,0
0.003,0,0.03,-5.07312663751e-06
0.003,0,0.06,-3.00581563024e-05
0.003,0,0.09,-3.20923141709e-05
0.003,0,0.12,-2.17632172808e-05
0.003,0,0.15,-8.1542933841e-06
0.003,0,0.18,-1.9820086448e-05
0.003,0,0.21,-3.71483800983e-05
0.003,0,0.24,-2.02394689339e-05
0.003,0,0.27,-2.66346988003e-05
0.003,0,0.3,-2.6117557236e-05
0.003,0,0.33,-3.05933719639e-05
0.003,0,0.36,-2.7757732166e-05
0.003,0,0.39,-2.89808768617e-05
0.003,0,0.42,-2.91247963099e-05
0.003,0,0.45,-3.50500211794e-05
0.003,0,0.48,-3.87156336246e-05
0.003,0,0.51,-2.02983056642e-05
0.003,0,0.54,-2.8706055959e-05
0.003,0,0.57,-3.51079802251e-05
0.003,0,0.6,-2.93136602239e-05
0.003,0,0.63,-3.58397201404e-05
0.003,0,0.66,-3.62968404544e-05
0.003,0,0.69,-2.50296897874e-05
0.003,0,0.72,-3.25468350445e-05
0.003,0,0.75,-2.85701139348e-05
0.003,0,0.78,-2.62779897838e-05
0.003,0,0.81,-3.20497524969e-05
0.003,0,0.84,-4.85449988156e-05
0.003,0,0.87,-3.10634268661e-05
0.003,0,0.9,-3.74675530209e-05
0.003,0,0.93,-3.34016177862e-05
0.003,0,0.96,-3.71219655895e-05
0.003,0,0.99,-3.3136786903e-05
0.003,0,1.02,-3.26424902278e-05
0.003,0,1.05,-4.10142498823e-05
0.003,0,1.08,-3.22260126767e-05
0.003,0,1.11,-3.4345333278e-05
0.003,0,1.14,-3.78393889506e-05
0.003,0,1.17,-2.85571185836e-05
0.003,0,1.2,-4.44486634105e-05
0.003,0,1.23,-3.15216288907e-05
0.003,0,1.26,-4.03149945973e-05
0.003,0,1.29,-3.41823961445e-05
0.003,0,1.32,-3.15410243124e-05
0.003,0,1.35,-3.24550712832e-05
0.003,0,1.38,-3.86855748486e-05
0.003,0,1.41,-2.9964764188e-05
0.003,0,1.44,-2.96564774623e-05
0.003,0,1.47,-2.77175687476e-05
0.003,0,1.5,-3.86232580217e-05
0.003,0,1.53,-2.9651088656e-05
0.003,0,1.56,-2.96931324784e-05
0.003,0,1.59,-2.67663334349e-05
0.003,0,1.62,-3.17793763582e-05
0.003,0,1.65,-2.68722405246e-05
0.003,0,1.68,-3.32702001134e-05
0.003,0,1.71,-3.7200234662e-05
0.003,0,1.74,-2.98488589803e-05
0.003,0,1.77,-2.1377381151e-05
0.003,0,1.8,-5.08843804811e-05
0.003,0,1.83,-3.64389663589e-05
0.003,0,1.86,-1.54182274624e-05
0.003,0,1.89,-3.70742133727e-05
0.003,0,1.92,-4.11169102859e-05
0.003,0,1.95,-3.68045023459e-05
0.003,0,1.98,-2.91600067177e-05
0.003,0,2.01,-3.77251574325e-05
0.003,0,2.04,-3.84304402905e-05
0.003,0,2.07,-1.48246734673e-05
0.003,0,2.1,-3.68657527831e-05
0.003,0,2.13,-4.28647209147e-05
0.003,0,2.16,-2.17003277893e-05
0.003,0,2.19,-3.4086735272e-05
0.003,0,2.22,-4.0551849749e-05
0.003,0,2.25,-3.60954463071e-05
0.003,0,2.28,-4.16139697235e-05
0.003,0,2.31,-4.85053703227e-05
0.003,0,2.34,-2.8758678562e-05
0.003,0,2.37,-4.41832825525e-05
0.003,0,2.4,-4.16967928541e-05
0.003,0,2.43,-3.1879674765e-05
0.003,0,2.46,-4.64187597549e-05
0.003,0,2.49,-4.05799053347e-05
0.003,0,2.52,-2.43173630402e-05
0.003,0,2.55,-4.19717312968e-05
0.003,0,2.58,-4.49367148841e-05
0.003,0,2.61,-3.61156032739e-05
0.003,0,2.64,-3.09828075189e-05
0.003,0,2.67,-4.44079602281e-05
0.003,0,2.7,-4.41384911447e-05
0.003,0,2.73,-3.23275449239e-05
0.003,0,2.76,-3.28395056077e-05
0.003,0,2.79,-3.68231892046e-05
0.003,0,2.82,-4.32702828629e-05
0.003,0,2.85,-2.8920381542e-05
0.003,0,2.88,-3.58836865889e-05
0.003,0,2.91,-3.66351356262e-05
0.003,0,2.94,-3.34366385122e-05
0.003,0,2.97,-1.93173502777e-05
0.003,0,3,-3.80599329823e-05
0.003,0,3.03,-4.25139033175e-05
0.003,0,3.06,-3.66666440046e-05
0.003,0,3.09,-3.62691685158e-05
0.003,0,3.12,-4.03705251698e-05
0.003,0,3.15,-3.09258783641e-05
0.003,0,3.18,-2.68312546098e-05
0.003,0,3.21,-4.65443256671e-05
0.003,0,3.24,-4.34099816476e-05
0.003,0,3.27,-3.33549198781e-05
0.003,0,3.3,-2.7585499647e-05
0.003,0,3.33,-4.23454016308e-05
0.003,0,3.36,-3.22519230045e-05
0.003,0,3.39,-2.73370482884e-05
0.003,0,3.42,-3.29594337215e-05
0.003,0,3.45,-4.02456586029e-05
0.003,0,3.48,-3.51986324747e-05
0.003,0,3.51,-3.01233881075e-05
0.003,0,3.54,-3.3833144776e-05
0.003,0,3.57,-3.83909296534e-05
0.003,0,3.6,-2.94166322381e-05
0.003,1,0,0
0.003,1,0.03,-3.65539627964e-06
0.003,1,0.06,-1.97427379551e-05
0.003,1,0.09,-4.62767995472e-05
0.003,1,0.12,-8.23217951209e-06
0.003,1,0.15,-6.48844014158e-06
0.003,1,0.18,-2.478472376e-05
0.003,1,0.21,-2.79843873992e-05
0.003,1,0.24,-1.93214040293e-05
0.003,1,0.27,-2.37552950434e-05
0.003,1,0.3,-2.18154570939e-05
0.003,1,0.33,-2.08711198541e-05
0.003,1,0.36,-2.15018898314e-05
0.003,1,0.39,-1.98168023309e-05
0.003,1,0.42,-2.10040982403e-05
0.003,1,0.45,-2.4384820635e-05
0.003,1,0.48,-2.41165302849e-05
0.003,1,0.51,-1.60925928341e-05
0.003,1,0.54,-2.28850339387e-05
0.003,1,0.57,-2.53906678492e-05
0.003,1,0.6,-2.37459596597e-05
0.003,1,0.63,-2.06571530351e-05
0.003,1,0.66,-2.83890983934e-05
0.003,1,0.69,-3.05346661194e-05
0.003,1,0.72,-2.07686839338e-05
0.003,1,0.75,-3.06812415003e-05
0.003,1,0.78,-2.5458597167e-05
0.003,1,0.81,-3.01787596822e-05
0.003,1,0.84,-2.11670569369e-05
0.003,1,0.87,-4.14253177393e-05
0.003,1,0.9,-3.19437615388e-05
0.003,1,0.93,-2.03364132127e-05
0.003,1,0.96,-3.4503709474e-05
0.003,1,0.99,-3.14530859504e-05
0.003,1,1.02,-2.19377221076e-05
0.003,1,1.05,-3.93911175497e-05
0.003,1,1.08,-2.98309348581e-05
0.003,1,1.11,-2.27549058975e-05
0.003,1,1.14,-3.33511729836e-05
0.003,1,1.17,-2.98789340089e-05
0.003,1,1.2,-2.93493241661e-05
0.003,1,1.23,-3.56334621448e-05
0.003,1,1.26,-2.45696908064e-05
0.003,1,1.29,-2.96087585092e-05
0.003,1,1.32,-3.32291242204e-05
0.003,1,1.35,-3.03849950312e-05
0.003,1,1.38,-3.55652187653e-05
0.003,1,1.41,-3.25535159912e-05
0.003,1,1.44,-3.43082203391e-05
0.003,1,1.47,-3.34043093916e-05
0.003,1,1.5,-3.39059393965e-05
0.003,1,1.53,-3.96090568944e-05
0.003,1,1.56,-3.61603794304e-05
0.003,1,1.59,-3.82714963156e-05
0.003,1,1.62,-3.0795550438e-05
0.003,1,1.65,-3.27274088888e-05
0.003,1,1.68,-4.89325198952e-05
0.003,1,1.71,-3.92097170369e-05
0.003,1,1.74,-2.83147519161e-05
0.003,1,1.77,-5.00313052094e-05
0.003,1,1.8,-4.80191722051e-05
0.003,1,1.83,-2.4717845587e-05
0.003,1,1.86,-3.17237520131e-05
0.003,1,1.89,-4.67623290144e-05
0.003,1,1.92,-4.05320880408e-05
0.003,1,1.95,-2.50841388713e-05
0.003,1,1.98,-4.02356863919e-05
0.003,1,2.01,-3.17353955283e-05
0.003,1,2.04,-3.11030404372e-05
0.003,1,2.07,-5.25452799894e-05
0.003,1,2.1,-3.48876315687e-05
0.003,1,2.13,-3.25668187442e-05
0.003,1,2.16,-3.51165141813e-05
0.003,1,2.19,-3.28513216285e-05
0.003,1,2.22,-3.79844651933e-05
0.003,1,2.25,-2.69023314556e-05
0.003,1,2.28,-3.90541522474e-05
0.003,1,2.31,-4.52556487289e-05
0.003,1,2.34,-3.32367197203e-05
0.003,1,2.37,-3.36035058397e-05
0.003,1,2.4,-3.65381769331e-05
0.003,1,2.43,-3.59185979173e-05
0.003,1,2.46,-3.97284687332e-05
0.003,1,2.49,-2.88862656853e-05
0.003,1,2.52,-3.90760587646e-05
0.003,1,2.55,-4.38814241311e-05
0.003,1,2.58,-2.63522251474e-05
0.003,1,2.61,-2.87661285442e-05
0.003,1,2.64,-3.97743717192e-05
0.003,1,2.67,-3.25188891852e-05
0.003,1,2.7,-2.78094478742e-05
0.003,1,2.73,-3.7975257307e-05
0.003,1,2.76,-3.14652305159e-05
0.003,1,2.79,-3.52672725417e-05
0.003,1,2.82,-3.2424114101e-05
0.003,1,2.85,-2.82393825917e-05
0.003,1,2.88,-3.09297904902e-05
0.003,1,2.91,-2.35794445075e-05
0.003,1,2.94,-4.87437162129e-05
0.003,1,2.97,-3.42763070181e-05
0.003,1,3,-2.66733853953e-05
0.003,1,3.03,-3.78062706478e-05
0.003,1,3.06,-2.5012251901e-05
0.003,1,3.09,-4.30845541408e-05
0.003,1,3.12,-2.61080388233e-05
0.003,1,3.15,-4.44459545636e-05
0.003,1,3.18,-2.5262238837e-05
0.003,1,3.21,-3.22047510796e-05
0.003,1,3.24,-2.61060479587e-05
0.003,1,3.27,-4.10121958056e-05
0.003,1,3.3,-3.68305590887e-05
0.003,1,3.33,-2.56162959073e-05
0.003,1,3.36,-3.89004219204e-05
0.003,1,3.39,-3.880088829e-05
0.003,1,3.42,-3.72003510366e-05
0.003,1,3.45,-3.70131205289e-05
0.003,1,3.48,-4.8112168466e-05
0.003,1,3.51,-3.93730361969e-05
0.003,1,3.54,-2.5566204029e-05
0.003,1,3.57,-4.75103769961e-05
0.003,1,3.6,-3.19038590042e-05
0.003,2,0,0
0.003,2,0.03,-4.44784737989e-06
0.003,2,0.06,-2.03805924794e-05
0.003,2,0.09,-4.20772874565e-05
0.003,2,0.12,-1.49439034787e-05
0.003,2,0.15,-9.6103183361e-06
0.003,2,0.18,-2.63099765528e-05
0.003,2,0.21,-2.32357892598e-05
0.003,2,0.24,-2.86856644024e-05
0.003,2,0.27,-2.82608059226e-05
0.003,2,0.3,-2.21409763026e-05
0.003,2,0.33,-3.5645396669e-05
0.003,2,0.36,-3.34394031532e-05
0.003,2,0.39,-1.5284693545e-05
0.003,2,0.42,-3.46268939028e-05
0.003,2,0.45,-3.8580150031e-05
0.003,2,0.48,-2.58905772533e-05
0.003,2,0.51,-1.15026186223e-05
0.003,2,0.54,-3.74758091787e-05
0.003,2,0.57,-2.93360611596e-05
0.003,2,0.6,-2.83779223997e-05
0.003,2,0.63,-2.28970341717e-05
0.003,2,0.66,-2.4776394704e-05
0.003,2,0.69,-3.49866910702e-05
0.003,2,0.72,-2.88742612636e-05
0.003,2,0.75,-1.65434365124e-05
0.003,2,0.78,-3.1177090522e-05
0.003,2,0.81,-3.58869435687e-05
0.003,2,0.84,-1.34606387907e-05
0.003,2,0.87,-2.52482665664e-05
0.003,2,0.9,-3.34283708003e-05
0.003,2,0.93,-2.83297533453e-05
0.003,2,0.96,-1.13908964256e-05
0.003,2,0.99,-2.23510899959e-05
0.003,2,1.02,-2.86867783467e-05
0.003,2,1.05,-2.4424723435e-05
0.003,2,1.08,-3.36098899903e-05
0.003,2,1.11,-2.29305648775e-05
0.003,2,1.14,-2.51725850369e-05
0.003,2,1.17,-2.41813198263e-05
0.003,2,1.2,-4.44768499327e-05
0.003,2,1.23,-2.22490999793e-05
0.003,2,1.26,-2.73495439052e-05
0.003,2,1.29,-3.06234841848e-05
0.003,2,1.32,-1.53916845896e-05
0.003,2,1.35,-3.38164810788e-05
0.003,2,1.38,-3.59043571688e-05
0.003,2,1.41,-3.00732894952e-05
0.003,2,1.44,-1.66793811277e-05
0.003,2,1.47,-3.17972559411e-05
0.003,2,1.5,-3.88981107613e-05
0.003,2,1.53,-2.62203166238e-05
0.003,2,1.56,-3.22051453675e-05
0.003,2,1.59,-3.69244734429e-05
0.003,2,1.62,-2.76125114639e-05
0.003,2,1.65,-3.41296420106e-05
0.003,2,1.68,-4.80399411656e-05
0.003,2,1.71,-2.052330522e-05
0.003,2,1.74,-2.69507696003e-05
0.003,2,1.77,-4.25016729398e-05
0.003,2,1.8,-3.0169004594e-05
0.003,2,1.83,-3.4215362618e-05
0.003,2,1.86,-2.74326836963e-05
0.003,2,1.89,-4.50271089584e-05
0.003,2,1.92,-2.78201490128e-05
0.003,2,1.95,-3.07984264734e-05
0.003,2,1.98,-3.5722216026e-05
0.003,2,2.01,-3.92506915554e-05
0.003,2,2.04,-2.7126001384e-05
0.003,2,2.07,-3.28802933584e-05
0.003,2,2.1,-2.92398233432e-05
0.003,2,2.13,-3.31717461934e-05
0.003,2,2.16,-3.79320552739e-05
0.003,2,2.19,-3.69929178409e-05
0.003,2,2.22,-4.19392470526e-05
0.003,2,2.25,-3.38778851846e-05
0.003,2,2.28,-2.59897506758e-05
0.003,2,2.31,-3.3170782277e-05
0.003,2,2.34,-4.63995411969e-05
0.003,2,2.37,-4.52351800917e-05
0.003,2,2.4,-3.38614940806e-05
0.003,2,2.43,-3.61848239139e-05
0.003,2,2.46,-4.58588111904e-05
0.003,2,2.49,-4.44349252506e-05
0.003,2,2.52,-3.79090915786e-05
0.003,2,2.55,-5.05812469486e-05
0.003,2,2.58,-5.0214717304e-05
0.003,2,2.61,-4.12563966275e-05
0.003,2,2.64,-4.93664516176e-05
0.003,2,2.67,-3.11924644105e-05
0.003,2,2.7,-5.45773833129e-05
0.003,2,2.73,-4.58747305216e-05
0.003,2,2.76,-2.48196335915e-05
0.003,2,2.79,-6.31682202112e-05
0.003,2,2.82,-4.90724426907e-05
0.003,2,2.85,-3.6224655313e-05
0.003,2,2.88,-4.71499918868e-05
0.003,2,2.91,-4.68876369858e-05
0.003,2,2.94,-3.98567088654e-05
0.003,2,2.97,-4.18345764561e-05
0.003,2,3,-6.30908870373e-05
0.003,2,3.03,-4.95217690086e-05
0.003,2,3.06,-2.91878754012e-05
0.003,2,3.09,-3.7357526478e-05
0.003,2,3.12,-4.66960832765e-05
0.003,2,3.15,-4.48601227326e-05
0.003,2,3.18,-4.52144632345e-05
0.003,2,3.21,-3.69739000322e-05
0.003,2,3.24,-3.74861865926e-05
0.003,2,3.27,-5.52752642625e-05
0.003,2,3.3,-4.73313539538e-05
0.003,2,3.33,-3.33472847423e-05
0.003,2,3.36,-3.66771153471e-05
0.003,2,3.39,-5.74691365448e-05
0.003,2,3.42,-3.52875386121e-05
0.003,2,3.45,-4.31657294688e-05
0.003,2,3.48,-5.46689730139e-05
0.003,2,3.51,-4.19526919952e-05
0.003,2,3.54,-2.74443214923e-05
0.003,2,3.57,-4.84782134827e-05
0.003,2,3.6,-5.2075937742e-05
0.006,0,0,0
0.006,0,0.06,-0.000118929024391
0.006,0,0.12,-8.7312913739e-05
0.006,0,0.18,-8.58458225964e-05
0.006,0,0.24,-8.38782809935e-05
0.006,0,0.3,-0.000105831130337
0.006,0,0.36,-0.00011386416766
0.006,0,0.42,-0.000119856872024
0.006,0,0.48,-0.000161250358064
0.006,0,0.54,-0.000122449858535
0.006,0,0.6,-0.000124494160586
0.006,0,0.66,-0.00015366793917
0.006,0,0.72,-0.000134768166868
0.006,0,0.78,-0.000110546391214
0.006,0,0.84,-0.000186745406201
0.006,0,0.9,-0.00014112698413
0.006,0,0.96,-0.000143776915319
0.006,0,1.02,-0.00013155350732
0.006,0,1.08,-0.000128824157494
0.006,0,1.14,-0.000156959532612
0.006,0,1.2,-0.000180906983517
0.006,0,1.26,-0.000168984957312
0.006,0,1.32,-0.000142059911813
0.006,0,1.38,-0.000176989293905
0.006,0,1.44,-0.000144332245517
0.006,0,1.5,-0.000194815784305
0.006,0,1.56,-0.000175235942676
0.006,0,1.62,-0.000169503705118
0.006,0,1.68,-0.000177352155758
0.006,0,1.74,-0.000155597892851
0.006,0,1.8,-0.000256402416533
0.006,0,1.86,-0.000103085618185
0.006,0,1.92,-0.00021374878978
0.006,0,1.98,-0.000184376232269
0.006,0,2.04,-0.000185452852299
0.006,0,2.1,-0.000186778156862
0.006,0,2.16,-0.000144809359233
0.006,0,2.22,-0.00018148183789
0.006,0,2.28,-0.000143043602397
0.006,0,2.34,-0.000162878995994
0.006,0,2.4,-0.00016750308084
0.006,0,2.46,-0.000185364699679
0.006,0,2.52,-0.000164511377094
0.006,0,2.58,-0.000188355038467
0.006,0,2.64,-0.000177165474457
0.006,0,2.7,-0.000213183487573
0.006,0,2.76,-0.000159279846507
0.006,0,2.82,-0.000189887624766
0.006,0,2.88,-0.000224547013115
0.006,0,2.94,-0.000139979947065
0.006,0,3,-0.000205557634215
0.006,0,3.06,-0.000199278793632
0.006,0,3.12,-0.000146942132842
0.006,0,3.18,-0.000134088498459
0.006,0,3.24,-0.000149697221958
0.006,0,3.3,-0.000123122490789
0.006,0,3.36,-0.000178788472043
0.006,0,3.42,-0.000178530037871
0.006,0,3.48,-0.000172777299239
0.006,0,3.54,-0.000143518208153
0.006,0,3.6,-0.000201434018756
0.006,0,3.66,-0.000152351684889
0.006,0,3.72,-0.000154280589374
0.006,0,3.78,-0.000228404092523
0.006,0,3.84,-0.000151572272095
0.006,0,3.9,-0.000175683754636
0.006,0,3.96,-0.000182084321775
0.006,0,4.02,-0.000204426697777
0.006,0,4.08,-0.000177613759713
0.006,0,4.14,-0.000191882602538
0.006,0,4.2,-0.000134774484158
0.006,0,4.26,-0.000220409617385
0.006,0,4.32,-0.000186703136883
0.006,0,4.38,-0.000204661516953
0.006,0,4.44,-0.000211364851131
0.006,0,4.5,-0.000206667845877
0.006,0,4.56,-0.000208792130897
0.006,0,4.62,-0.000207514520176
0.006,0,4.68,-0.000231981793305
0.006,0,4.74,-0.000176734717474
0.006,0,4.8,-0.000168742604395
0.006,0,4.86,-0.000264727305795
0.006,0,4.92,-0.000253698170235
0.006,0,4.98,-0.000201963701388
0.006,0,5.04,-0.0001671327032
0.006,0,5.1,-0.000208125472731
0.006,0,5.16,-0.000182472051672
0.006,0,5.22,-0.000245527696441
0.006,0,5.28,-0.000201964483331
0.006,0,5.34,-0.000142646538837
0.006,0,5.4,-0.000169454832334
0.006,0,5.46,-0.000175808589711
0.006,0,5.52,-0.000173881549986
0.006,0,5.58,-0.000183520827811
0.006,0,5.64,-0.000221853081262
0.006,0,5.7,-0.000148597093599
0.006,0,5.76,-0.000192192540584
0.006,0,5.82,-0.000221316659968
0.006,0,5.88,-0.000160534176966
0.006,0,5.94,-0.00015143003541
0.006,0,6,-0.000229073403826
0.006,0,6.06,-0.000189200620233
0.006,0,6.12,-0.000164969761218
0.006,0,6.18,-0.000196437087688
0.006,0,6.24,-0.000158848477589
0.006,0,6.3,-0.000184612863164
0.006,0,6.36,-0.000207472001997
0.006,0,6.42,-0.000156590116501
0.006,0,6.48,-0.000186347989626
0.006,0,6.54,-0.000167605565839
0.006,0,6.6,-0.000193075582719
0.006,0,6.66,-0.000183000594988
0.006,0,6.72,-0.000180977081264
0.006,0,6.78,-0.000166464039188
0.006,0,6.84,-0.000151151719344
0.006,0,6.9,-0.000167367832769
0.006,0,6.96,-0.000178316074434
0.006,0,7.02,-0.000166736976468
0.006,0,7.08,-0.000162650877682
0.006,0,7.14,-0.000182283419354
0.006,0,7.2,-0.00022337069919
0.006,1,0,0
0.006,1,0.06,-7.96674338607e-05
0.006,1,0.12,-3.13614324683e-05
0.006,1,0.18,-0.000106568343097
0.006,1,0.24,-8.49822687265e-05
0.006,1,0.3,-9.89086005173e-05
0.006,1,0.36,-9.76876093605e-05
0.006,1,0.42,-9.64641570421e-05
0.006,1,0.48,-0.000116960667649
0.006,1,0.54,-0.000108060907736
0.006,1,0.6,-0.00010728896154
0.006,1,0.66,-0.00011764655738
0.006,1,0.72,-8.23595881179e-05
0.006,1,0.78,-0.000102223638166
0.006,1,0.84,-8.33442871074e-05
0.006,1,0.9,-0.000126583953395
0.006,1,0.96,-0.000131699131564
0.006,1,1.02,-7.87407696719e-05
0.006,1,1.08,-0.000106919097374
0.006,1,1.14,-0.000116940432343
0.006,1,1.2,-9.90913707825e-05
0.006,1,1.26,-7.57007756008e-05
0.006,1,1.32,-0.000111692447405
0.006,1,1.38,-0.00011941867573
0.006,1,1.44,-0.000117884862719
0.006,1,1.5,-0.000115693711833
0.006,1,1.56,-0.000126218134423
0.006,1,1.62,-0.000104820921097
0.006,1,1.68,-0.000167465708216
0.006,1,1.74,-7.23660020085e-05
0.006,1,1.8,-0.000163630036708
0.006,1,1.86,-0.000116035967029
0.006,1,1.92,-0.000155129603694
0.006,1,1.98,-0.000147413485348
0.006,1,2.04,-0.000127251606187
0.006,1,2.1,-0.0001107845589
0.006,1,2.16,-0.00013402538624
0.006,1,2.22,-0.000116826589506
0.006,1,2.28,-0.000120493791256
0.006,1,2.34,-0.000120789637666
0.006,1,2.4,-0.000157020807808
0.006,1,2.46,-0.000132594342417
0.006,1,2.52,-7.83771403372e-05
0.006,1,2.58,-0.000136277564593
0.006,1,2.64,-8.50859923979e-05
0.006,1,2.7,-0.000124026920628
0.006,1,2.76,-0.000110110231043
0.006,1,2.82,-0.0001207841286
0.006,1,2.88,-0.000125884137096
0.006,1,2.94,-0.000150505929401
0.006,1,3,-0.000118377271688
0.006,1,3.06,-0.000115495981691
0.006,1,3.12,-0.00014320754457
0.006,1,3.18,-9.87081685652e-05
0.006,1,3.24,-0.000162673267935
0.006,1,3.3,-0.00011927263898
0.006,1,3.36,-0.000124173539142
0.006,1,3.42,-0.000155443949447
0.006,1,3.48,-0.000168305783001
0.006,1,3.54,-0.000147766621031
0.006,1,3.6,-0.000171072543986
0.006,1,3.66,-0.000157544316037
0.006,1,3.72,-0.00015566382236
0.006,1,3.78,-0.000108397405026
0.006,1,3.84,-0.000159348369628
0.006,1,3.9,-0.000117372161075
0.006,1,3.96,-0.000129175551379
0.006,1,4.02,-6.68054699036e-05
0.006,1,4.08,-0.000176399431091
0.006,1,4.14,-0.00012133283273
0.006,1,4.2,-0.000141865336818
0.006,1,4.26,-0.000197768038373
0.006,1,4.32,-8.29070590829e-05
0.006,1,4.38,-0.000208215957275
0.006,1,4.44,-0.000136749336558
0.006,1,4.5,-0.000102500575689
0.006,1,4.56,-0.000177625394028
0.006,1,4.62,-0.000139997061161
0.006,1,4.68,-8.99056176147e-05
0.006,1,4.74,-0.000143610021469
0.006,1,4.8,-0.000145723438295
0.006,1,4.86,-0.000137834480577
0.006,1,4.92,-8.70665478464e-05
0.006,1,4.98,-0.000193635524443
0.006,1,5.04,-0.000175143178884
0.006,1,5.1,-0.000163463595438
0.006,1,5.16,-9.7869390055e-05
0.006,1,5.22,-0.000185066605379
0.006,1,5.28,-9.68175808324e-05
0.006,1,5.34,-7.47962941629e-05
0.006,1,5.4,-0.000140001747718
0.006,1,5.46,-0.00017203156984
0.006,1,5.52,-0.000162547704629
0.006,1,5.58,-9.58818528252e-05
0.006,1,5.64,-0.000141356165014
0.006,1,5.7,-0.000134378382205
0.006,1,5.76,-0.000186119234778
0.006,1,5.82,-0.000107952895953
0.006,1,5.88,-0.000179063762505
0.006,1,5.94,-6.95932842503e-05
0.006,1,6,-0.000167049325152
0.006,1,6.06,-7.00419488703e-05
0.006,1,6.12,-0.000157851732593
0.006,1,6.18,-0.000136872183036
0.006,1,6.24,-0.000150139171855
0.006,1,6.3,-0.000153028169688
0.006,1,6.36,-0.000147253945749
0.006,1,6.42,-0.000180877048448
0.006,1,6.48,-0.000125189547346
0.006,1,6.54,-0.000135763451502
0.006,1,6.6,-0.000121971198126
0.006,1,6.66,-0.000135897738229
0.006,1,6.72,-0.000125334545143
0.006,1,6.78,-0.000133228188693
0.006,1,6.84,-9.93582526627e-05
0.006,1,6.9,-0.000126036254267
0.006,1,6.96,-0.000123243705892
0.006,1,7.02,-0.00012019932307
0.006,1,7.08,-0.000156977761908
0.006,1,7.14,-0.000166416497021
0.006,1,7.2,-0.000203547980957
0.006,2,0,0
0.006,2,0.06,-7.87504251615e-05
0.006,2,0.12,-5.58562435725e-05
0.006,2,0.18,-9.58373932204e-05
0.006,2,0.24,-0.000110190827477
0.006,2,0.3,-8.29859771925e-05
0.006,2,0.36,-0.000129285705448
0.006,2,0.42,-0.000133364429765
0.006,2,0.48,-0.000100376365289
0.006,2,0.54,-0.000146586523999
0.006,2,0.6,-0.000117467479416
0.006,2,0.66,-0.000101852834267
0.006,2,0.72,-0.000114947004712
0.006,2,0.78,-0.000130506357928
0.006,2,0.84,-6.5351839588e-05
0.006,2,0.9,-0.000151803989395
0.006,2,0.96,-5.42271246435e-05
0.006,2,1.02,-0.000126947544545
0.006,2,1.08,-0.000142198847564
0.006,2,1.14,-0.000112768809234
0.006,2,1.2,-0.000191140633976
0.006,2,1.26,-0.000118740351711
0.006,2,1.32,-7.02257207606e-05
0.006,2,1.38,-0.000149856728515
0.006,2,1.44,-7.86729695082e-05
0.006,2,1.5,-0.000157882046535
0.006,2,1.56,-0.000133373726139
0.006,2,1.62,-0.000123823881698
0.006,2,1.68,-0.00018633435516
0.006,2,1.74,-0.000104154090606
0.006,2,1.8,-0.0001202891789
0.006,2,1.86,-0.000114623432509
0.006,2,1.92,-0.000131766442158
0.006,2,1.98,-0.000157944782304
0.006,2,2.04,-0.00010867077346
0.006,2,2.1,-9.11783388478e-05
0.006,2,2.16,-0.000134742160031
0.006,2,2.22,-0.000170234027811
0.006,2,2.28,-0.000147567661573
0.006,2,2.34,-0.000194344191376
0.006,2,2.4,-0.00015155024276
0.006,2,2.46,-0.000153721433932
0.006,2,2.52,-0.000158558577992
0.006,2,2.58,-0.000152013759414
0.006,2,2.64,-0.000216611918179
0.006,2,2.7,-0.000152934978086
0.006,2,2.76,-0.000190711216163
0.006,2,2.82,-0.000213406292881
0.006,2,2.88,-0.000181982023327
0.006,2,2.94,-0.000186436465744
0.006,2,3,-0.000257890933388
0.006,2,3.06,-0.00014754363887
0.006,2,3.12,-0.000120834060329
0.006,2,3.18,-0.000203526679131
0.006,2,3.24,-0.000253050222585
0.006,2,3.3,-0.000181490255947
0.006,2,3.36,-0.000177167816232
0.006,2,3.42,-0.000139889022353
0.006,2,3.48,-0.000216974303694
0.006,2,3.54,-0.000199638464412
0.006,2,3.6,-0.000114406669902
0.006,2,3.66,-0.00022514689778
0.006,2,3.72,-0.0001441397731
0.006,2,3.78,-0.000180243825217
0.006,2,3.84,-0.000171972722964
0.006,2,3.9,-0.000205705368006
0.006,2,3.96,-0.000182418968762
0.006,2,4.02,-0.00024966350992
0.006,2,4.08,-0.000187000407261
0.006,2,4.14,-0.000189195732155
0.006,2,4.2,-0.000183170950386
0.006,2,4.26,-0.000203401096649
0.006,2,4.32,-0.00017280212144
0.006,2,4.38,-0.000162029481672
0.006,2,4.44,-0.000179220226789
0.006,2,4.5,-0.000177058177333
0.006,2,4.56,-0.000192595960774
0.006,2,4.62,-0.000211037277729
0.006,2,4.68,-0.000150478394513
0.006,2,4.74,-0.000174156940836
0.006,2,4.8,-0.000157697313691
0.006,2,4.86,-0.000156577410342
0.006,2,4.92,-8.99921739941e-05
0.006,2,4.98,-0.000209977637798
0.006,2,5.04,-0.000199030674702
0.006,2,5.1,-0.000228305297996
0.006,2,5.16,-0.000117181570615
0.006,2,5.22,-0.000202499585195
0.006,2,5.28,-0.000142089213127
0.006,2,5.34,-0.000137538328149
0.006,2,5.4,-0.000198945618745
0.006,2,5.46,-0.000137011854229
0.006,2,5.52,-0.000162229328339
0.006,2,5.58,-0.000190685594714
0.006,2,5.64,-0.000186795439242
0.006,2,5.7,-0.000168922765889
0.006,2,5.76,-0.000178210315915
0.006,2,5.82,-0.000170379583467
0.006,2,5.88,-0.000254236172798
0.006,2,5.94,-0.000136337779489
0.006,2,6,-0.000139111982108
0.006,2,6.06,-0.000157823487849
0.006,2,6.12,-0.000152768222199
0.006,2,6.18,-0.000158513053151
0.006,2,6.24,-0.000157911696357
0.006,2,6.3,-0.000184261168075
0.006,2,6.36,-0.000115881588082
0.006,2,6.42,-0.000124459422889
0.006,2,6.48,-0.000133814822514
0.006,2,6.54,-0.000162760117675
0.006,2,6.6,-0.000119366837105
0.006,2,6.66,-0.000141321015496
0.006,2,6.72,-0.000182994984475
0.006,2,6.78,-0.000138019278406
0.006,2,6.84,-0.000154081400075
0.006,2,6.9,-0.000145611853765
0.006,2,6.96,-0.000131580017163
0.006,2,7.02,-0.00014121638151
0.006,2,7.08,-0.000203833608246
0.006,2,7.14,-0.000194307832856
0.006,2,7.2,-0.000165247806423
