true_pmf_x,true_pmf_y,histogram_pmf_x,histogram_pmf_y,reweighted_pmf_x,reweighted_pmf_y,rdf_x,rdf_y,rdf_pmf_x,rdf_pmf_y,argon_rdf_x,argon_rdf_y,argon_rdf_pmf_x,argon_rdf_pmf_y
-2.5,27.5625,-2.47,nan,-2.47,nan,0.5,1.00031452868,0.5,1.70508661817,0.015,0,0.015,nan
-2.49583333333,27.3443655964,-2.41,nan,-2.41,nan,0.51129707113,1.00042720409,0.51129707113,1.70497398453,0.045,0,0.045,nan
-2.49166666667,27.1274594956,-2.35,nan,-2.35,nan,0.522594142259,1.00057737774,0.522594142259,1.70482388628,0.075,0,0.075,nan
-2.4875,26.9117773682,-2.29,nan,-2.29,nan,0.533891213389,1.00077648268,0.533891213389,1.70462491602,0.105,0,0.105,nan
-2.48333333333,26.697314892,-2.23,nan,-2.23,nan,0.545188284519,1.0010390792,0.545188284519,1.70436255766,0.135,0,0.135,nan
-2.47916666667,26.484067752,-2.17,nan,-2.17,nan,0.556485355649,1.00138359518,0.556485355649,1.70401845849,0.165,0,0.165,nan
-2.475,26.2720316406,-2.11,nan,-2.11,nan,0.567782426778,1.0018332074,0.567782426778,1.70356956827,0.195,0,0.195,nan
-2.47083333333,26.0612022572,-2.05,nan,-2.05,nan,0.579079497908,1.00241688069,0.579079497908,1.70298713266,0.225,0,0.225,nan
-2.46666666667,25.8515753086,-1.99,7.85438121065,-1.99,nan,0.590376569038,1.00317058168,0.590376569038,1.7022355314,0.255,0,0.255,nan
-2.4625,25.6431465088,-1.93,nan,-1.93,nan,0.601673640167,1.0041386817,0.601673640167,1.70127095648,0.285,0,0.285,nan
-2.45833333333,25.4359115789,-1.87,6.06262174142,-1.87,nan,0.612970711297,1.00537556112,0.612970711297,1.70003993303,0.315,0,0.315,nan
-2.45416666667,25.2298662474,-1.81,5.14633100955,-1.81,nan,0.624267782427,1.00694742288,0.624267782427,1.69847769666,0.345,0,0.345,nan
-2.45,25.02500625,-1.75,4.21679505093,-1.75,nan,0.635564853556,1.00893431704,0.635564853556,1.69650645522,0.375,0,0.375,nan
-2.44583333333,24.8213273296,-1.69,3.44766196339,-1.69,2.02775765157,0.646861924686,1.01143237059,0.646861924686,1.69403358252,0.405,0,0.405,nan
-2.44166666667,24.6188252363,-1.63,2.85043490471,-1.63,nan,0.658158995816,1.01455620658,0.658158995816,1.69094981541,0.435,0,0.435,nan
-2.4375,24.4174957275,-1.57,2.20189203038,-1.57,2.74199376268,0.669456066946,1.01844152508,0.669456066946,1.68712755514,0.465,0,0.465,nan
-2.43333333333,24.2173345679,-1.51,1.75182261604,-1.51,2.94442431824,0.680753138075,1.02324780365,0.680753138075,1.68241940745,0.495,0,0.495,nan
-2.42916666667,24.0183375292,-1.45,1.29618340784,-1.45,1.04635765753,0.692050209205,1.02916105936,0.692050209205,1.67665713252,0.525,0,0.525,nan
-2.425,23.8205003906,-1.39,0.983289916042,-1.39,1.10359713483,0.703347280335,1.03639659601,0.703347280335,1.66965121212,0.555,0,0.555,nan
-2.42083333333,23.6238189384,-1.33,0.63327611247,-1.33,0.405052871878,0.714644351464,1.0452016406,0.714644351464,1.66119127307,0.585,0,0.585,nan
-2.41666666667,23.428288966,-1.27,0.487936062325,-1.27,0.53814409121,0.725941422594,1.05585775314,0.725941422594,1.65104762464,0.615,0,0.615,nan
-2.4125,23.2339062744,-1.21,0.288587928224,-1.21,0.666645914718,0.737238493724,1.06868287341,0.737238493724,1.6389741666,0.645,0,0.645,nan
-2.40833333333,23.0406666715,-1.15,0.0986140405494,-1.15,0.339661925992,0.748535564854,1.08403284907,0.748535564854,1.62471289127,0.675,0,0.675,nan
-2.40416666667,22.8485659725,-1.09,0.119822366298,-1.09,0.208835954721,0.759832635983,1.10230227268,0.759832635983,1.60800012965,0.705,0,0.705,nan
-2.4,22.6576,-1.03,0,-1.03,0,0.771129707113,1.12392444161,0.771129707113,1.58857457095,0.735,0,0.735,nan
-2.39583333333,22.4677645836,-0.97,0.0661696528053,-0.97,0.0697979426726,0.782426778243,1.14937024676,0.782426778243,1.56618691652,0.765,0,0.765,nan
-2.39166666667,22.2790555604,-0.91,0.100328571617,-0.91,0.147184711504,0.793723849372,1.17914579437,0.793723849372,1.54061082413,0.795,0,0.795,nan
-2.3875,22.0914687744,-0.85,0.111979188837,-0.85,0.182297418427,0.805020920502,1.21378857185,0.805020920502,1.5116545782,0.825,0,0.825,nan
-2.38333333333,21.9050000772,-0.79,0.198044044222,-0.79,0.268438666629,0.816317991632,1.25386198483,0.816317991632,1.47917272119,0.855,0,0.855,nan
-2.37916666667,21.7196453273,-0.73,0.247496679433,-0.73,0.430756249075,0.827615062762,1.29994811997,0.827615062762,1.44307674143,0.885,0,0.885,nan
-2.375,21.5354003906,-0.67,0.385867939156,-0.67,0.561709087024,0.838912133891,1.35263862677,0.838912133891,1.40334387422,0.915,0.00125263201031,0.915,nan
-2.37083333333,21.3522611403,-0.61,0.462349643138,-0.61,0.631875209026,0.850209205021,1.4125236626,0.850209205021,1.36002316121,0.945,0.0415726557957,0.945,nan
-2.36666666667,21.1702234568,-0.55,0.505793679725,-0.55,0.696853015376,0.861506276151,1.48017890834,0.861506276151,1.31323813291,0.975,0.288050063155,0.975,1.64288334179
-2.3625,20.9892832275,-0.49,0.626718711924,-0.49,0.871817988766,0.87280334728,1.55615073584,0.87280334728,1.2631858024,1.005,0.928381164436,1.005,0.82366767839
-2.35833333333,20.8094363474,-0.43,0.657694639818,-0.43,0.823053601595,0.88410041841,1.64093969172,0.88410041841,1.21013203689,1.035,1.8410552833,1.035,0.344411401775
-2.35416666667,20.6306787185,-0.37,0.855871568402,-0.37,0.991680004619,0.89539748954,1.73498255306,0.89539748954,1.15440373992,1.065,2.59252943633,1.065,0.104804842466
-2.35,20.45300625,-0.31,0.876167468022,-0.31,1.00494281979,0.906694560669,1.8386333043,0.906694560669,1.09637857117,1.095,2.95563117176,1.095,0.0130500975128
-2.34583333333,20.2764148585,-0.25,0.92193331908,-0.25,1.05410563922,0.917991631799,1.95214347963,0.917991631799,1.03647310819,1.125,3.01124983153,1.125,0
-2.34166666667,20.1009004678,-0.19,0.953650546607,-0.19,1.11316611253,0.929288702929,2.07564240458,0.929288702929,0.975130399054,1.155,2.79593334918,1.155,0.0519324629812
-2.3375,19.9264590088,-0.13,0.985366759987,-0.13,1.1228803892,0.940585774059,2.20911795104,0.940585774059,0.912807778709,1.185,2.4371097339,1.185,0.148079691969
-2.33333333333,19.7530864198,-0.07,1.08934223387,-0.07,1.25124681496,0.951882845188,2.35239848549,0.951882845188,0.849965657603,1.215,2.08224092519,1.215,0.258237376146
-2.32916666667,19.5807786461,-0.01,1.0332737384,-0.01,1.21013237424,0.963179916318,2.50513673603,0.963179916318,0.787057779102,1.245,1.72646378992,1.245,0.38939596814
-2.325,19.4095316406,0.05,1.03874122058,0.05,1.17394791278,0.974476987448,2.66679632479,0.974476987448,0.724523223767,1.275,1.42598650266,1.275,0.523243953559
-2.32083333333,19.2393413631,0.11,1.11860119641,0.11,1.23043571539,0.985774058577,2.83664170481,0.985774058577,0.66278024323,1.305,1.1655911198,1.305,0.664388803185
-2.31666666667,19.0702037809,0.17,0.942633910401,0.17,1.12862440368,0.997071129707,3.01373220098,0.997071129707,0.602221852835,1.335,0.96079377925,1.335,0.799645491253
-2.3125,18.9021148682,0.23,1.05421114235,0.23,1.14698857845,1.00836820084,3.19692078136,1.00836820084,0.543213006676,1.365,0.801721051113,1.365,0.92634483703
-2.30833333333,18.7350706067,0.29,0.895932817355,0.29,1.11623816478,1.01966527197,3.38485807815,1.01966527197,0.486089118599,1.395,0.674320215988,1.395,1.04748378139
-2.30416666667,18.5690669853,0.35,0.752705239033,0.35,0.970830250187,1.0309623431,3.57600203801,1.0309623431,0.43115567017,1.425,0.577638307014,1.425,1.15581381412
-2.3,18.4041,0.41,0.751881854878,0.41,0.913806483429,1.04225941423,3.76863341271,1.04225941423,0.378688651647,1.455,0.513143853687,1.455,1.2386879929
-2.29583333333,18.2401656542,0.47,0.581288614653,0.47,0.772252121364,1.05355648536,3.96087710828,1.05355648536,0.328935604662,1.485,0.488768575479,1.485,1.27275496692
-2.29166666667,18.0772599585,0.53,0.615884369758,0.53,0.74645593004,1.06485355649,4.15072920092,1.06485355649,0.282117067521,1.515,0.478331359406,1.515,1.2878647496
-2.2875,17.9153789307,0.59,0.506437387504,0.59,0.674834472283,1.07615062762,4.33608920904,1.07615062762,0.238428259426,1.545,0.491703024674,1.545,1.26856490048
-2.28333333333,17.7545185957,0.65,0.358283865476,0.65,0.504921063891,1.08744769874,4.51479699281,1.08744769874,0.198040874367,1.575,0.50452186312,1.575,1.25054952604
-2.27916666667,17.5946749858,0.71,0.316951174066,0.71,0.475851424746,1.09874476987,4.68467344457,1.09874476987,0.161104886464,1.605,0.531274670215,1.605,1.21438193854
-2.275,17.4358441406,0.77,0.148668386758,0.77,0.332614899511,1.110041841,4.84356394715,1.110041841,0.127750294922,1.635,0.554879193026,1.635,1.18395205471
-2.27083333333,17.2780221068,0.83,0.215220038993,0.83,0.339825471794,1.12133891213,4.98938342097,1.12133891213,0.0980887581954,1.665,0.585343538533,1.665,1.14653810443
-2.26666666667,17.1212049383,0.89,0.159078075689,0.89,0.296480367886,1.13263598326,5.1201616646,1.13263598326,0.0722150837232,1.695,0.59809998845,1.695,1.13144678727
-2.2625,16.9653886963,0.95,0.0533991393946,0.95,0.213263482012,1.14393305439,5.23408762386,1.14393305439,0.0502085521442,1.725,0.621324521062,1.725,1.10477988204
-2.25833333333,16.8105694493,1.01,0.112413310832,1.01,0.243066383098,1.15523012552,5.32955120765,1.15523012552,0.0321340639512,1.755,0.655360499429,1.755,1.06744752306
-2.25416666667,16.6567432729,1.07,0.0191974553856,1.07,0.201092043693,1.16652719665,5.40518130621,1.16652719665,0.0180431026998,1.785,0.696125006645,1.785,1.02520687257
-2.25,16.50390625,1.13,0.191443360191,1.13,0.303783722885,1.17782426778,5.45987876118,1.17782426778,0.00797451279471,1.815,0.777285186216,1.815,0.94801222595
-2.24583333333,16.3520544708,1.19,0.273171384456,1.19,0.44162259269,1.18912133891,5.49284318255,1.18912133891,0.00195509203725,1.845,0.887164770591,1.845,0.855455839886
-2.24166666667,16.2011840326,1.25,0.33360479559,1.25,0.497150339144,1.20041841004,5.50359270125,1.20041841004,0,1.875,1.00861428161,1.875,0.765644480022
-2.2375,16.05129104,1.31,0.620204030903,1.31,0.75701824533,1.21171548117,5.49197597934,1.21171548117,0.00211298325104,1.905,1.13778458372,1.905,0.681290536469
-2.23333333333,15.9023716049,1.37,0.802525587696,1.37,0.959711189042,1.2230125523,5.45817606319,1.2230125523,0.0082864178052,1.935,1.26185505921,1.935,0.608840618081
-2.22916666667,15.7544218464,1.43,1.20410216206,1.43,1.33550600869,1.23430962343,5.40270594619,1.23430962343,0.0185011681852,1.965,1.36741870757,1.965,0.552601288031
-2.225,15.6074378906,1.49,1.52644442692,1.49,1.70011545867,1.24560669456,5.32639599549,1.24560669456,0.0327262613779,1.995,1.42895378371,1.995,0.521788863592
-2.22083333333,15.4614158713,1.55,2.06748382929,1.55,2.19571061775,1.25690376569,5.23037367758,1.25690376569,0.050918373,2.025,1.47701037668,2.025,0.498634632974
-2.21666666667,15.316351929,1.61,2.66699540481,1.61,2.80149946036,1.26820083682,5.11603627911,1.26820083682,0.0730211223969,2.055,1.46380546104,2.055,0.504920985868
-2.2125,15.1722422119,1.67,3.20042086049,1.67,3.35111998472,1.27949790795,4.98501754976,1.27949790795,0.0989641734716,2.085,1.4199346256,2.085,0.526221070732
-2.20833333333,15.0290828752,1.73,3.77684376675,1.73,4.15639866073,1.29079497908,4.83914938445,1.29079497908,0.128662139125,2.115,1.36151026213,2.115,0.555632453971
-2.20416666667,14.8868700813,1.79,5.14633100955,1.79,5.01065680069,1.30209205021,4.68041980432,1.30209205021,0.162013289708,2.145,1.28840606813,2.145,0.594264559502
-2.2,14.7456,1.85,5.14633100955,1.85,6.2443113038,1.31338912134,4.51092858516,1.31338912134,0.198898070357,2.175,1.20956627714,2.175,0.638465360608
-2.19583333333,14.6052688082,1.91,6.75576892198,1.91,7.01337487716,1.32468619247,4.33284191562,1.32468619247,0.239177439117,2.205,1.1377465799,2.205,0.681313917975
-2.19166666667,14.46587269,1.97,nan,1.97,nan,1.3359832636,4.14834744658,1.3359832636,0.282691048099,2.235,1.05947391251,2.235,0.731207920121
-2.1875,14.3274078369,2.03,nan,2.03,nan,1.34728033473,3.95961101972,1.34728033473,0.329255304295,2.265,1.01037397571,2.265,0.764424278593
-2.18333333333,14.1898704475,2.09,nan,2.09,nan,1.35857740586,3.76873624395,1.35857740586,0.378661365936,2.295,0.95583585609,2.295,0.803267008826
-2.17916666667,14.0532567277,2.15,nan,2.15,nan,1.36987447699,3.57772792969,1.36987447699,0.430673154972,2.325,0.914118786582,2.325,0.834504980074
-2.175,13.9175628906,2.21,nan,2.21,nan,1.38117154812,3.38846020248,1.38117154812,0.485025496745,2.355,0.893076923263,2.355,0.85080644638
-2.17083333333,13.7827851566,2.27,nan,2.27,nan,1.39246861925,3.20264990867,1.39246861925,0.541422533812,2.385,0.866750055295,2.385,0.871751894735
-2.16666666667,13.6489197531,2.33,nan,2.33,nan,1.40376569038,3.02183570709,1.40376569038,0.599536600643,2.415,0.850115443695,2.415,0.885316839125
-2.1625,13.515962915,2.39,nan,2.39,nan,1.41506276151,2.84736302256,1.41506276151,0.659007786666,2.445,0.856891764159,2.445,0.87975921849
-2.15833333333,13.3839108845,2.45,nan,2.45,nan,1.42635983264,2.68037482762,1.42635983264,0.719444451597,2.475,0.868502211648,2.475,0.870338256053
-2.15416666667,13.2527599106,2.51,nan,2.51,nan,1.43765690377,2.52180802807,1.43765690377,0.780424981672,2.505,0.884946673428,2.505,0.857208177562
-2.15,13.12250625,,,,,1.4489539749,2.37239506108,1.4489539749,0.841501078236,2.535,nan,2.535,nan
-2.14583333333,12.9931461664,,,,,1.46025104603,2.23267017722,1.46025104603,0.902202839331,2.565,nan,2.565,nan
-2.14166666667,12.8646759307,,,,,1.47154811715,2.10297977335,1.47154811715,0.962045818718,2.595,nan,2.595,nan
-2.1375,12.7370918213,,,,,1.48284518828,1.98349607249,1.48284518828,1.02054011651,2.625,nan,2.625,nan
-2.13333333333,12.6103901235,,,,,1.49414225941,1.87423340994,1.49414225941,1.0772013696,2.655,nan,2.655,nan
-2.12916666667,12.4845671299,,,,,1.50543933054,1.77506637922,1.50543933054,1.13156327842,2.685,nan,2.685,nan
-2.125,12.3596191406,,,,,1.51673640167,1.68574911498,1.51673640167,1.18319105376,2.715,nan,2.715,nan
-2.12083333333,12.2355424627,,,,,1.5280334728,1.60593503703,1.5280334728,1.23169493285,2.745,nan,2.745,nan
-2.11666666667,12.1123334105,,,,,1.53933054393,1.53519644667,1.53933054393,1.27674274625,2.775,nan,2.775,nan
-2.1125,11.9899883057,,,,,1.55062761506,1.47304344785,1.55062761506,1.31807046418,2.805,nan,2.805,nan
-2.10833333333,11.868503477,,,,,1.56192468619,1.41894175582,1.56192468619,1.35548974599,2.835,nan,2.835,nan
-2.10416666667,11.7478752607,,,,,1.57322175732,1.37232905073,1.57322175732,1.38889176395,2.865,nan,2.865,nan
-2.1,11.6281,,,,,1.58451882845,1.33262962762,1.58451882845,1.41824694355,2.895,nan,2.895,nan
-2.09583333333,11.5091740454,,,,,1.59581589958,1.29926718466,1.59581589958,1.44360069597,2.925,nan,2.925,nan
-2.09166666667,11.3910937548,,,,,1.60711297071,1.27167567426,1.60711297071,1.46506563805,2.955,nan,2.955,nan
-2.0875,11.2738554932,,,,,1.61841004184,1.24930821483,1.61841004184,1.48281112741,2.985,nan,2.985,nan
-2.08333333333,11.1574556327,,,,,1.62970711297,1.23164412321,1.62970711297,1.49705113504,,,,
-2.07916666667,11.041890553,,,,,1.6410041841,1.21819417793,1.6410041841,1.50803151723,,,,
-2.075,10.9271566406,,,,,1.65230125523,1.20850426135,1.65230125523,1.51601765009,,,,
-2.07083333333,10.8132502897,,,,,1.66359832636,1.20215755533,1.66359832636,1.52128319223,,,,
-2.06666666667,10.7001679012,,,,,1.67489539749,1.19877548039,1.67489539749,1.52410049461,,,,
-2.0625,10.5879058838,,,,,1.68619246862,1.19801757467,1.68619246862,1.5247329278,,,,
-2.05833333333,10.476460653,,,,,1.69748953975,1.19958050673,1.69748953975,1.52342917944,,,,
-2.05416666667,10.3658286317,,,,,1.70878661088,1.20319640753,1.70878661088,1.52041940895,,,,
-2.05,10.25600625,,,,,1.72008368201,1.20863069369,1.72008368201,1.5159130367,,,,
-2.04583333333,10.1469899453,,,,,1.73138075314,1.21567953638,1.73138075314,1.51009788774,,,,
-2.04166666667,10.0387761622,,,,,1.74267782427,1.22416711144,1.74267782427,1.50314039367,,,,
-2.0375,9.93136135254,,,,,1.7539748954,1.23394274582,1.7539748954,1.49518657021,,,,
-2.03333333333,9.82474197531,,,,,1.76527196653,1.24487805517,1.76527196653,1.48636351993,,,,
-2.02916666667,9.71891449683,,,,,1.77656903766,1.25686414827,1.77656903766,1.47678124978,,,,
-2.025,9.61387539062,,,,,1.78786610879,1.26980895584,1.78786610879,1.46653463671,,,,
-2.02083333333,9.50962113745,,,,,1.79916317992,1.28363472539,1.79916317992,1.45570541438,,,,
-2.01666666667,9.40614822531,,,,,1.81046025105,1.29827570954,1.81046025105,1.44436409062,,,,
-2.0125,9.30345314941,,,,,1.82175732218,1.31367606363,1.82175732218,1.43257173464,,,,
-2.00833333333,9.20153241223,,,,,1.83305439331,1.32978795862,1.83305439331,1.42038159748,,,,
-2.00416666667,9.10038252345,,,,,1.84435146444,1.34656990768,1.84435146444,1.4078405474,,,,
-2,9,,,,,1.85564853556,1.36398529905,1.85564853556,1.39499031585,,,,
-1.99583333333,8.90038136604,,,,,1.86694560669,1.38200112377,1.86694560669,1.3818685589,,,,
-1.99166666667,8.80152315297,,,,,1.87824267782,1.40058688392,1.87824267782,1.36850974582,,,,
-1.9875,8.70342189941,,,,,1.88953974895,1.41971366574,1.88953974895,1.35494588996,,,,
-1.98333333333,8.60607415123,,,,,1.90083682008,1.43935336124,1.90083682008,1.34120713936,,,,
-1.97916666667,8.50947646153,,,,,1.91213389121,1.45947802205,1.91213389121,1.32732224474,,,,
-1.975,8.41362539063,,,,,1.92343096234,1.48005933,1.92343096234,1.31331892259,,,,
-1.97083333333,8.31851750609,,,,,1.93472803347,1.50106816983,1.93472803347,1.2992241295,,,,
-1.96666666667,8.22414938272,,,,,1.9460251046,1.52247429095,1.9460251046,1.28506426301,,,,
-1.9625,8.13051760254,,,,,1.95732217573,1.54424604609,1.95732217573,1.27086530221,,,,
-1.95833333333,8.03761875482,,,,,1.96861924686,1.56635019658,1.96861924686,1.25665289993,,,,
-1.95416666667,7.94544943607,,,,,1.97991631799,1.58875177501,1.97991631799,1.24245243663,,,,
-1.95,7.85400625,,,,,1.99121338912,1.61141399749,1.99121338912,1.22828904453,,,,
-1.94583333333,7.76328580759,,,,,2.00251046025,1.63429821877,2.00251046025,1.21418760918,,,,
-1.94166666667,7.67328472704,,,,,2.01380753138,1.65736392465,2.01380753138,1.20017275443,,,,
-1.9375,7.58399963379,,,,,2.02510460251,1.68056875694,2.02510460251,1.18626881547,,,,
-1.93333333333,7.49542716049,,,,,2.03640167364,1.7038685669,2.03640167364,1.17249980406,,,,
-1.92916666667,7.40756394706,,,,,2.04769874477,1.72721749399,2.04769874477,1.1588893687,,,,
-1.925,7.32040664063,,,,,2.0589958159,1.75056806704,2.0589958159,1.1454607524,,,,
-1.92083333333,7.23395189556,,,,,2.07029288703,1.77387132538,2.07029288703,1.13223674974,,,,
-1.91666666667,7.14819637346,,,,,2.08158995816,1.79707695807,2.08158995816,1.11923966465,,,,
-1.9125,7.06313674316,,,,,2.09288702929,1.82013345914,2.09288702929,1.10649126979,,,,
-1.90833333333,6.97876968075,,,,,2.10418410042,1.84298829742,2.10418410042,1.09401276847,,,,
-1.90416666667,6.89509186951,,,,,2.11548117155,1.86558809929,2.11548117155,1.08182475927,,,,
-1.9,6.8121,,,,,2.12677824268,1.88787884291,2.12677824268,1.06994720391,,,,
-1.89583333333,6.72979076998,,,,,2.13807531381,1.90980606269,2.13807531381,1.05839939835,,,,
-1.89166666667,6.64816088445,,,,,2.14937238494,1.93131506231,2.14937238494,1.04719994708,,,,
-1.8875,6.56720705566,,,,,2.16066945607,1.95235113514,2.16066945607,1.03636674077,,,,
-1.88333333333,6.48692600309,,,,,2.1719665272,1.97285979063,2.1719665272,1.02591693693,,,,
-1.87916666667,6.40731445343,,,,,2.18326359833,1.9927869851,2.18326359833,1.01586694341,,,,
-1.875,6.32836914062,,,,,2.19456066946,2.0120793556,2.19456066946,1.00623240478,,,,
-1.87083333333,6.25008680586,,,,,2.20585774059,2.03068445535,2.20585774059,0.997028191044,,,,
-1.86666666667,6.17246419753,,,,,2.21715481172,2.04855098928,2.21715481172,0.988268388665,,,,
-1.8625,6.09549807129,,,,,2.22845188285,2.06562904804,2.22845188285,0.97996629362,,,,
-1.85833333333,6.01918519001,,,,,2.23974895397,2.08187033916,2.23974895397,0.972134406202,,,,
-1.85416666667,5.9435223238,,,,,2.2510460251,2.09722841368,2.2510460251,0.96478442738,,,,
-1.85,5.86850625,,,,,2.26234309623,2.1116588869,2.26234309623,0.957927256478,,,,
-1.84583333333,5.79413375319,,,,,2.27364016736,2.1251196516,2.27364016736,0.951572989968,,,,
-1.84166666667,5.72040162519,,,,,2.28493723849,2.13757108246,2.28493723849,0.945730921165,,,,
-1.8375,5.64730666504,,,,,2.29623430962,2.14897623022,2.29623430962,0.940409540648,,,,
-1.83333333333,5.57484567901,,,,,2.30753138075,2.15930100422,2.30753138075,0.935616537228,,,,
-1.82916666667,5.50301548063,,,,,2.31882845188,2.16851434206,2.31882845188,0.931358799304,,,,
-1.825,5.43181289062,,,,,2.33012552301,2.17658836531,2.33012552301,0.927642416477,,,,
-1.82083333333,5.36123473699,,,,,2.34142259414,2.18349851998,2.34142259414,0.924472681269,,,,
-1.81666666667,5.29127785494,,,,,2.35271966527,2.18922370095,2.35271966527,0.921854090859,,,,
-1.8125,5.22193908691,,,,,2.3640167364,2.19374635932,2.3640167364,0.919790348731,,,,
-1.80833333333,5.1532152826,,,,,2.37531380753,2.19705259208,2.37531380753,0.918284366141,,,,
-1.80416666667,5.08510329891,,,,,2.38661087866,2.19913221329,2.38661087866,0.91733826335,,,,
-1.8,5.0176,,,,,2.39790794979,2.19997880633,2.39790794979,0.916953370563,,,,
-1.79583333333,4.95070225725,,,,,2.40920502092,2.19958975695,2.40920502092,0.917130228532,,,,
-1.79166666667,4.88440694927,,,,,2.42050209205,2.19796626668,2.42050209205,0.91786858881,,,,
-1.7875,4.81871096191,,,,,2.43179916318,2.19511334664,2.43179916318,0.919167413636,,,,
-1.78333333333,4.75361118827,,,,,2.44309623431,2.19103979182,2.44309623431,0.921024875455,,,,
-1.77916666667,4.68910452866,,,,,2.45439330544,2.18575813584,2.45439330544,0.923438356102,,,,
-1.775,4.62518789062,,,,,2.46569037657,2.17928458674,2.46569037657,0.926404445673,,,,
-1.77083333333,4.56185818896,,,,,2.4769874477,2.1716389441,2.4769874477,0.929918941135,,,,
-1.76666666667,4.49911234568,,,,,2.48828451883,2.16284449817,2.48828451883,0.933976844742,,,,
-1.7625,4.43694729004,,,,,2.49958158996,2.15292791164,2.49958158996,0.938572362319,,,,
-1.75833333333,4.37535995853,,,,,2.51087866109,2.141919085,2.51087866109,0.943698901523,,,,
-1.75416666667,4.31434729486,,,,,2.52217573222,2.12985100636,2.52217573222,0.949349070182,,,,
-1.75,4.25390625,,,,,2.53347280335,2.11675958682,2.53347280335,0.955514674833,,,,
-1.74583333333,4.19403378213,,,,,2.54476987448,2.10268348254,2.54476987448,0.962186719589,,,,
-1.74166666667,4.13472685667,,,,,2.55606694561,2.08766390469,2.55606694561,0.969355405517,,,,
-1.7375,4.07598244629,,,,,2.56736401674,2.0717444187,2.56736401674,0.977010130651,,,,
-1.73333333333,4.01779753086,,,,,2.57866108787,2.05497073407,2.57866108787,0.985139490873,,,,
-1.72916666667,3.96016909752,,,,,2.589958159,2.03739048618,2.589958159,0.993731281817,,,,
-1.725,3.90309414063,,,,,2.60125523013,2.01905301159,2.60125523013,1.00277250205,,,,
-1.72083333333,3.84656966176,,,,,2.61255230126,2.0000091183,2.61255230126,1.01224935769,,,,
-1.71666666667,3.79059266975,,,,,2.62384937238,1.9803108524,2.62384937238,1.02214726885,,,,
-1.7125,3.73516018066,,,,,2.63514644351,1.96001126272,2.63514644351,1.03245087788,,,,
-1.70833333333,3.68026921779,,,,,2.64644351464,1.93916416481,2.64644351464,1.04314406004,,,,
-1.70416666667,3.62591681164,,,,,2.65774058577,1.91782390583,2.65774058577,1.0542099365,,,,
-1.7,3.5721,,,,,2.6690376569,1.89604513172,2.6690376569,1.06563089019,,,,
-1.69583333333,3.51881582785,,,,,2.68033472803,1.87388255796,2.68033472803,1.07738858472,,,,
-1.69166666667,3.46606134742,,,,,2.69163179916,1.85139074541,2.69163179916,1.08946398645,,,,
-1.6875,3.41383361816,,,,,2.70292887029,1.82862388224,2.70292887029,1.10183739034,,,,
-1.68333333333,3.36212970679,,,,,2.71422594142,1.80563557334,2.71422594142,1.11448844939,,,,
-1.67916666667,3.31094668722,,,,,2.72552301255,1.7824786382,2.72552301255,1.12739620834,,,,
-1.675,3.26028164063,,,,,2.73682008368,1.75920491826,2.73682008368,1.1405391414,,,,
-1.67083333333,3.21013165539,,,,,2.74811715481,1.73586509463,2.74811715481,1.15389519464,,,,
-1.66666666667,3.16049382716,,,,,2.75941422594,1.71250851712,2.75941422594,1.16744183275,,,,
-1.6625,3.11136525879,,,,,2.77071129707,1.6891830451,2.77071129707,1.1811560906,,,,
-1.65833333333,3.06274306038,,,,,2.7820083682,1.66593490087,2.7820083682,1.19501462952,,,,
-1.65416666667,3.01462434926,,,,,2.79330543933,1.64280853614,2.79330543933,1.20899379822,,,,
-1.65,2.96700625,,,,,2.80460251046,1.61984651175,2.80460251046,1.22306969847,,,,
-1.64583333333,2.9198858944,,,,,2.81589958159,1.59708939123,2.81589958159,1.23721825526,,,,
-1.64166666667,2.87326042149,,,,,2.82719665272,1.57457564809,2.82719665272,1.2514152912,,,,
-1.6375,2.82712697754,,,,,2.83849372385,1.55234158707,2.83849372385,1.26563660509,,,,
-1.63333333333,2.78148271605,,,,,2.84979079498,1.53042127924,2.84979079498,1.27985805398,,,,
-1.62916666667,2.73632479776,,,,,2.86108786611,1.50884651091,2.86108786611,1.29405563854,,,,
-1.625,2.69165039062,,,,,2.87238493724,1.48764674599,2.87238493724,1.30820559106,,,,
-1.62083333333,2.64745666986,,,,,2.88368200837,1.4668491016,2.88368200837,1.32228446542,,,,
-1.61666666667,2.6037408179,,,,,2.8949790795,1.44647833654,2.8949790795,1.33626922854,,,,
-1.6125,2.56050002441,,,,,2.90627615063,1.4265568521,2.90627615063,1.35013735226,,,,
-1.60833333333,2.5177314863,,,,,2.91757322176,1.40710470465,2.91757322176,1.36386690508,,,,
-1.60416666667,2.47543240771,,,,,2.92887029289,1.38813962956,2.92887029289,1.3774366427,,,,
-1.6,2.4336,,,,,2.94016736402,1.36967707566,2.94016736402,1.39082609654,,,,
-1.59583333333,2.39223148178,,,,,2.95146443515,1.35173024961,2.95146443515,1.40401565919,,,,
-1.59166666667,2.3513240789,,,,,2.96276150628,1.33431016947,2.96276150628,1.41698666608,,,,
-1.5875,2.31087502441,,,,,2.97405857741,1.31742572662,2.97405857741,1.42972147203,,,,
-1.58333333333,2.27088155864,,,,,2.98535564854,1.30108375541,2.98535564854,1.44220352222,,,,
-1.57916666667,2.23134092912,,,,,2.99665271967,1.28528910956,2.99665271967,1.45441741637,,,,
-1.575,2.19225039063,,,,,3.00794979079,1.27004474466,3.00794979079,1.46634896553,,,,
-1.57083333333,2.15360720516,,,,,3.01924686192,1.25535180584,3.01924686192,1.47798524071,,,,
-1.56666666667,2.11540864198,,,,,3.03054393305,1.24120971992,3.03054393305,1.48931461277,,,,
-1.5625,2.07765197754,,,,,3.04184100418,1.22761629112,3.04184100418,1.50032678301,,,,
-1.55833333333,2.04033449556,,,,,3.05313807531,1.21456779974,3.05313807531,1.51101280426,,,,
-1.55416666667,2.00345348699,,,,,3.06443514644,1.20205910285,3.06443514644,1.52136509206,,,,
-1.55,1.96700625,,,,,3.07573221757,1.19008373641,3.07573221757,1.53137742601,,,,
-1.54583333333,1.93099009,,,,,3.0870292887,1.17863401813,3.0870292887,1.54104494122,,,,
-1.54166666667,1.89540231964,,,,,3.09832635983,1.16770115027,3.09832635983,1.55036411022,,,,
-1.5375,1.86024025879,,,,,3.10962343096,1.15727532198,3.10962343096,1.55933271554,,,,
-1.53333333333,1.82550123457,,,,,3.12092050209,1.14734581039,3.12092050209,1.5679498135,,,,
-1.52916666667,1.79118258132,,,,,3.13221757322,1.13790108006,3.13221757322,1.57621568984,,,,
-1.525,1.75728164062,,,,,3.14351464435,1.12892888026,3.14351464435,1.58413180778,,,,
-1.52083333333,1.7237957613,,,,,3.15481171548,1.12041633956,3.15481171548,1.59170074941,,,,
-1.51666666667,1.69072229938,,,,,3.16610878661,1.11235005748,3.16610878661,1.59892615121,,,,
-1.5125,1.65805861816,,,,,3.17740585774,1.10471619275,3.17740585774,1.60581263455,,,,
-1.50833333333,1.62580208816,,,,,3.18870292887,1.09750054785,3.18870292887,1.61236573225,,,,
-1.50416666667,1.59395008711,,,,,3.2,1.09068864966,3.2,1.61859181197,,,,
-1.5,1.5625,,,,,,,,,,,,
-1.49583333333,1.53144921905,,,,,,,,,,,,
-1.49166666667,1.50079514371,,,,,,,,,,,,
-1.4875,1.47053518066,,,,,,,,,,,,
-1.48333333333,1.44066674383,,,,,,,,,,,,
-1.47916666667,1.41118725435,,,,,,,,,,,,
-1.475,1.38209414063,,,,,,,,,,,,
-1.47083333333,1.35338483826,,,,,,,,,,,,
-1.46666666667,1.32505679012,,,,,,,,,,,,
-1.4625,1.29710744629,,,,,,,,,,,,
-1.45833333333,1.26953426408,,,,,,,,,,,,
-1.45416666667,1.24233470806,,,,,,,,,,,,
-1.45,1.21550625,,,,,,,,,,,,
-1.44583333333,1.18904636894,,,,,,,,,,,,
-1.44166666667,1.16295255112,,,,,,,,,,,,
-1.4375,1.13722229004,,,,,,,,,,,,
-1.43333333333,1.11185308642,,,,,,,,,,,,
-1.42916666667,1.08684244822,,,,,,,,,,,,
-1.425,1.06218789063,,,,,,,,,,,,
-1.42083333333,1.03788693607,,,,,,,,,,,,
-1.41666666667,1.0139371142,,,,,,,,,,,,
-1.4125,0.990335961914,,,,,,,,,,,,
-1.40833333333,0.967081023341,,,,,,,,,,,,
-1.40416666667,0.944169849838,,,,,,,,,,,,
-1.4,0.9216,,,,,,,,,,,,
-1.39583333333,0.899369039653,,,,,,,,,,,,
-1.39166666667,0.87747454186,,,,,,,,,,,,
-1.3875,0.855914086914,,,,,,,,,,,,
-1.38333333333,0.834685262346,,,,,,,,,,,,
-1.37916666667,0.813785662917,,,,,,,,,,,,
-1.375,0.793212890625,,,,,,,,,,,,
-1.37083333333,0.7729645547,,,,,,,,,,,,
-1.36666666667,0.753038271605,,,,,,,,,,,,
-1.3625,0.733431665039,,,,,,,,,,,,
-1.35833333333,0.714142365934,,,,,,,,,,,,
-1.35416666667,0.695168012454,,,,,,,,,,,,
-1.35,0.67650625,,,,,,,,,,,,
-1.34583333333,0.658154731204,,,,,,,,,,,,
-1.34166666667,0.640111115934,,,,,,,,,,,,
-1.3375,0.622373071289,,,,,,,,,,,,
-1.33333333333,0.604938271605,,,,,,,,,,,,
-1.32916666667,0.58780439845,,,,,,,,,,,,
-1.325,0.570969140625,,,,,,,,,,,,
-1.32083333333,0.554430194167,,,,,,,,,,,,
-1.31666666667,0.538185262346,,,,,,,,,,,,
-1.3125,0.522232055664,,,,,,,,,,,,
-1.30833333333,0.50656829186,,,,,,,,,,,,
-1.30416666667,0.491191695903,,,,,,,,,,,,
-1.3,0.4761,,,,,,,,,,,,
-1.29583333333,0.461290943588,,,,,,,,,,,,
-1.29166666667,0.446762273341,,,,,,,,,,,,
-1.2875,0.432511743164,,,,,,,,,,,,
-1.28333333333,0.418537114198,,,,,,,,,,,,
-1.27916666667,0.404836154815,,,,,,,,,,,,
-1.275,0.391406640625,,,,,,,,,,,,
-1.27083333333,0.378246354468,,,,,,,,,,,,
-1.26666666667,0.36535308642,,,,,,,,,,,,
-1.2625,0.352724633789,,,,,,,,,,,,
-1.25833333333,0.340358801119,,,,,,,,,,,,
-1.25416666667,0.328253400186,,,,,,,,,,,,
-1.25,0.31640625,,,,,,,,,,,,
-1.24583333333,0.304815176806,,,,,,,,,,,,
-1.24166666667,0.293478014082,,,,,,,,,,,,
-1.2375,0.282392602539,,,,,,,,,,,,
-1.23333333333,0.271556790123,,,,,,,,,,,,
-1.22916666667,0.260968432014,,,,,,,,,,,,
-1.225,0.250625390625,,,,,,,,,,,,
-1.22083333333,0.240525535602,,,,,,,,,,,,
-1.21666666667,0.230666743827,,,,,,,,,,,,
-1.2125,0.221046899414,,,,,,,,,,,,
-1.20833333333,0.211663893711,,,,,,,,,,,,
-1.20416666667,0.202515625301,,,,,,,,,,,,
-1.2,0.1936,,,,,,,,,,,,
-1.19583333333,0.184914930857,,,,,,,,,,,,
-1.19166666667,0.176458338156,,,,,,,,,,,,
-1.1875,0.168228149414,,,,,,,,,,,,
-1.18333333333,0.160222299383,,,,,,,,,,,,
-1.17916666667,0.152438730047,,,,,,,,,,,,
-1.175,0.144875390625,,,,,,,,,,,,
-1.17083333333,0.13753023757,,,,,,,,,,,,
-1.16666666667,0.130401234568,,,,,,,,,,,,
-1.1625,0.123486352539,,,,,,,,,,,,
-1.15833333333,0.116783569637,,,,,,,,,,,,
-1.15416666667,0.11029087125,,,,,,,,,,,,
-1.15,0.10400625,,,,,,,,,,,,
-1.14583333333,0.0979277057412,,,,,,,,,,,,
-1.14166666667,0.0920532455633,,,,,,,,,,,,
-1.1375,0.0863808837891,,,,,,,,,,,,
-1.13333333333,0.0809086419753,,,,,,,,,,,,
-1.12916666667,0.0756345489125,,,,,,,,,,,,
-1.125,0.070556640625,,,,,,,,,,,,
-1.12083333333,0.0656729603709,,,,,,,,,,,,
-1.11666666667,0.060981558642,,,,,,,,,,,,
-1.1125,0.0564804931641,,,,,,,,,,,,
-1.10833333333,0.0521678288966,,,,,,,,,,,,
-1.10416666667,0.0480416380329,,,,,,,,,,,,
-1.1,0.0441,,,,,,,,,,,,
-1.09583333333,0.0403410014588,,,,,,,,,,,,
-1.09166666667,0.036762736304,,,,,,,,,,,,
-1.0875,0.0333633056641,,,,,,,,,,,,
-1.08333333333,0.0301408179012,,,,,,,,,,,,
-1.07916666667,0.0270933886116,,,,,,,,,,,,
-1.075,0.024219140625,,,,,,,,,,,,
-1.07083333333,0.0215162040051,,,,,,,,,,,,
-1.06666666667,0.0189827160494,,,,,,,,,,,,
-1.0625,0.0166168212891,,,,,,,,,,,,
-1.05833333333,0.0144166714892,,,,,,,,,,,,
-1.05416666667,0.0123804256486,,,,,,,,,,,,
-1.05,0.01050625,,,,,,,,,,,,
-1.04583333333,0.00879231800974,,,,,,,,,,,,
-1.04166666667,0.00723681037809,,,,,,,,,,,,
-1.0375,0.00583791503906,,,,,,,,,,,,
-1.03333333333,0.00459382716049,,,,,,,,,,,,
-1.02916666667,0.003502749144,,,,,,,,,,,,
-1.025,0.002562890625,,,,,,,,,,,,
-1.02083333333,0.0017724684727,,,,,,,,,,,,
-1.01666666667,0.00112970679012,,,,,,,,,,,,
-1.0125,0.000632836914062,,,,,,,,,,,,
-1.00833333333,0.000280097415123,,,,,,,,,,,,
-1.00416666667,6.97340977045e-05,,,,,,,,,,,,
-1,0,,,,,,,,,,,,
-0.995833333333,6.91553940008e-05,,,,,,,,,,,,
-0.991666666667,0.000275467785494,,,,,,,,,,,,
-0.9875,0.000617211914062,,,,,,,,,,,,
-0.983333333333,0.00109266975309,,,,,,,,,,,,
-0.979166666667,0.00170013050974,,,,,,,,,,,,
-0.975,0.002437890625,,,,,,,,,,,,
-0.970833333333,0.00330425377363,,,,,,,,,,,,
-0.966666666667,0.0042975308642,,,,,,,,,,,,
-0.9625,0.00541604003906,,,,,,,,,,,,
-0.958333333333,0.00665810667438,,,,,,,,,,,,
-0.954166666667,0.00802206338011,,,,,,,,,,,,
-0.95,0.00950625,,,,,,,,,,,,
-0.945833333333,0.0111090136116,,,,,,,,,,,,
-0.941666666667,0.0128287085262,,,,,,,,,,,,
-0.9375,0.0146636962891,,,,,,,,,,,,
-0.933333333333,0.016612345679,,,,,,,,,,,,
-0.929166666667,0.0186730327088,,,,,,,,,,,,
-0.925,0.020844140625,,,,,,,,,,,,
-0.920833333333,0.0231240599079,,,,,,,,,,,,
-0.916666666667,0.0255111882716,,,,,,,,,,,,
-0.9125,0.0280039306641,,,,,,,,,,,,
-0.908333333333,0.030600699267,,,,,,,,,,,,
-0.904166666667,0.0332999134959,,,,,,,,,,,,
-0.9,0.0361,,,,,,,,,,,,
-0.895833333333,0.0389993926625,,,,,,,,,,,,
-0.891666666667,0.0419965326003,,,,,,,,,,,,
-0.8875,0.0450898681641,,,,,,,,,,,,
-0.883333333333,0.0482778549383,,,,,,,,,,,,
-0.879166666667,0.0515589557412,,,,,,,,,,,,
-0.875,0.054931640625,,,,,,,,,,,,
-0.870833333333,0.0583943868755,,,,,,,,,,,,
-0.866666666667,0.0619456790123,,,,,,,,,,,,
-0.8625,0.0655840087891,,,,,,,,,,,,
-0.858333333333,0.0693078751929,,,,,,,,,,,,
-0.854166666667,0.0731157844449,,,,,,,,,,,,
-0.85,0.07700625,,,,,,,,,,,,
-0.845833333333,0.0809777925468,,,,,,,,,,,,
-0.841666666667,0.0850289400077,,,,,,,,,,,,
-0.8375,0.0891582275391,,,,,,,,,,,,
-0.833333333333,0.0933641975309,,,,,,,,,,,,
-0.829166666667,0.097645399607,,,,,,,,,,,,
-0.825,0.102000390625,,,,,,,,,,,,
-0.820833333333,0.106427734676,,,,,,,,,,,,
-0.816666666667,0.110926003086,,,,,,,,,,,,
-0.8125,0.115493774414,,,,,,,,,,,,
-0.808333333333,0.120129634452,,,,,,,,,,,,
-0.804166666667,0.124832176227,,,,,,,,,,,,
-0.8,0.1296,,,,,,,,,,,,
-0.795833333333,0.134431713264,,,,,,,,,,,,
-0.791666666667,0.139325930748,,,,,,,,,,,,
-0.7875,0.144281274414,,,,,,,,,,,,
-0.783333333333,0.149296373457,,,,,,,,,,,,
-0.779166666667,0.154369864306,,,,,,,,,,,,
-0.775,0.159500390625,,,,,,,,,,,,
-0.770833333333,0.164686603311,,,,,,,,,,,,
-0.766666666667,0.169927160494,,,,,,,,,,,,
-0.7625,0.175220727539,,,,,,,,,,,,
-0.758333333333,0.180565977045,,,,,,,,,,,,
-0.754166666667,0.185961588843,,,,,,,,,,,,
-0.75,0.19140625,,,,,,,,,,,,
-0.745833333333,0.196898654815,,,,,,,,,,,,
-0.741666666667,0.202437504823,,,,,,,,,,,,
-0.7375,0.208021508789,,,,,,,,,,,,
-0.733333333333,0.213649382716,,,,,,,,,,,,
-0.729166666667,0.219319849838,,,,,,,,,,,,
-0.725,0.225031640625,,,,,,,,,,,,
-0.720833333333,0.230783492778,,,,,,,,,,,,
-0.716666666667,0.236574151235,,,,,,,,,,,,
-0.7125,0.242402368164,,,,,,,,,,,,
-0.708333333333,0.248266902971,,,,,,,,,,,,
-0.704166666667,0.254166522292,,,,,,,,,,,,
-0.7,0.2601,,,,,,,,,,,,
-0.695833333333,0.2660661172,,,,,,,,,,,,
-0.691666666667,0.27206366223,,,,,,,,,,,,
-0.6875,0.278091430664,,,,,,,,,,,,
-0.683333333333,0.284148225309,,,,,,,,,,,,
-0.679166666667,0.290232856204,,,,,,,,,,,,
-0.675,0.296344140625,,,,,,,,,,,,
-0.670833333333,0.302480903079,,,,,,,,,,,,
-0.666666666667,0.308641975309,,,,,,,,,,,,
-0.6625,0.314826196289,,,,,,,,,,,,
-0.658333333333,0.32103241223,,,,,,,,,,,,
-0.654166666667,0.327259476575,,,,,,,,,,,,
-0.65,0.33350625,,,,,,,,,,,,
-0.645833333333,0.339771600417,,,,,,,,,,,,
-0.641666666667,0.346054402971,,,,,,,,,,,,
-0.6375,0.352353540039,,,,,,,,,,,,
-0.633333333333,0.358667901235,,,,,,,,,,,,
-0.629166666667,0.364996383403,,,,,,,,,,,,
-0.625,0.371337890625,,,,,,,,,,,,
-0.620833333333,0.377691334213,,,,,,,,,,,,
-0.616666666667,0.384055632716,,,,,,,,,,,,
-0.6125,0.390429711914,,,,,,,,,,,,
-0.608333333333,0.396812504823,,,,,,,,,,,,
-0.604166666667,0.40320295169,,,,,,,,,,,,
-0.6,0.4096,,,,,,,,,,,,
-0.595833333333,0.416002604468,,,,,,,,,,,,
-0.591666666667,0.422409727045,,,,,,,,,,,,
-0.5875,0.428820336914,,,,,,,,,,,,
-0.583333333333,0.435233410494,,,,,,,,,,,,
-0.579166666667,0.441647931436,,,,,,,,,,,,
-0.575,0.448062890625,,,,,,,,,,,,
-0.570833333333,0.454477286181,,,,,,,,,,,,
-0.566666666667,0.460890123457,,,,,,,,,,,,
-0.5625,0.467300415039,,,,,,,,,,,,
-0.558333333333,0.473707180748,,,,,,,,,,,,
-0.554166666667,0.480109447639,,,,,,,,,,,,
-0.55,0.48650625,,,,,,,,,,,,
-0.545833333333,0.492896629352,,,,,,,,,,,,
-0.541666666667,0.499279634452,,,,,,,,,,,,
-0.5375,0.505654321289,,,,,,,,,,,,
-0.533333333333,0.512019753086,,,,,,,,,,,,
-0.529166666667,0.518375000301,,,,,,,,,,,,
-0.525,0.524719140625,,,,,,,,,,,,
-0.520833333333,0.531051258982,,,,,,,,,,,,
-0.516666666667,0.537370447531,,,,,,,,,,,,
-0.5125,0.543675805664,,,,,,,,,,,,
-0.508333333333,0.549966440008,,,,,,,,,,,,
-0.504166666667,0.556241464422,,,,,,,,,,,,
-0.5,0.5625,,,,,,,,,,,,
-0.495833333333,0.56874117507,,,,,,,,,,,,
-0.491666666667,0.574964125193,,,,,,,,,,,,
-0.4875,0.581167993164,,,,,,,,,,,,
-0.483333333333,0.587351929012,,,,,,,,,,,,
-0.479166666667,0.59351509,,,,,,,,,,,,
-0.475,0.599656640625,,,,,,,,,,,,
-0.470833333333,0.605775752616,,,,,,,,,,,,
-0.466666666667,0.611871604938,,,,,,,,,,,,
-0.4625,0.617943383789,,,,,,,,,,,,
-0.458333333333,0.6239902826,,,,,,,,,,,,
-0.454166666667,0.630011502038,,,,,,,,,,,,
-0.45,0.63600625,,,,,,,,,,,,
-0.445833333333,0.641973741621,,,,,,,,,,,,
-0.441666666667,0.647913199267,,,,,,,,,,,,
-0.4375,0.653823852539,,,,,,,,,,,,
-0.433333333333,0.659704938272,,,,,,,,,,,,
-0.429166666667,0.665555700533,,,,,,,,,,,,
-0.425,0.671375390625,,,,,,,,,,,,
-0.420833333333,0.677163267084,,,,,,,,,,,,
-0.416666666667,0.682918595679,,,,,,,,,,,,
-0.4125,0.688640649414,,,,,,,,,,,,
-0.408333333333,0.694328708526,,,,,,,,,,,,
-0.404166666667,0.699982060487,,,,,,,,,,,,
-0.4,0.7056,,,,,,,,,,,,
-0.395833333333,0.711181829005,,,,,,,,,,,,
-0.391666666667,0.716726856674,,,,,,,,,,,,
-0.3875,0.722234399414,,,,,,,,,,,,
-0.383333333333,0.727703780864,,,,,,,,,,,,
-0.379166666667,0.733134331899,,,,,,,,,,,,
-0.375,0.738525390625,,,,,,,,,,,,
-0.370833333333,0.743876302385,,,,,,,,,,,,
-0.366666666667,0.749186419753,,,,,,,,,,,,
-0.3625,0.754455102539,,,,,,,,,,,,
-0.358333333333,0.759681717785,,,,,,,,,,,,
-0.354166666667,0.764865639769,,,,,,,,,,,,
-0.35,0.77000625,,,,,,,,,,,,
-0.345833333333,0.775102937223,,,,,,,,,,,,
-0.341666666667,0.780155097415,,,,,,,,,,,,
-0.3375,0.785162133789,,,,,,,,,,,,
-0.333333333333,0.79012345679,,,,,,,,,,,,
-0.329166666667,0.795038484098,,,,,,,,,,,,
-0.325,0.799906640625,,,,,,,,,,,,
-0.320833333333,0.804727358519,,,,,,,,,,,,
-0.316666666667,0.80950007716,,,,,,,,,,,,
-0.3125,0.814224243164,,,,,,,,,,,,
-0.308333333333,0.818899310378,,,,,,,,,,,,
-0.304166666667,0.823524739885,,,,,,,,,,,,
-0.3,0.8281,,,,,,,,,,,,
-0.295833333333,0.832624566274,,,,,,,,,,,,
-0.291666666667,0.837097921489,,,,,,,,,,,,
-0.2875,0.841519555664,,,,,,,,,,,,
-0.283333333333,0.845888966049,,,,,,,,,,,,
-0.279166666667,0.85020565713,,,,,,,,,,,,
-0.275,0.854469140625,,,,,,,,,,,,
-0.270833333333,0.858678935487,,,,,,,,,,,,
-0.266666666667,0.862834567901,,,,,,,,,,,,
-0.2625,0.866935571289,,,,,,,,,,,,
-0.258333333333,0.870981486304,,,,,,,,,,,,
-0.254166666667,0.874971860834,,,,,,,,,,,,
-0.25,0.87890625,,,,,,,,,,,,
-0.245833333333,0.882784216158,,,,,,,,,,,,
-0.241666666667,0.886605328897,,,,,,,,,,,,
-0.2375,0.890369165039,,,,,,,,,,,,
-0.233333333333,0.894075308642,,,,,,,,,,,,
-0.229166666667,0.897723350996,,,,,,,,,,,,
-0.225,0.901312890625,,,,,,,,,,,,
-0.220833333333,0.904843533288,,,,,,,,,,,,
-0.216666666667,0.908314891975,,,,,,,,,,,,
-0.2125,0.911726586914,,,,,,,,,,,,
-0.208333333333,0.915078245563,,,,,,,,,,,,
-0.204166666667,0.918369502616,,,,,,,,,,,,
-0.2,0.9216,,,,,,,,,,,,
-0.195833333333,0.924769386875,,,,,,,,,,,,
-0.191666666667,0.927877319637,,,,,,,,,,,,
-0.1875,0.930923461914,,,,,,,,,,,,
-0.183333333333,0.933907484568,,,,,,,,,,,,
-0.179166666667,0.936829065695,,,,,,,,,,,,
-0.175,0.939687890625,,,,,,,,,,,,
-0.170833333333,0.942483651922,,,,,,,,,,,,
-0.166666666667,0.945216049383,,,,,,,,,,,,
-0.1625,0.947884790039,,,,,,,,,,,,
-0.158333333333,0.950489588156,,,,,,,,,,,,
-0.154166666667,0.953030165232,,,,,,,,,,,,
-0.15,0.95550625,,,,,,,,,,,,
-0.145833333333,0.957917578426,,,,,,,,,,,,
-0.141666666667,0.960263893711,,,,,,,,,,,,
-0.1375,0.962544946289,,,,,,,,,,,,
-0.133333333333,0.964760493827,,,,,,,,,,,,
-0.129166666667,0.966910301227,,,,,,,,,,,,
-0.125,0.968994140625,,,,,,,,,,,,
-0.120833333333,0.971011791389,,,,,,,,,,,,
-0.116666666667,0.972963040123,,,,,,,,,,,,
-0.1125,0.974847680664,,,,,,,,,,,,
-0.108333333333,0.976665514082,,,,,,,,,,,,
-0.104166666667,0.978416348681,,,,,,,,,,,,
-0.1,0.9801,,,,,,,,,,,,
-0.0958333333333,0.981716290811,,,,,,,,,,,,
-0.0916666666667,0.983265051119,,,,,,,,,,,,
-0.0875,0.984746118164,,,,,,,,,,,,
-0.0833333333333,0.98615933642,,,,,,,,,,,,
-0.0791666666667,0.987504557593,,,,,,,,,,,,
-0.075,0.988781640625,,,,,,,,,,,,
-0.0708333333333,0.98999045169,,,,,,,,,,,,
-0.0666666666667,0.991130864198,,,,,,,,,,,,
-0.0625,0.992202758789,,,,,,,,,,,,
-0.0583333333333,0.993206023341,,,,,,,,,,,,
-0.0541666666667,0.994140552963,,,,,,,,,,,,
-0.05,0.99500625,,,,,,,,,,,,
-0.0458333333333,0.995803024028,,,,,,,,,,,,
-0.0416666666667,0.99653079186,,,,,,,,,,,,
-0.0375,0.997189477539,,,,,,,,,,,,
-0.0333333333333,0.997779012346,,,,,,,,,,,,
-0.0291666666667,0.998299334792,,,,,,,,,,,,
-0.025,0.998750390625,,,,,,,,,,,,
-0.0208333333333,0.999132132825,,,,,,,,,,,,
-0.0166666666667,0.999444521605,,,,,,,,,,,,
-0.0125,0.999687524414,,,,,,,,,,,,
-0.00833333333333,0.999861115934,,,,,,,,,,,,
-0.00416666666667,0.999965278079,,,,,,,,,,,,
0,1,,,,,,,,,,,,
0.00416666666667,0.999965278079,,,,,,,,,,,,
0.00833333333333,0.999861115934,,,,,,,,,,,,
0.0125,0.999687524414,,,,,,,,,,,,
0.0166666666667,0.999444521605,,,,,,,,,,,,
0.0208333333333,0.999132132825,,,,,,,,,,,,
0.025,0.998750390625,,,,,,,,,,,,
0.0291666666667,0.998299334792,,,,,,,,,,,,
0.0333333333333,0.997779012346,,,,,,,,,,,,
0.0375,0.997189477539,,,,,,,,,,,,
0.0416666666667,0.99653079186,,,,,,,,,,,,
0.0458333333333,0.995803024028,,,,,,,,,,,,
0.05,0.99500625,,,,,,,,,,,,
0.0541666666667,0.994140552963,,,,,,,,,,,,
0.0583333333333,0.993206023341,,,,,,,,,,,,
0.0625,0.992202758789,,,,,,,,,,,,
0.0666666666667,0.991130864198,,,,,,,,,,,,
0.0708333333333,0.98999045169,,,,,,,,,,,,
0.075,0.988781640625,,,,,,,,,,,,
0.0791666666667,0.987504557593,,,,,,,,,,,,
0.0833333333333,0.98615933642,,,,,,,,,,,,
0.0875,0.984746118164,,,,,,,,,,,,
0.0916666666667,0.983265051119,,,,,,,,,,,,
0.0958333333333,0.981716290811,,,,,,,,,,,,
0.1,0.9801,,,,,,,,,,,,
0.104166666667,0.978416348681,,,,,,,,,,,,
0.108333333333,0.976665514082,,,,,,,,,,,,
0.1125,0.974847680664,,,,,,,,,,,,
0.116666666667,0.972963040123,,,,,,,,,,,,
0.120833333333,0.971011791389,,,,,,,,,,,,
0.125,0.968994140625,,,,,,,,,,,,
0.129166666667,0.966910301227,,,,,,,,,,,,
0.133333333333,0.964760493827,,,,,,,,,,,,
0.1375,0.962544946289,,,,,,,,,,,,
0.141666666667,0.960263893711,,,,,,,,,,,,
0.145833333333,0.957917578426,,,,,,,,,,,,
0.15,0.95550625,,,,,,,,,,,,
0.154166666667,0.953030165232,,,,,,,,,,,,
0.158333333333,0.950489588156,,,,,,,,,,,,
0.1625,0.947884790039,,,,,,,,,,,,
0.166666666667,0.945216049383,,,,,,,,,,,,
0.170833333333,0.942483651922,,,,,,,,,,,,
0.175,0.939687890625,,,,,,,,,,,,
0.179166666667,0.936829065695,,,,,,,,,,,,
0.183333333333,0.933907484568,,,,,,,,,,,,
0.1875,0.930923461914,,,,,,,,,,,,
0.191666666667,0.927877319637,,,,,,,,,,,,
0.195833333333,0.924769386875,,,,,,,,,,,,
0.2,0.9216,,,,,,,,,,,,
0.204166666667,0.918369502616,,,,,,,,,,,,
0.208333333333,0.915078245563,,,,,,,,,,,,
0.2125,0.911726586914,,,,,,,,,,,,
0.216666666667,0.908314891975,,,,,,,,,,,,
0.220833333333,0.904843533288,,,,,,,,,,,,
0.225,0.901312890625,,,,,,,,,,,,
0.229166666667,0.897723350996,,,,,,,,,,,,
0.233333333333,0.894075308642,,,,,,,,,,,,
0.2375,0.890369165039,,,,,,,,,,,,
0.241666666667,0.886605328897,,,,,,,,,,,,
0.245833333333,0.882784216158,,,,,,,,,,,,
0.25,0.87890625,,,,,,,,,,,,
0.254166666667,0.874971860834,,,,,,,,,,,,
0.258333333333,0.870981486304,,,,,,,,,,,,
0.2625,0.866935571289,,,,,,,,,,,,
0.266666666667,0.862834567901,,,,,,,,,,,,
0.270833333333,0.858678935487,,,,,,,,,,,,
0.275,0.854469140625,,,,,,,,,,,,
0.279166666667,0.85020565713,,,,,,,,,,,,
0.283333333333,0.845888966049,,,,,,,,,,,,
0.2875,0.841519555664,,,,,,,,,,,,
0.291666666667,0.837097921489,,,,,,,,,,,,
0.295833333333,0.832624566274,,,,,,,,,,,,
0.3,0.8281,,,,,,,,,,,,
0.304166666667,0.823524739885,,,,,,,,,,,,
0.308333333333,0.818899310378,,,,,,,,,,,,
0.3125,0.814224243164,,,,,,,,,,,,
0.316666666667,0.80950007716,,,,,,,,,,,,
0.320833333333,0.804727358519,,,,,,,,,,,,
0.325,0.799906640625,,,,,,,,,,,,
0.329166666667,0.795038484098,,,,,,,,,,,,
0.333333333333,0.79012345679,,,,,,,,,,,,
0.3375,0.785162133789,,,,,,,,,,,,
0.341666666667,0.780155097415,,,,,,,,,,,,
0.345833333333,0.775102937223,,,,,,,,,,,,
0.35,0.77000625,,,,,,,,,,,,
0.354166666667,0.764865639769,,,,,,,,,,,,
0.358333333333,0.759681717785,,,,,,,,,,,,
0.3625,0.754455102539,,,,,,,,,,,,
0.366666666667,0.749186419753,,,,,,,,,,,,
0.370833333333,0.743876302385,,,,,,,,,,,,
0.375,0.738525390625,,,,,,,,,,,,
0.379166666667,0.733134331899,,,,,,,,,,,,
0.383333333333,0.727703780864,,,,,,,,,,,,
0.3875,0.722234399414,,,,,,,,,,,,
0.391666666667,0.716726856674,,,,,,,,,,,,
0.395833333333,0.711181829005,,,,,,,,,,,,
0.4,0.7056,,,,,,,,,,,,
0.404166666667,0.699982060487,,,,,,,,,,,,
0.408333333333,0.694328708526,,,,,,,,,,,,
0.4125,0.688640649414,,,,,,,,,,,,
0.416666666667,0.682918595679,,,,,,,,,,,,
0.420833333333,0.677163267084,,,,,,,,,,,,
0.425,0.671375390625,,,,,,,,,,,,
0.429166666667,0.665555700533,,,,,,,,,,,,
0.433333333333,0.659704938272,,,,,,,,,,,,
0.4375,0.653823852539,,,,,,,,,,,,
0.441666666667,0.647913199267,,,,,,,,,,,,
0.445833333333,0.641973741621,,,,,,,,,,,,
0.45,0.63600625,,,,,,,,,,,,
0.454166666667,0.630011502038,,,,,,,,,,,,
0.458333333333,0.6239902826,,,,,,,,,,,,
0.4625,0.617943383789,,,,,,,,,,,,
0.466666666667,0.611871604938,,,,,,,,,,,,
0.470833333333,0.605775752616,,,,,,,,,,,,
0.475,0.599656640625,,,,,,,,,,,,
0.479166666667,0.59351509,,,,,,,,,,,,
0.483333333333,0.587351929012,,,,,,,,,,,,
0.4875,0.581167993164,,,,,,,,,,,,
0.491666666667,0.574964125193,,,,,,,,,,,,
0.495833333333,0.56874117507,,,,,,,,,,,,
0.5,0.5625,,,,,,,,,,,,
0.504166666667,0.556241464422,,,,,,,,,,,,
0.508333333333,0.549966440008,,,,,,,,,,,,
0.5125,0.543675805664,,,,,,,,,,,,
0.516666666667,0.537370447531,,,,,,,,,,,,
0.520833333333,0.531051258982,,,,,,,,,,,,
0.525,0.524719140625,,,,,,,,,,,,
0.529166666667,0.518375000301,,,,,,,,,,,,
0.533333333333,0.512019753086,,,,,,,,,,,,
0.5375,0.505654321289,,,,,,,,,,,,
0.541666666667,0.499279634452,,,,,,,,,,,,
0.545833333333,0.492896629352,,,,,,,,,,,,
0.55,0.48650625,,,,,,,,,,,,
0.554166666667,0.480109447639,,,,,,,,,,,,
0.558333333333,0.473707180748,,,,,,,,,,,,
0.5625,0.467300415039,,,,,,,,,,,,
0.566666666667,0.460890123457,,,,,,,,,,,,
0.570833333333,0.454477286181,,,,,,,,,,,,
0.575,0.448062890625,,,,,,,,,,,,
0.579166666667,0.441647931436,,,,,,,,,,,,
0.583333333333,0.435233410494,,,,,,,,,,,,
0.5875,0.428820336914,,,,,,,,,,,,
0.591666666667,0.422409727045,,,,,,,,,,,,
0.595833333333,0.416002604468,,,,,,,,,,,,
0.6,0.4096,,,,,,,,,,,,
0.604166666667,0.40320295169,,,,,,,,,,,,
0.608333333333,0.396812504823,,,,,,,,,,,,
0.6125,0.390429711914,,,,,,,,,,,,
0.616666666667,0.384055632716,,,,,,,,,,,,
0.620833333333,0.377691334213,,,,,,,,,,,,
0.625,0.371337890625,,,,,,,,,,,,
0.629166666667,0.364996383403,,,,,,,,,,,,
0.633333333333,0.358667901235,,,,,,,,,,,,
0.6375,0.352353540039,,,,,,,,,,,,
0.641666666667,0.346054402971,,,,,,,,,,,,
0.645833333333,0.339771600417,,,,,,,,,,,,
0.65,0.33350625,,,,,,,,,,,,
0.654166666667,0.327259476575,,,,,,,,,,,,
0.658333333333,0.32103241223,,,,,,,,,,,,
0.6625,0.314826196289,,,,,,,,,,,,
0.666666666667,0.308641975309,,,,,,,,,,,,
0.670833333333,0.302480903079,,,,,,,,,,,,
0.675,0.296344140625,,,,,,,,,,,,
0.679166666667,0.290232856204,,,,,,,,,,,,
0.683333333333,0.284148225309,,,,,,,,,,,,
0.6875,0.278091430664,,,,,,,,,,,,
0.691666666667,0.27206366223,,,,,,,,,,,,
0.695833333333,0.2660661172,,,,,,,,,,,,
0.7,0.2601,,,,,,,,,,,,
0.704166666667,0.254166522292,,,,,,,,,,,,
0.708333333333,0.248266902971,,,,,,,,,,,,
0.7125,0.242402368164,,,,,,,,,,,,
0.716666666667,0.236574151235,,,,,,,,,,,,
0.720833333333,0.230783492778,,,,,,,,,,,,
0.725,0.225031640625,,,,,,,,,,,,
0.729166666667,0.219319849838,,,,,,,,,,,,
0.733333333333,0.213649382716,,,,,,,,,,,,
0.7375,0.208021508789,,,,,,,,,,,,
0.741666666667,0.202437504823,,,,,,,,,,,,
0.745833333333,0.196898654815,,,,,,,,,,,,
0.75,0.19140625,,,,,,,,,,,,
0.754166666667,0.185961588843,,,,,,,,,,,,
0.758333333333,0.180565977045,,,,,,,,,,,,
0.7625,0.175220727539,,,,,,,,,,,,
0.766666666667,0.169927160494,,,,,,,,,,,,
0.770833333333,0.164686603311,,,,,,,,,,,,
0.775,0.159500390625,,,,,,,,,,,,
0.779166666667,0.154369864306,,,,,,,,,,,,
0.783333333333,0.149296373457,,,,,,,,,,,,
0.7875,0.144281274414,,,,,,,,,,,,
0.791666666667,0.139325930748,,,,,,,,,,,,
0.795833333333,0.134431713264,,,,,,,,,,,,
0.8,0.1296,,,,,,,,,,,,
0.804166666667,0.124832176227,,,,,,,,,,,,
0.808333333333,0.120129634452,,,,,,,,,,,,
0.8125,0.115493774414,,,,,,,,,,,,
0.816666666667,0.110926003086,,,,,,,,,,,,
0.820833333333,0.106427734676,,,,,,,,,,,,
0.825,0.102000390625,,,,,,,,,,,,
0.829166666667,0.097645399607,,,,,,,,,,,,
0.833333333333,0.0933641975309,,,,,,,,,,,,
0.8375,0.0891582275391,,,,,,,,,,,,
0.841666666667,0.0850289400077,,,,,,,,,,,,
0.845833333333,0.0809777925468,,,,,,,,,,,,
0.85,0.07700625,,,,,,,,,,,,
0.854166666667,0.0731157844449,,,,,,,,,,,,
0.858333333333,0.0693078751929,,,,,,,,,,,,
0.8625,0.0655840087891,,,,,,,,,,,,
0.866666666667,0.0619456790123,,,,,,,,,,,,
0.870833333333,0.0583943868755,,,,,,,,,,,,
0.875,0.054931640625,,,,,,,,,,,,
0.879166666667,0.0515589557412,,,,,,,,,,,,
0.883333333333,0.0482778549383,,,,,,,,,,,,
0.8875,0.0450898681641,,,,,,,,,,,,
0.891666666667,0.0419965326003,,,,,,,,,,,,
0.895833333333,0.0389993926625,,,,,,,,,,,,
0.9,0.0361,,,,,,,,,,,,
0.904166666667,0.0332999134959,,,,,,,,,,,,
0.908333333333,0.030600699267,,,,,,,,,,,,
0.9125,0.0280039306641,,,,,,,,,,,,
0.916666666667,0.0255111882716,,,,,,,,,,,,
0.920833333333,0.0231240599079,,,,,,,,,,,,
0.925,0.020844140625,,,,,,,,,,,,
0.929166666667,0.0186730327088,,,,,,,,,,,,
0.933333333333,0.016612345679,,,,,,,,,,,,
0.9375,0.0146636962891,,,,,,,,,,,,
0.941666666667,0.0128287085262,,,,,,,,,,,,
0.945833333333,0.0111090136116,,,,,,,,,,,,
0.95,0.00950625,,,,,,,,,,,,
0.954166666667,0.00802206338011,,,,,,,,,,,,
0.958333333333,0.00665810667438,,,,,,,,,,,,
0.9625,0.00541604003906,,,,,,,,,,,,
0.966666666667,0.0042975308642,,,,,,,,,,,,
0.970833333333,0.00330425377363,,,,,,,,,,,,
0.975,0.002437890625,,,,,,,,,,,,
0.979166666667,0.00170013050974,,,,,,,,,,,,
0.983333333333,0.00109266975309,,,,,,,,,,,,
0.9875,0.000617211914063,,,,,,,,,,,,
0.991666666667,0.000275467785494,,,,,,,,,,,,
0.995833333333,6.91553940008e-05,,,,,,,,,,,,
1,0,,,,,,,,,,,,
1.00416666667,6.97340977045e-05,,,,,,,,,,,,
1.00833333333,0.000280097415123,,,,,,,,,,,,
1.0125,0.000632836914062,,,,,,,,,,,,
1.01666666667,0.00112970679012,,,,,,,,,,,,
1.02083333333,0.0017724684727,,,,,,,,,,,,
1.025,0.002562890625,,,,,,,,,,,,
1.02916666667,0.003502749144,,,,,,,,,,,,
1.03333333333,0.00459382716049,,,,,,,,,,,,
1.0375,0.00583791503906,,,,,,,,,,,,
1.04166666667,0.00723681037809,,,,,,,,,,,,
1.04583333333,0.00879231800974,,,,,,,,,,,,
1.05,0.01050625,,,,,,,,,,,,
1.05416666667,0.0123804256486,,,,,,,,,,,,
1.05833333333,0.0144166714892,,,,,,,,,,,,
1.0625,0.0166168212891,,,,,,,,,,,,
1.06666666667,0.0189827160494,,,,,,,,,,,,
1.07083333333,0.0215162040051,,,,,,,,,,,,
1.075,0.024219140625,,,,,,,,,,,,
1.07916666667,0.0270933886116,,,,,,,,,,,,
1.08333333333,0.0301408179012,,,,,,,,,,,,
1.0875,0.0333633056641,,,,,,,,,,,,
1.09166666667,0.036762736304,,,,,,,,,,,,
1.09583333333,0.0403410014588,,,,,,,,,,,,
1.1,0.0441,,,,,,,,,,,,
1.10416666667,0.0480416380329,,,,,,,,,,,,
1.10833333333,0.0521678288966,,,,,,,,,,,,
1.1125,0.0564804931641,,,,,,,,,,,,
1.11666666667,0.060981558642,,,,,,,,,,,,
1.12083333333,0.0656729603709,,,,,,,,,,,,
1.125,0.070556640625,,,,,,,,,,,,
1.12916666667,0.0756345489125,,,,,,,,,,,,
1.13333333333,0.0809086419753,,,,,,,,,,,,
1.1375,0.0863808837891,,,,,,,,,,,,
1.14166666667,0.0920532455633,,,,,,,,,,,,
1.14583333333,0.0979277057412,,,,,,,,,,,,
1.15,0.10400625,,,,,,,,,,,,
1.15416666667,0.11029087125,,,,,,,,,,,,
1.15833333333,0.116783569637,,,,,,,,,,,,
1.1625,0.123486352539,,,,,,,,,,,,
1.16666666667,0.130401234568,,,,,,,,,,,,
1.17083333333,0.13753023757,,,,,,,,,,,,
1.175,0.144875390625,,,,,,,,,,,,
1.17916666667,0.152438730047,,,,,,,,,,,,
1.18333333333,0.160222299383,,,,,,,,,,,,
1.1875,0.168228149414,,,,,,,,,,,,
1.19166666667,0.176458338156,,,,,,,,,,,,
1.19583333333,0.184914930857,,,,,,,,,,,,
1.2,0.1936,,,,,,,,,,,,
1.20416666667,0.202515625301,,,,,,,,,,,,
1.20833333333,0.211663893711,,,,,,,,,,,,
1.2125,0.221046899414,,,,,,,,,,,,
1.21666666667,0.230666743827,,,,,,,,,,,,
1.22083333333,0.240525535602,,,,,,,,,,,,
1.225,0.250625390625,,,,,,,,,,,,
1.22916666667,0.260968432014,,,,,,,,,,,,
1.23333333333,0.271556790123,,,,,,,,,,,,
1.2375,0.282392602539,,,,,,,,,,,,
1.24166666667,0.293478014082,,,,,,,,,,,,
1.24583333333,0.304815176806,,,,,,,,,,,,
1.25,0.31640625,,,,,,,,,,,,
1.25416666667,0.328253400186,,,,,,,,,,,,
1.25833333333,0.340358801119,,,,,,,,,,,,
1.2625,0.352724633789,,,,,,,,,,,,
1.26666666667,0.36535308642,,,,,,,,,,,,
1.27083333333,0.378246354468,,,,,,,,,,,,
1.275,0.391406640625,,,,,,,,,,,,
1.27916666667,0.404836154815,,,,,,,,,,,,
1.28333333333,0.418537114198,,,,,,,,,,,,
1.2875,0.432511743164,,,,,,,,,,,,
1.29166666667,0.446762273341,,,,,,,,,,,,
1.29583333333,0.461290943588,,,,,,,,,,,,
1.3,0.4761,,,,,,,,,,,,
1.30416666667,0.491191695903,,,,,,,,,,,,
1.30833333333,0.50656829186,,,,,,,,,,,,
1.3125,0.522232055664,,,,,,,,,,,,
1.31666666667,0.538185262346,,,,,,,,,,,,
1.32083333333,0.554430194167,,,,,,,,,,,,
1.325,0.570969140625,,,,,,,,,,,,
1.32916666667,0.58780439845,,,,,,,,,,,,
1.33333333333,0.604938271605,,,,,,,,,,,,
1.3375,0.622373071289,,,,,,,,,,,,
1.34166666667,0.640111115934,,,,,,,,,,,,
1.34583333333,0.658154731204,,,,,,,,,,,,
1.35,0.67650625,,,,,,,,,,,,
1.35416666667,0.695168012454,,,,,,,,,,,,
1.35833333333,0.714142365934,,,,,,,,,,,,
1.3625,0.733431665039,,,,,,,,,,,,
1.36666666667,0.753038271605,,,,,,,,,,,,
1.37083333333,0.7729645547,,,,,,,,,,,,
1.375,0.793212890625,,,,,,,,,,,,
1.37916666667,0.813785662917,,,,,,,,,,,,
1.38333333333,0.834685262346,,,,,,,,,,,,
1.3875,0.855914086914,,,,,,,,,,,,
1.39166666667,0.87747454186,,,,,,,,,,,,
1.39583333333,0.899369039653,,,,,,,,,,,,
1.4,0.9216,,,,,,,,,,,,
1.40416666667,0.944169849838,,,,,,,,,,,,
1.40833333333,0.967081023341,,,,,,,,,,,,
1.4125,0.990335961914,,,,,,,,,,,,
1.41666666667,1.0139371142,,,,,,,,,,,,
1.42083333333,1.03788693607,,,,,,,,,,,,
1.425,1.06218789062,,,,,,,,,,,,
1.42916666667,1.08684244822,,,,,,,,,,,,
1.43333333333,1.11185308642,,,,,,,,,,,,
1.4375,1.13722229004,,,,,,,,,,,,
1.44166666667,1.16295255112,,,,,,,,,,,,
1.44583333333,1.18904636894,,,,,,,,,,,,
1.45,1.21550625,,,,,,,,,,,,
1.45416666667,1.24233470806,,,,,,,,,,,,
1.45833333333,1.26953426408,,,,,,,,,,,,
1.4625,1.29710744629,,,,,,,,,,,,
1.46666666667,1.32505679012,,,,,,,,,,,,
1.47083333333,1.35338483826,,,,,,,,,,,,
1.475,1.38209414063,,,,,,,,,,,,
1.47916666667,1.41118725435,,,,,,,,,,,,
1.48333333333,1.44066674383,,,,,,,,,,,,
1.4875,1.47053518066,,,,,,,,,,,,
1.49166666667,1.50079514371,,,,,,,,,,,,
1.49583333333,1.53144921905,,,,,,,,,,,,
1.5,1.5625,,,,,,,,,,,,
1.50416666667,1.59395008711,,,,,,,,,,,,
1.50833333333,1.62580208816,,,,,,,,,,,,
1.5125,1.65805861816,,,,,,,,,,,,
1.51666666667,1.69072229938,,,,,,,,,,,,
1.52083333333,1.7237957613,,,,,,,,,,,,
1.525,1.75728164063,,,,,,,,,,,,
1.52916666667,1.79118258132,,,,,,,,,,,,
1.53333333333,1.82550123457,,,,,,,,,,,,
1.5375,1.86024025879,,,,,,,,,,,,
1.54166666667,1.89540231964,,,,,,,,,,,,
1.54583333333,1.93099009,,,,,,,,,,,,
1.55,1.96700625,,,,,,,,,,,,
1.55416666667,2.00345348699,,,,,,,,,,,,
1.55833333333,2.04033449556,,,,,,,,,,,,
1.5625,2.07765197754,,,,,,,,,,,,
1.56666666667,2.11540864198,,,,,,,,,,,,
1.57083333333,2.15360720516,,,,,,,,,,,,
1.575,2.19225039063,,,,,,,,,,,,
1.57916666667,2.23134092912,,,,,,,,,,,,
1.58333333333,2.27088155864,,,,,,,,,,,,
1.5875,2.31087502441,,,,,,,,,,,,
1.59166666667,2.3513240789,,,,,,,,,,,,
1.59583333333,2.39223148178,,,,,,,,,,,,
1.6,2.4336,,,,,,,,,,,,
1.60416666667,2.47543240771,,,,,,,,,,,,
1.60833333333,2.5177314863,,,,,,,,,,,,
1.6125,2.56050002441,,,,,,,,,,,,
1.61666666667,2.6037408179,,,,,,,,,,,,
1.62083333333,2.64745666986,,,,,,,,,,,,
1.625,2.69165039062,,,,,,,,,,,,
1.62916666667,2.73632479776,,,,,,,,,,,,
1.63333333333,2.78148271605,,,,,,,,,,,,
1.6375,2.82712697754,,,,,,,,,,,,
1.64166666667,2.87326042149,,,,,,,,,,,,
1.64583333333,2.9198858944,,,,,,,,,,,,
1.65,2.96700625,,,,,,,,,,,,
1.65416666667,3.01462434926,,,,,,,,,,,,
1.65833333333,3.06274306038,,,,,,,,,,,,
1.6625,3.11136525879,,,,,,,,,,,,
1.66666666667,3.16049382716,,,,,,,,,,,,
1.67083333333,3.21013165539,,,,,,,,,,,,
1.675,3.26028164062,,,,,,,,,,,,
1.67916666667,3.31094668722,,,,,,,,,,,,
1.68333333333,3.36212970679,,,,,,,,,,,,
1.6875,3.41383361816,,,,,,,,,,,,
1.69166666667,3.46606134742,,,,,,,,,,,,
1.69583333333,3.51881582785,,,,,,,,,,,,
1.7,3.5721,,,,,,,,,,,,
1.70416666667,3.62591681164,,,,,,,,,,,,
1.70833333333,3.68026921779,,,,,,,,,,,,
1.7125,3.73516018066,,,,,,,,,,,,
1.71666666667,3.79059266975,,,,,,,,,,,,
1.72083333333,3.84656966176,,,,,,,,,,,,
1.725,3.90309414062,,,,,,,,,,,,
1.72916666667,3.96016909752,,,,,,,,,,,,
1.73333333333,4.01779753086,,,,,,,,,,,,
1.7375,4.07598244629,,,,,,,,,,,,
1.74166666667,4.13472685667,,,,,,,,,,,,
1.74583333333,4.19403378213,,,,,,,,,,,,
1.75,4.25390625,,,,,,,,,,,,
1.75416666667,4.31434729486,,,,,,,,,,,,
1.75833333333,4.37535995853,,,,,,,,,,,,
1.7625,4.43694729004,,,,,,,,,,,,
1.76666666667,4.49911234568,,,,,,,,,,,,
1.77083333333,4.56185818896,,,,,,,,,,,,
1.775,4.62518789063,,,,,,,,,,,,
1.77916666667,4.68910452866,,,,,,,,,,,,
1.78333333333,4.75361118827,,,,,,,,,,,,
1.7875,4.81871096191,,,,,,,,,,,,
1.79166666667,4.88440694927,,,,,,,,,,,,
1.79583333333,4.95070225725,,,,,,,,,,,,
1.8,5.0176,,,,,,,,,,,,
1.80416666667,5.08510329891,,,,,,,,,,,,
1.80833333333,5.1532152826,,,,,,,,,,,,
1.8125,5.22193908691,,,,,,,,,,,,
1.81666666667,5.29127785494,,,,,,,,,,,,
1.82083333333,5.36123473699,,,,,,,,,,,,
1.825,5.43181289063,,,,,,,,,,,,
1.82916666667,5.50301548063,,,,,,,,,,,,
1.83333333333,5.57484567901,,,,,,,,,,,,
1.8375,5.64730666504,,,,,,,,,,,,
1.84166666667,5.72040162519,,,,,,,,,,,,
1.84583333333,5.79413375319,,,,,,,,,,,,
1.85,5.86850625,,,,,,,,,,,,
1.85416666667,5.9435223238,,,,,,,,,,,,
1.85833333333,6.01918519001,,,,,,,,,,,,
1.8625,6.09549807129,,,,,,,,,,,,
1.86666666667,6.17246419753,,,,,,,,,,,,
1.87083333333,6.25008680586,,,,,,,,,,,,
1.875,6.32836914062,,,,,,,,,,,,
1.87916666667,6.40731445343,,,,,,,,,,,,
1.88333333333,6.48692600309,,,,,,,,,,,,
1.8875,6.56720705566,,,,,,,,,,,,
1.89166666667,6.64816088445,,,,,,,,,,,,
1.89583333333,6.72979076998,,,,,,,,,,,,
1.9,6.8121,,,,,,,,,,,,
1.90416666667,6.89509186951,,,,,,,,,,,,
1.90833333333,6.97876968075,,,,,,,,,,,,
1.9125,7.06313674316,,,,,,,,,,,,
1.91666666667,7.14819637346,,,,,,,,,,,,
1.92083333333,7.23395189556,,,,,,,,,,,,
1.925,7.32040664062,,,,,,,,,,,,
1.92916666667,7.40756394706,,,,,,,,,,,,
1.93333333333,7.49542716049,,,,,,,,,,,,
1.9375,7.58399963379,,,,,,,,,,,,
1.94166666667,7.67328472704,,,,,,,,,,,,
1.94583333333,7.76328580759,,,,,,,,,,,,
1.95,7.85400625,,,,,,,,,,,,
1.95416666667,7.94544943607,,,,,,,,,,,,
1.95833333333,8.03761875482,,,,,,,,,,,,
1.9625,8.13051760254,,,,,,,,,,,,
1.96666666667,8.22414938272,,,,,,,,,,,,
1.97083333333,8.31851750609,,,,,,,,,,,,
1.975,8.41362539062,,,,,,,,,,,,
1.97916666667,8.50947646153,,,,,,,,,,,,
1.98333333333,8.60607415123,,,,,,,,,,,,
1.9875,8.70342189941,,,,,,,,,,,,
1.99166666667,8.80152315297,,,,,,,,,,,,
1.99583333333,8.90038136604,,,,,,,,,,,,
2,9,,,,,,,,,,,,
2.00416666667,9.10038252345,,,,,,,,,,,,
2.00833333333,9.20153241223,,,,,,,,,,,,
2.0125,9.30345314941,,,,,,,,,,,,
2.01666666667,9.40614822531,,,,,,,,,,,,
2.02083333333,9.50962113745,,,,,,,,,,,,
2.025,9.61387539063,,,,,,,,,,,,
2.02916666667,9.71891449683,,,,,,,,,,,,
2.03333333333,9.82474197531,,,,,,,,,,,,
2.0375,9.93136135254,,,,,,,,,,,,
2.04166666667,10.0387761622,,,,,,,,,,,,
2.04583333333,10.1469899453,,,,,,,,,,,,
2.05,10.25600625,,,,,,,,,,,,
2.05416666667,10.3658286317,,,,,,,,,,,,
2.05833333333,10.476460653,,,,,,,,,,,,
2.0625,10.5879058838,,,,,,,,,,,,
2.06666666667,10.7001679012,,,,,,,,,,,,
2.07083333333,10.8132502897,,,,,,,,,,,,
2.075,10.9271566406,,,,,,,,,,,,
2.07916666667,11.041890553,,,,,,,,,,,,
2.08333333333,11.1574556327,,,,,,,,,,,,
2.0875,11.2738554932,,,,,,,,,,,,
2.09166666667,11.3910937548,,,,,,,,,,,,
2.09583333333,11.5091740454,,,,,,,,,,,,
2.1,11.6281,,,,,,,,,,,,
2.10416666667,11.7478752607,,,,,,,,,,,,
2.10833333333,11.868503477,,,,,,,,,,,,
2.1125,11.9899883057,,,,,,,,,,,,
2.11666666667,12.1123334105,,,,,,,,,,,,
2.12083333333,12.2355424627,,,,,,,,,,,,
2.125,12.3596191406,,,,,,,,,,,,
2.12916666667,12.4845671299,,,,,,,,,,,,
2.13333333333,12.6103901235,,,,,,,,,,,,
2.1375,12.7370918213,,,,,,,,,,,,
2.14166666667,12.8646759307,,,,,,,,,,,,
2.14583333333,12.9931461664,,,,,,,,,,,,
2.15,13.12250625,,,,,,,,,,,,
2.15416666667,13.2527599106,,,,,,,,,,,,
2.15833333333,13.3839108845,,,,,,,,,,,,
2.1625,13.515962915,,,,,,,,,,,,
2.16666666667,13.6489197531,,,,,,,,,,,,
2.17083333333,13.7827851566,,,,,,,,,,,,
2.175,13.9175628906,,,,,,,,,,,,
2.17916666667,14.0532567277,,,,,,,,,,,,
2.18333333333,14.1898704475,,,,,,,,,,,,
2.1875,14.3274078369,,,,,,,,,,,,
2.19166666667,14.46587269,,,,,,,,,,,,
2.19583333333,14.6052688082,,,,,,,,,,,,
2.2,14.7456,,,,,,,,,,,,
2.20416666667,14.8868700813,,,,,,,,,,,,
2.20833333333,15.0290828752,,,,,,,,,,,,
2.2125,15.1722422119,,,,,,,,,,,,
2.21666666667,15.316351929,,,,,,,,,,,,
2.22083333333,15.4614158713,,,,,,,,,,,,
2.225,15.6074378906,,,,,,,,,,,,
2.22916666667,15.7544218464,,,,,,,,,,,,
2.23333333333,15.9023716049,,,,,,,,,,,,
2.2375,16.05129104,,,,,,,,,,,,
2.24166666667,16.2011840326,,,,,,,,,,,,
2.24583333333,16.3520544708,,,,,,,,,,,,
2.25,16.50390625,,,,,,,,,,,,
2.25416666667,16.6567432729,,,,,,,,,,,,
2.25833333333,16.8105694493,,,,,,,,,,,,
2.2625,16.9653886963,,,,,,,,,,,,
2.26666666667,17.1212049383,,,,,,,,,,,,
2.27083333333,17.2780221068,,,,,,,,,,,,
2.275,17.4358441406,,,,,,,,,,,,
2.27916666667,17.5946749858,,,,,,,,,,,,
2.28333333333,17.7545185957,,,,,,,,,,,,
2.2875,17.9153789307,,,,,,,,,,,,
2.29166666667,18.0772599585,,,,,,,,,,,,
2.29583333333,18.2401656542,,,,,,,,,,,,
2.3,18.4041,,,,,,,,,,,,
2.30416666667,18.5690669853,,,,,,,,,,,,
2.30833333333,18.7350706067,,,,,,,,,,,,
2.3125,18.9021148682,,,,,,,,,,,,
2.31666666667,19.0702037809,,,,,,,,,,,,
2.32083333333,19.2393413631,,,,,,,,,,,,
2.325,19.4095316406,,,,,,,,,,,,
2.32916666667,19.5807786461,,,,,,,,,,,,
2.33333333333,19.7530864198,,,,,,,,,,,,
2.3375,19.9264590088,,,,,,,,,,,,
2.34166666667,20.1009004678,,,,,,,,,,,,
2.34583333333,20.2764148585,,,,,,,,,,,,
2.35,20.45300625,,,,,,,,,,,,
2.35416666667,20.6306787185,,,,,,,,,,,,
2.35833333333,20.8094363474,,,,,,,,,,,,
2.3625,20.9892832275,,,,,,,,,,,,
2.36666666667,21.1702234568,,,,,,,,,,,,
2.37083333333,21.3522611403,,,,,,,,,,,,
2.375,21.5354003906,,,,,,,,,,,,
2.37916666667,21.7196453273,,,,,,,,,,,,
2.38333333333,21.9050000772,,,,,,,,,,,,
2.3875,22.0914687744,,,,,,,,,,,,
2.39166666667,22.2790555604,,,,,,,,,,,,
2.39583333333,22.4677645836,,,,,,,,,,,,
2.4,22.6576,,,,,,,,,,,,
2.40416666667,22.8485659725,,,,,,,,,,,,
2.40833333333,23.0406666715,,,,,,,,,,,,
2.4125,23.2339062744,,,,,,,,,,,,
2.41666666667,23.428288966,,,,,,,,,,,,
2.42083333333,23.6238189384,,,,,,,,,,,,
2.425,23.8205003906,,,,,,,,,,,,
2.42916666667,24.0183375292,,,,,,,,,,,,
2.43333333333,24.2173345679,,,,,,,,,,,,
2.4375,24.4174957275,,,,,,,,,,,,
2.44166666667,24.6188252363,,,,,,,,,,,,
2.44583333333,24.8213273296,,,,,,,,,,,,
2.45,25.02500625,,,,,,,,,,,,
2.45416666667,25.2298662474,,,,,,,,,,,,
2.45833333333,25.4359115789,,,,,,,,,,,,
2.4625,25.6431465088,,,,,,,,,,,,
2.46666666667,25.8515753086,,,,,,,,,,,,
2.47083333333,26.0612022572,,,,,,,,,,,,
2.475,26.2720316406,,,,,,,,,,,,
2.47916666667,26.484067752,,,,,,,,,,,,
2.48333333333,26.697314892,,,,,,,,,,,,
2.4875,26.9117773682,,,,,,,,,,,,
2.49166666667,27.1274594956,,,,,,,,,,,,
2.49583333333,27.3443655964,,,,,,,,,,,,
2.5,27.5625,,,,,,,,,,,,
