case,replica,ensemble,time_fs,temperature_k,potential_energy_ev_per_atom,total_energy_ev_per_atom,max_force_ev_per_angstrom,nearest_neighbor_distance_angstrom,rms_displacement_angstrom
ambient_fcc,0,nvt,5,323.700967939,-3.70352244377,-3.66298842035,1.31456090444,2.69240308766,0
ambient_fcc,0,nvt,10,329.43088519,-3.70328712463,-3.66203559764,1.37756526341,2.69037551877,0.0268269250265
ambient_fcc,0,nvt,15,367.95717934,-3.70349144936,-3.65741563741,1.32898673479,2.69017981007,0.0538490049757
ambient_fcc,0,nvt,20,357.129106293,-3.70423030853,-3.65951039419,1.16938384186,2.68858814469,0.0805170612741
ambient_fcc,0,nvt,25,317.478320663,-3.70436954498,-3.66461472507,1.00407580685,2.68970294059,0.10530511205
ambient_fcc,0,nvt,30,325.33335305,-3.70455217361,-3.66381374198,1.04251103989,2.69417163437,0.127897873932
ambient_fcc,0,nvt,35,311.236005399,-3.70432686806,-3.66535371449,1.12378080563,2.69856733063,0.149178176052
ambient_fcc,0,nvt,40,306.199912559,-3.70347881317,-3.66513628208,1.166435795,2.69906726261,0.168816558963
ambient_fcc,0,nvt,45,329.73128206,-3.70193862915,-3.66064948628,1.20868710826,2.69651205007,0.187592496779
ambient_fcc,0,nvt,50,328.657540072,-3.70030021667,-3.6591455284,1.19894103926,2.69121103063,0.204747832266
ambient_fcc,0,nvt,55,308.425403278,-3.69908905029,-3.66046784196,1.27060132279,2.68505883878,0.219241884121
ambient_fcc,0,nvt,60,298.736458868,-3.69879508018,-3.6613871271,1.26472180794,2.68074679663,0.231241335605
ambient_fcc,0,nvt,65,300.764055238,-3.69930696487,-3.66164511499,1.19799189984,2.67791207466,0.240810923007
ambient_fcc,0,nvt,70,298.404843478,-3.70132470131,-3.6639582733,1.08302278671,2.6794151418,0.247094514318
ambient_fcc,0,nvt,75,312.802193176,-3.70360422134,-3.66443494883,0.926524377638,2.68710854782,0.251346739344
ambient_fcc,0,nvt,80,330.639168587,-3.70535469055,-3.66395186161,0.882600162823,2.69177539157,0.254118476002
ambient_fcc,0,nvt,85,303.28162553,-3.70598530769,-3.6680082062,0.920801630052,2.69037220346,0.255477075735
ambient_fcc,0,nvt,90,323.75577531,-3.7060573101,-3.66551642367,1.09871476421,2.69029814883,0.255323290384
ambient_fcc,0,nvt,95,330.672647838,-3.70604634285,-3.66463932161,1.19959741679,2.69245603889,0.253203724591
ambient_fcc,0,nvt,100,373.606536681,-3.70553565025,-3.65875242249,1.15552911119,2.69446908168,0.250799457394
ambient_fcc,0,nvt,105,338.225268913,-3.70445299149,-3.66210022665,1.19954031687,2.69614585915,0.249247070794
ambient_fcc,0,nvt,110,316.398190589,-3.7030479908,-3.6634284254,1.29195643916,2.69610228532,0.24802263092
ambient_fcc,0,nvt,115,273.136332502,-3.70137071609,-3.66716842572,1.49098020901,2.69181870233,0.247215746457
ambient_fcc,0,nvt,120,294.099912722,-3.70077800751,-3.66395064543,1.53452044191,2.68800565784,0.246832654957
ambient_fcc,0,nve,5,286.498102398,-3.73863458633,-3.70275912736,0.162672117375,2.83321494541,0
ambient_fcc,0,nve,10,261.443729986,-3.73549628258,-3.70275814669,0.33351955055,2.80401496249,0.0248239913533
ambient_fcc,0,nve,15,222.564273693,-3.73062777519,-3.70275814743,0.511800267836,2.77731562358,0.0481347430571
ambient_fcc,0,nve,20,175.010073774,-3.7246723175,-3.70275745431,0.685749394997,2.75424291036,0.0691950049829
ambient_fcc,0,nve,25,126.457416491,-3.71859169006,-3.70275661884,0.833570697871,2.73579690876,0.0873469096786
ambient_fcc,0,nve,30,85.6704119382,-3.71348428726,-3.70275658846,0.931515155613,2.72290101279,0.102100486033
ambient_fcc,0,nve,35,59.8165093477,-3.71024632454,-3.70275606646,0.96400256574,2.71614705988,0.113223152233
ambient_fcc,0,nve,40,51.9656333558,-3.70926308632,-3.70275591949,0.929789002991,2.71497180218,0.120794339998
ambient_fcc,0,nve,45,60.3098310327,-3.71030950546,-3.70275747335,0.873593221321,2.71960383904,0.12520159854
ambient_fcc,0,nve,50,79.4541633786,-3.71270680428,-3.70275750774,0.823937401591,2.7267562033,0.127076184385
ambient_fcc,0,nve,55,102.792682444,-3.71562957764,-3.70275781817,0.745141250315,2.73254532089,0.127184975489
ambient_fcc,0,nve,60,124.584050135,-3.71835851669,-3.70275802949,0.644333312905,2.73622194012,0.126304314266
ambient_fcc,0,nve,65,141.009091558,-3.72041511536,-3.70275787492,0.529446957234,2.73331593311,0.12509895105
ambient_fcc,0,nve,70,150.364365311,-3.72158646584,-3.70275775258,0.55302676133,2.72919632935,0.124024487155
ambient_fcc,0,nve,75,152.848677795,-3.72189760208,-3.70275780177,0.613075700958,2.72415598956,0.123272158037
ambient_fcc,0,nve,80,150.188601486,-3.72156405449,-3.70275735048,0.64656292396,2.72055502024,0.12277370813
ambient_fcc,0,nve,85,145.105037532,-3.7209277153,-3.70275757813,0.669059845102,2.71887435936,0.122269517256
ambient_fcc,0,nve,90,140.590767139,-3.72036314011,-3.7027582825,0.719236153755,2.71890232036,0.121419159691
ambient_fcc,0,nve,95,139.099361434,-3.72017598152,-3.7027578786,0.757956208022,2.72014918689,0.119918770031
ambient_fcc,0,nve,100,141.907885362,-3.72052693367,-3.70275714575,0.752219033283,2.72355228891,0.117593356514
ambient_fcc,0,nve,105,148.917012234,-3.72140526772,-3.70275779285,0.703845091884,2.72819183905,0.114448043981
ambient_fcc,0,nve,110,158.945661438,-3.72266125679,-3.70275798864,0.681203280639,2.7330732373,0.110678544693
ambient_fcc,0,nve,115,170.308238333,-3.72408366203,-3.7027575654,0.636337656651,2.74015866037,0.106650793422
ambient_fcc,0,nve,120,181.346132241,-3.72546601295,-3.70275774483,0.67975847766,2.74788001048,0.102860124362
ambient_fcc,1,nvt,5,377.497729651,-3.70755004883,-3.66027956362,0.918601539552,2.69406644459,0
ambient_fcc,1,nvt,10,377.297209248,-3.70959854126,-3.66235316533,0.891040968368,2.69994897981,0.0290631422904
ambient_fcc,1,nvt,15,400.899404138,-3.71028995514,-3.66008909865,0.910930366228,2.70356154647,0.0579445463005
ambient_fcc,1,nvt,20,399.786570765,-3.70989227295,-3.6598307661,0.910528248814,2.70266914077,0.0863805679022
ambient_fcc,1,nvt,25,364.681167517,-3.70841217041,-3.66274658257,0.843046199775,2.69914903348,0.113631566094
ambient_fcc,1,nvt,30,321.400105367,-3.70555615425,-3.66531024617,0.886638297715,2.69128468806,0.138061101047
ambient_fcc,1,nvt,35,267.605986914,-3.70243930817,-3.66892953088,1.0382237099,2.68245554252,0.159502013247
ambient_fcc,1,nvt,40,251.71947477,-3.69998431206,-3.66846385306,1.11805578993,2.67705976632,0.177597248091
ambient_fcc,1,nvt,45,253.835276569,-3.69911360741,-3.66732820648,1.21849918709,2.67300057297,0.193049134146
ambient_fcc,1,nvt,50,256.969626745,-3.70011663437,-3.66793874829,1.22656291054,2.67209350397,0.205822232093
ambient_fcc,1,nvt,55,281.869211961,-3.70225954056,-3.66696371394,1.10528210821,2.67398875506,0.215730009609
ambient_fcc,1,nvt,60,292.839202717,-3.70491623878,-3.66824674355,1.00124066177,2.68172575197,0.223587319681
ambient_fcc,1,nvt,65,325.132354392,-3.7075111866,-3.66679792413,0.926813822549,2.69055476378,0.2292610886
ambient_fcc,1,nvt,70,360.356388012,-3.70922827721,-3.66410424077,0.841273243283,2.70182640167,0.234191720989
ambient_fcc,1,nvt,75,360.53154566,-3.70952439308,-3.6643784233,0.824351897064,2.70573234957,0.238804598039
ambient_fcc,1,nvt,80,353.800378862,-3.7079885006,-3.66368541143,0.905498263332,2.70062204631,0.243668002781
ambient_fcc,1,nvt,85,348.479209485,-3.70542860031,-3.66179183107,1.0374262793,2.69291424798,0.247883725477
ambient_fcc,1,nvt,90,318.584757785,-3.70215988159,-3.66226651298,1.15544486258,2.68494001633,0.251688494368
ambient_fcc,1,nvt,95,283.574285468,-3.69920825958,-3.66369892267,1.24940837753,2.67998793884,0.253765195853
ambient_fcc,1,nvt,100,248.702793116,-3.69794201851,-3.66679931014,1.20999394649,2.68036756773,0.254850681034
ambient_fcc,1,nvt,105,265.358750495,-3.69918107986,-3.66595270283,1.13947108895,2.68449395836,0.254395455552
ambient_fcc,1,nvt,110,274.021334659,-3.70165371895,-3.66734060809,1.10258268953,2.6922343462,0.252817465878
ambient_fcc,1,nvt,115,315.911381497,-3.70464754105,-3.66508893416,0.98567568579,2.69960759773,0.250646663819
ambient_fcc,1,nvt,120,306.387044811,-3.70731258392,-3.66894662002,0.8708603901,2.70140863491,0.247121800423
ambient_fcc,1,nve,5,293.73152952,-3.73847103119,-3.70168979827,0.22716853623,2.8285717735,0
ambient_fcc,1,nve,10,264.732929294,-3.73483943939,-3.70168942805,0.475501742893,2.79511262061,0.0250695554336
ambient_fcc,1,nve,15,219.472992281,-3.72917246819,-3.70168993248,0.748966859787,2.76490048299,0.0483894763933
ambient_fcc,1,nve,20,164.649451028,-3.72230553627,-3.70168803627,1.0180308157,2.73942694051,0.06906795351
ambient_fcc,1,nve,25,111.271366487,-3.71562051773,-3.70168705252,1.22899744564,2.72004180227,0.0863110774777
ambient_fcc,1,nve,30,71.6231413873,-3.71065568924,-3.70168699783,1.33369773365,2.70760796252,0.0995844542288
ambient_fcc,1,nve,35,53.9078280871,-3.70843696594,-3.70168659636,1.31208906778,2.70238761436,0.10875965639
ambient_fcc,1,nve,40,58.5478370682,-3.70901846886,-3.70168707466,1.17776103719,2.70425808563,0.114171302505
ambient_fcc,1,nve,45,78.9049718146,-3.71156835556,-3.70168782911,0.972253825812,2.71208098104,0.116553265299
ambient_fcc,1,nve,50,105.506519658,-3.71490049362,-3.70168890588,0.750114867194,2.72331104969,0.116873953603
ambient_fcc,1,nve,55,130.348500184,-3.71801137924,-3.70168906426,0.583960355409,2.73432148594,0.116129759839
ambient_fcc,1,nve,60,148.721366331,-3.72031188011,-3.70168890414,0.664398980905,2.7406921861,0.115160989799
ambient_fcc,1,nve,65,158.904969074,-3.72158694267,-3.70168877005,0.727686569962,2.73935801002,0.114524223434
ambient_fcc,1,nve,70,161.405511884,-3.72189974785,-3.7016884558,0.766154329726,2.73450487443,0.114431321197
ambient_fcc,1,nve,75,158.488447262,-3.72153520584,-3.70168919032,0.770437389012,2.72954805275,0.114768514261
ambient_fcc,1,nve,80,153.668102669,-3.72093105316,-3.70168864399,0.916221785325,2.72797486216,0.115203244582
ambient_fcc,1,nve,85,150.669756756,-3.72055482864,-3.70168787409,1.02514671043,2.72959639702,0.115351579803
ambient_fcc,1,nve,90,151.998627208,-3.72072124481,-3.70168788833,1.04797286613,2.733386553,0.114945456819
ambient_fcc,1,nve,95,157.900969687,-3.72146058083,-3.70168812959,0.97090290575,2.7387270413,0.113938375056
ambient_fcc,1,nve,100,166.455041869,-3.72253203392,-3.70168843679,0.807309476343,2.7441679289,0.112517106492
ambient_fcc,1,nve,105,174.763797415,-3.72357273102,-3.70168870669,0.766202960817,2.74781035757,0.111024448116
ambient_fcc,1,nve,110,180.415143235,-3.72428011894,-3.7016884298,0.739698590532,2.74941728108,0.109831366721
ambient_fcc,1,nve,115,182.289594784,-3.72451472282,-3.70168831377,0.713480168305,2.75130895993,0.109215542071
ambient_fcc,1,nve,120,180.542605306,-3.72429585457,-3.70168820455,0.678710965808,2.75060384901,0.109292938909
ambient_fcc,2,nvt,5,226.058342882,-3.69497847557,-3.66667131843,1.20881292082,2.67716745655,0
ambient_fcc,2,nvt,10,216.617304605,-3.69488930702,-3.66776436218,1.20102359786,2.67778647003,0.0219680453845
ambient_fcc,2,nvt,15,214.640568412,-3.69581079483,-3.66893337805,1.16136462263,2.67978144895,0.0428046735973
ambient_fcc,2,nvt,20,241.519893815,-3.69796085358,-3.66771759204,1.06896616956,2.68168083711,0.0626905137899
ambient_fcc,2,nvt,25,296.691052057,-3.7011692524,-3.66401742634,0.943692512585,2.68719981116,0.0840181071738
ambient_fcc,2,nvt,30,321.393689941,-3.70478320122,-3.66453809648,0.872788640126,2.69880705138,0.105935576842
ambient_fcc,2,nvt,35,329.712523819,-3.70740485191,-3.66611805797,0.778788595561,2.70668129709,0.127456807378
ambient_fcc,2,nvt,40,350.075202494,-3.70882248878,-3.66498586837,0.89057052781,2.70754309349,0.148662365357
ambient_fcc,2,nvt,45,336.294954793,-3.70871067047,-3.66659962069,0.966597827939,2.70337556113,0.169672317387
ambient_fcc,2,nvt,50,320.986642028,-3.70851588249,-3.66832174854,0.956834225811,2.69890403959,0.188080502244
ambient_fcc,2,nvt,55,309.055901625,-3.70790457726,-3.66920441755,0.902628474993,2.69176393891,0.204909817779
ambient_fcc,2,nvt,60,327.755447473,-3.70726370811,-3.6662219804,0.920354952343,2.68729307966,0.220010986817
ambient_fcc,2,nvt,65,307.614404553,-3.70657753944,-3.66805788484,0.958370204042,2.68774471388,0.233767910115
ambient_fcc,2,nvt,70,310.690069195,-3.70613002777,-3.66722523665,0.949867585776,2.688813368,0.244890393334
ambient_fcc,2,nvt,75,297.122996547,-3.70523524284,-3.66802932845,0.899297512291,2.68867722601,0.254979108839
ambient_fcc,2,nvt,80,310.004656297,-3.70411896706,-3.66530000374,1.08977834317,2.68675672372,0.263378501971
ambient_fcc,2,nvt,85,274.896728505,-3.70294117928,-3.66851845109,1.35894020264,2.68608928294,0.269908042234
ambient_fcc,2,nvt,90,255.140061753,-3.70220208168,-3.67025329479,1.53944836414,2.68756919797,0.274533013169
ambient_fcc,2,nvt,95,242.262293406,-3.7024679184,-3.67213169315,1.5153649801,2.68823997871,0.277360904967
ambient_fcc,2,nvt,100,206.783112606,-3.70358228683,-3.67768878524,1.29157236206,2.68711417683,0.279718335423
ambient_fcc,2,nvt,105,207.405904196,-3.70530295372,-3.6793314658,1.06988418144,2.68718687297,0.280358089053
ambient_fcc,2,nvt,110,214.129755183,-3.70701646805,-3.6802030156,1.03728322472,2.69084858578,0.279913602029
ambient_fcc,2,nvt,115,236.584594992,-3.70893669128,-3.67931143073,0.917800897052,2.6989324551,0.277846731575
ambient_fcc,2,nvt,120,256.715430881,-3.71075296402,-3.67860690849,0.893766060143,2.70643047247,0.274874761622
ambient_fcc,2,nve,5,247.74368703,-3.73869466782,-3.70767205927,0.137782106878,2.83006906985,0
ambient_fcc,2,nve,10,224.090391169,-3.73573231697,-3.70767158789,0.275772275618,2.79781732197,0.0230405779488
ambient_fcc,2,nve,15,187.392473662,-3.73113679886,-3.70767140434,0.417107332627,2.76830230302,0.0445374873072
ambient_fcc,2,nve,20,142.718371527,-3.72554254532,-3.70767126785,0.562272049955,2.74283620271,0.0637241481496
ambient_fcc,2,nve,25,97.8570560927,-3.71992373466,-3.7076700172,0.689243557558,2.72269927082,0.079907363902
ambient_fcc,2,nve,30,61.7563714763,-3.71540284157,-3.70766967282,0.767222122984,2.70886525153,0.0925700832562
ambient_fcc,2,nve,35,41.4768698188,-3.71286273003,-3.70766897227,0.79785767279,2.7020302258,0.101478453074
ambient_fcc,2,nve,40,39.4387628504,-3.71260762215,-3.70766907733,0.796882460757,2.70204109175,0.106748670342
ambient_fcc,2,nve,45,52.8191608119,-3.71428394318,-3.70766989715,0.755908222821,2.70704079688,0.108844597041
ambient_fcc,2,nve,50,75.3739465508,-3.71710920334,-3.70767083392,0.683859960153,2.71648284196,0.108504986468
ambient_fcc,2,nve,55,100.257191072,-3.72022533417,-3.70767107041,0.591571763998,2.73042182666,0.106623298965
ambient_fcc,2,nve,60,122.103845337,-3.72296118736,-3.70767127285,0.503622948763,2.74436200557,0.104110253
ambient_fcc,2,nve,65,137.750581885,-3.72492051125,-3.70767130329,0.438469025997,2.74861890062,0.101758612249
ambient_fcc,2,nve,70,146.087278612,-3.72596502304,-3.70767188907,0.49654584915,2.74534505481,0.100121923622
ambient_fcc,2,nve,75,147.68905352,-3.72616481781,-3.70767110865,0.554906725987,2.74152306023,0.099432429474
ambient_fcc,2,nve,80,144.444051327,-3.72575831413,-3.70767094604,0.600828980233,2.73862571301,0.0995978614557
ambient_fcc,2,nve,85,139.054899944,-3.72508358955,-3.70767105413,0.628181282594,2.73755690283,0.100294229713
ambient_fcc,2,nve,90,134.324965523,-3.72449088097,-3.70767063068,0.63411862212,2.73878653101,0.101119268611
ambient_fcc,2,nve,95,132.367315922,-3.72424602509,-3.70767091282,0.651486039156,2.74188961473,0.101741908198
ambient_fcc,2,nve,100,134.030661446,-3.72445368767,-3.70767029031,0.646239358039,2.7474950711,0.101999209539
ambient_fcc,2,nve,105,138.785137233,-3.72504901886,-3.70767026328,0.594493570997,2.75182188162,0.101925264711
ambient_fcc,2,nve,110,145.096643078,-3.72583985329,-3.70767076727,0.5463608503,2.75660074432,0.10171925085
ambient_fcc,2,nve,115,151.077284557,-3.72658896446,-3.70767097904,0.554694892443,2.75992096617,0.101670511196
ambient_fcc,2,nve,120,155.091210312,-3.72709178925,-3.70767117771,0.554590306883,2.76064630615,0.102064789686
compressed_fcc,0,nvt,5,323.692364053,-3.37348461151,-3.33295166547,1.89701130262,2.52606149279,0
compressed_fcc,0,nvt,10,297.826048081,-3.37427091599,-3.33697696507,2.053505341,2.52921024954,0.0259123914819
compressed_fcc,0,nvt,15,286.213114897,-3.37576699257,-3.3399272199,2.04802404736,2.53188577363,0.0499676646472
compressed_fcc,0,nvt,20,344.485194538,-3.37847828865,-3.33534165229,1.84854855856,2.53724121367,0.0728962468108
compressed_fcc,0,nvt,25,349.605267762,-3.37981390953,-3.33603613462,1.50779797673,2.5382039473,0.095390964223
compressed_fcc,0,nvt,30,364.380094592,-3.3784661293,-3.33283824198,1.62621330044,2.54044352216,0.11620865389
compressed_fcc,0,nvt,35,357.140152944,-3.37566256523,-3.33094126762,1.85757032971,2.53962502794,0.134776866421
compressed_fcc,0,nvt,40,343.945111248,-3.37252688408,-3.32945787726,1.89757349134,2.53700554694,0.150405499987
compressed_fcc,0,nvt,45,316.60906246,-3.37102365494,-3.33137768404,1.7670305882,2.53559626168,0.162796333931
compressed_fcc,0,nvt,50,338.510889896,-3.37160015106,-3.3292116206,1.61061366298,2.53684052041,0.170851975221
compressed_fcc,0,nvt,55,329.384909831,-3.37208533287,-3.33083956294,1.77173248536,2.53547685057,0.173996166742
compressed_fcc,0,nvt,60,340.959283718,-3.37020254135,-3.32750742159,1.88362702678,2.52729183319,0.17403816516
compressed_fcc,0,nvt,65,298.913976281,-3.36706280708,-3.32963262517,1.90019074573,2.51652748697,0.172623518526
compressed_fcc,0,nvt,70,293.644204793,-3.36681103706,-3.330040739,1.77386268617,2.5134859569,0.168725554487
compressed_fcc,0,nvt,75,298.058572414,-3.36872982979,-3.33140676204,1.76122183464,2.51918593248,0.163192991957
compressed_fcc,0,nvt,80,342.179533038,-3.3731713295,-3.33032340941,1.83015048866,2.53209310274,0.155762105903
compressed_fcc,0,nvt,85,382.881794584,-3.37705039978,-3.32910571883,1.92729515622,2.53826215886,0.146412784658
compressed_fcc,0,nvt,90,402.07982304,-3.37800931931,-3.32766065007,2.09185730172,2.53594744991,0.137092633999
compressed_fcc,0,nvt,95,399.32924671,-3.37691307068,-3.32690883021,2.13945990682,2.53803403891,0.129169333109
compressed_fcc,0,nvt,100,381.414987534,-3.37693190575,-3.32917089923,1.99985283266,2.53894539626,0.122925267217
compressed_fcc,0,nvt,105,400.605322359,-3.37793111801,-3.32776708661,1.63974957919,2.53719118885,0.119621712633
compressed_fcc,0,nvt,110,353.329639229,-3.37744998932,-3.33320584645,1.5209069586,2.53628424327,0.119617642664
compressed_fcc,0,nvt,115,349.214317987,-3.37533593178,-3.33160711182,1.96137347416,2.53091834804,0.120314044838
compressed_fcc,0,nvt,120,323.702319459,-3.37125253677,-3.33071834411,2.0489850653,2.52156818574,0.12191415235
compressed_fcc,0,nve,5,250.347657186,-3.41232585907,-3.38097717987,0.501334117386,2.60116379711,0
compressed_fcc,0,nve,10,179.314987353,-3.40342760086,-3.38097367388,0.905421710645,2.5720874353,0.0220160527687
compressed_fcc,0,nve,15,101.063443255,-3.39362692833,-3.3809717052,1.17274311552,2.55102653422,0.0394640984128
compressed_fcc,0,nve,20,51.264363906,-3.38738942146,-3.38097006801,1.28943826305,2.54037990408,0.0512274748846
compressed_fcc,0,nve,25,46.3592646584,-3.38677501678,-3.38096988271,1.29903215111,2.54066685214,0.0573783951958
compressed_fcc,0,nve,30,76.9577802018,-3.39060950279,-3.38097280481,1.18340584143,2.54832774554,0.0592279476132
compressed_fcc,0,nve,35,117.323681907,-3.39566659927,-3.38097525961,0.956072010371,2.55902728889,0.0590114550788
compressed_fcc,0,nve,40,143.502699196,-3.39894628525,-3.38097679381,0.820520869579,2.56881370781,0.0590132634546
compressed_fcc,0,nve,45,147.258919817,-3.39941501617,-3.38097516861,0.927712419349,2.57036378861,0.060342747606
compressed_fcc,0,nve,50,137.434641927,-3.39818382263,-3.38097417686,1.23658146885,2.56903333232,0.0624526756041
compressed_fcc,0,nve,55,130.264323726,-3.39728498459,-3.38097321023,1.37069663275,2.56883774145,0.0640132104223
compressed_fcc,0,nve,60,136.954423369,-3.39812278748,-3.38097327495,1.31151984136,2.5726707688,0.0641291801268
compressed_fcc,0,nve,65,156.846541407,-3.40061426163,-3.38097384651,1.15547249896,2.58017499679,0.0629630663889
compressed_fcc,0,nve,70,179.460349192,-3.40344715118,-3.38097502191,1.08525486504,2.58344716791,0.0617085575354
compressed_fcc,0,nve,75,192.428006805,-3.40507102013,-3.38097507322,1.03941593224,2.58156155326,0.0619964021581
compressed_fcc,0,nve,80,188.796123397,-3.40461802483,-3.38097686448,0.845773327167,2.57568404507,0.0648738239005
compressed_fcc,0,nve,85,169.290879872,-3.40217280388,-3.38097410146,0.928758834903,2.56844208503,0.0700938733242
compressed_fcc,0,nve,90,140.328161499,-3.39854621887,-3.38097424489,1.10259098616,2.56329050615,0.0764038451988
compressed_fcc,0,nve,95,110.901496663,-3.39486169815,-3.38097454825,1.26332518336,2.55466048864,0.0823209961687
compressed_fcc,0,nve,100,89.6658477197,-3.3922021389,-3.38097412931,1.32489035597,2.54878896409,0.0866445192876
compressed_fcc,0,nve,105,81.8818065331,-3.39122724533,-3.38097395791,1.24280315842,2.54483955242,0.0886326080235
compressed_fcc,0,nve,110,87.1911540809,-3.39189243317,-3.38097430615,1.24554907533,2.54535913467,0.0880040398808
compressed_fcc,0,nve,115,100.574823161,-3.39356708527,-3.38097304743,1.35172870929,2.55119354175,0.0848271947963
compressed_fcc,0,nve,120,117.066557765,-3.39563369751,-3.38097455508,1.32309031005,2.55802064971,0.0793332464912
compressed_fcc,1,nvt,5,319.449876433,-3.38810586929,-3.34810417002,1.26090594388,2.54666546298,0
compressed_fcc,1,nvt,10,254.334350852,-3.38478016853,-3.35293227323,1.41381843272,2.53996759417,0.0246930560691
compressed_fcc,1,nvt,15,252.50787109,-3.38146877289,-3.34984959045,1.55796848631,2.53831843613,0.0472919524755
compressed_fcc,1,nvt,20,274.146831262,-3.38023996353,-3.34591113791,1.56213891107,2.54125522043,0.0679274400099
compressed_fcc,1,nvt,25,268.646237924,-3.38021564484,-3.34657560672,1.52772445009,2.53941926604,0.0861736629484
compressed_fcc,1,nvt,30,266.08965514,-3.380859375,-3.34753947366,1.61853502656,2.53518445955,0.102114810115
compressed_fcc,1,nvt,35,288.460958887,-3.38243961334,-3.34631836434,1.60697410551,2.53631660603,0.114813469342
compressed_fcc,1,nvt,40,326.701953141,-3.38271784782,-3.34180803929,1.55620891964,2.53559510082,0.125321380111
compressed_fcc,1,nvt,45,291.461249523,-3.38067746162,-3.34418051448,1.44944798919,2.53233344585,0.134958348181
compressed_fcc,1,nvt,50,244.269199096,-3.37737631798,-3.34678878683,1.49945908396,2.5237908919,0.14217016361
compressed_fcc,1,nvt,55,228.354892279,-3.37668609619,-3.3480913638,1.59615173223,2.52093720526,0.144503336844
compressed_fcc,1,nvt,60,222.935582536,-3.37882971764,-3.35091359436,1.88055093569,2.52925023443,0.143127761692
compressed_fcc,1,nvt,65,251.771903191,-3.38257193565,-3.35104491154,1.93180750348,2.53640566131,0.13954771924
compressed_fcc,1,nvt,70,297.917518457,-3.38569736481,-3.34839195992,1.70927082427,2.53949194328,0.134448727815
compressed_fcc,1,nvt,75,301.889499024,-3.38674283028,-3.34894005167,1.32177961543,2.54354292121,0.128511885869
compressed_fcc,1,nvt,80,306.551234068,-3.38453602791,-3.34614950413,1.44709723192,2.54505372834,0.122840026683
compressed_fcc,1,nvt,85,307.778444274,-3.38050079346,-3.3419605977,1.53104853608,2.54113398722,0.117385662796
compressed_fcc,1,nvt,90,274.783828569,-3.3762614727,-3.34185288191,1.73044028357,2.53804438577,0.114113906994
compressed_fcc,1,nvt,95,286.232984716,-3.37497091293,-3.33912865215,1.9277162932,2.53659811524,0.111268904558
compressed_fcc,1,nvt,100,299.082852971,-3.37676215172,-3.33931082296,2.05094619382,2.53358351772,0.108941881189
compressed_fcc,1,nvt,105,326.170039871,-3.37928700447,-3.33844380242,2.00788292221,2.53281630346,0.107103449403
compressed_fcc,1,nvt,110,336.688708123,-3.37962675095,-3.33746639514,1.86259399744,2.53412102382,0.107515282701
compressed_fcc,1,nvt,115,334.185266388,-3.37655305862,-3.33470618525,1.79106353935,2.52844995537,0.108998994857
compressed_fcc,1,nvt,120,287.157827188,-3.3719367981,-3.335978728,1.88381519543,2.52180145241,0.111522399125
compressed_fcc,1,nve,5,238.461681724,-3.41224336624,-3.3823830558,0.696293420693,2.6033342591,0
compressed_fcc,1,nve,10,168.355808914,-3.40346097946,-3.38237936718,1.28395159835,2.57670011344,0.0214030304024
compressed_fcc,1,nve,15,96.7723236813,-3.39449238777,-3.38237450113,1.6383515115,2.55835635992,0.0382503242559
compressed_fcc,1,nve,20,57.5811917535,-3.38958668709,-3.38237633678,1.67998690718,2.54994080744,0.049746632747
compressed_fcc,1,nve,25,58.3802565166,-3.38968753815,-3.38237712848,1.4043350358,2.55124348979,0.0563836068919
compressed_fcc,1,nve,30,81.5492168838,-3.39259052277,-3.38237888241,1.00987551059,2.5568800388,0.0596296295811
compressed_fcc,1,nve,35,103.532130263,-3.39534497261,-3.38238061906,0.979955017602,2.56240225458,0.0611540027835
compressed_fcc,1,nve,40,114.041640131,-3.3966588974,-3.38237853691,1.19150977975,2.55996833115,0.0619588583555
compressed_fcc,1,nve,45,118.998671422,-3.39727926254,-3.38237817971,1.30206507214,2.56108882739,0.0621273255443
compressed_fcc,1,nve,50,128.285112112,-3.39844298363,-3.3823790473,1.21189671647,2.56597034902,0.0613996841473
compressed_fcc,1,nve,55,143.213769337,-3.40031266212,-3.38237935065,1.0159464199,2.56940531587,0.0599085137424
compressed_fcc,1,nve,60,155.950316411,-3.40190863609,-3.38238044679,1.01018355596,2.57101669342,0.0583642254976
compressed_fcc,1,nve,65,159.656457598,-3.40237164497,-3.38237937052,1.27711575538,2.57461705248,0.0575929057171
compressed_fcc,1,nve,70,157.269486614,-3.40207195282,-3.38237857626,1.38075563652,2.57530613155,0.0579677819496
compressed_fcc,1,nve,75,158.514957585,-3.40222740173,-3.38237806657,1.27007487351,2.57851468638,0.0594648189129
compressed_fcc,1,nve,80,167.905507336,-3.40340352058,-3.38237829532,1.25481761432,2.57930800692,0.0622492203906
compressed_fcc,1,nve,85,177.033965585,-3.40454912186,-3.38238082575,1.17236507144,2.57776981998,0.0668443431204
compressed_fcc,1,nve,90,170.484239438,-3.40372943878,-3.38238130319,0.913449062824,2.57397713098,0.0734438661202
compressed_fcc,1,nve,95,140.575240924,-3.39998459816,-3.38238168475,1.00367661956,2.56596042205,0.0811847206646
compressed_fcc,1,nve,100,96.6679264938,-3.39448308945,-3.38237827548,1.3214160826,2.55517717775,0.0883095638335
compressed_fcc,1,nve,105,59.8616073374,-3.38987088203,-3.38237497676,1.60766963841,2.54862657848,0.0929577200263
compressed_fcc,1,nve,110,48.0150047664,-3.38838839531,-3.38237592849,1.65428321509,2.54771865097,0.0938498872501
compressed_fcc,1,nve,115,64.2396111718,-3.39042329788,-3.38237917642,1.46047940377,2.55155485865,0.0905759099856
compressed_fcc,1,nve,120,97.6042495564,-3.39460039139,-3.38237833051,1.11319047096,2.56036366794,0.0835373409577
compressed_fcc,2,nvt,5,330.398049644,-3.38540077209,-3.3440281362,1.44728431549,2.54563107497,0
compressed_fcc,2,nvt,10,359.963763413,-3.38746738434,-3.34239251258,1.5503959524,2.54984207916,0.0276530228225
compressed_fcc,2,nvt,15,341.689466319,-3.38636302948,-3.34357647583,1.56544093943,2.54365657421,0.0548218228459
compressed_fcc,2,nvt,20,296.674719705,-3.38311243057,-3.34596264967,1.41557979182,2.53674585605,0.0787574862221
compressed_fcc,2,nvt,25,270.952162268,-3.37982773781,-3.3458989505,1.4837634309,2.52774591417,0.0994190867333
compressed_fcc,2,nvt,30,256.756464519,-3.3774535656,-3.34530237182,1.60285627819,2.52639387017,0.116022967037
compressed_fcc,2,nvt,35,226.736490437,-3.37642431259,-3.34803223742,1.53070695905,2.52635979402,0.128275651155
compressed_fcc,2,nvt,40,262.881253587,-3.37564325333,-3.3427251099,1.54546486221,2.52960910299,0.137412681651
compressed_fcc,2,nvt,45,267.019839281,-3.37421488762,-3.34077850808,1.53600497075,2.53239019952,0.144219757029
compressed_fcc,2,nvt,50,232.384656295,-3.37225198746,-3.34315264567,1.62831564245,2.53420485032,0.148975785742
compressed_fcc,2,nvt,55,221.503236824,-3.37181019783,-3.34407343372,1.73607139905,2.53295168278,0.149959278955
compressed_fcc,2,nvt,60,247.072986312,-3.37393021584,-3.34299159283,1.65655258719,2.53186987467,0.146850984973
compressed_fcc,2,nvt,65,271.621724069,-3.37731289864,-3.34330026841,1.36662125509,2.53302344024,0.140559928517
compressed_fcc,2,nvt,70,292.548807167,-3.37991023064,-3.3432770989,1.44253392406,2.53704505466,0.133686365372
compressed_fcc,2,nvt,75,340.167352838,-3.38265109062,-3.3400551369,1.65089746714,2.54166246864,0.126156276939
compressed_fcc,2,nvt,80,358.061912663,-3.3830499649,-3.338213244,1.69938164577,2.54086227359,0.119746254388
compressed_fcc,2,nvt,85,315.239257757,-3.381118536,-3.34164409284,1.95033373584,2.53252198235,0.115819249828
compressed_fcc,2,nvt,90,289.737961605,-3.37914061546,-3.34285945944,1.82620091393,2.52783762947,0.113768935107
compressed_fcc,2,nvt,95,266.29227483,-3.37800979614,-3.34466452265,1.9100260992,2.53022305436,0.112448767591
compressed_fcc,2,nvt,100,226.244709528,-3.37713479996,-3.34880430588,1.76244402568,2.53590915804,0.110787080725
compressed_fcc,2,nvt,105,240.420641977,-3.37792348862,-3.34781787603,1.61785145134,2.53958082078,0.108203487069
compressed_fcc,2,nvt,110,308.130419533,-3.38109302521,-3.34250875491,1.5712679492,2.54384301467,0.104922884926
compressed_fcc,2,nvt,115,319.365051452,-3.38301134109,-3.34302026365,1.50752933983,2.54069667171,0.104434306913
compressed_fcc,2,nvt,120,307.703233059,-3.38301467896,-3.34448390119,1.5342036313,2.5377528829,0.105701308943
compressed_fcc,2,nve,5,293.837671798,-3.41135954857,-3.37456502445,0.706647855386,2.60178282832,0
compressed_fcc,2,nve,10,206.084613037,-3.40036821365,-3.37456217858,1.30217485305,2.57359110167,0.0237367375811
compressed_fcc,2,nve,15,113.691042365,-3.38879442215,-3.37455796372,1.69364666367,2.55291892977,0.042300033681
compressed_fcc,2,nve,20,58.863620728,-3.38192725182,-3.374556315,1.83026483284,2.54153624368,0.0545930513924
compressed_fcc,2,nve,25,56.5630397779,-3.38164114952,-3.37455829279,1.70403559317,2.53882792362,0.060849851943
compressed_fcc,2,nve,30,92.5605685683,-3.38615036011,-3.37455987189,1.35366000996,2.54349703553,0.0625497197329
compressed_fcc,2,nve,35,138.799664648,-3.39194321632,-3.37456264161,1.04937672744,2.55138730832,0.0620178819631
compressed_fcc,2,nve,40,172.156675023,-3.39611983299,-3.37456227404,0.948772913825,2.55627953543,0.0616380574868
compressed_fcc,2,nve,45,184.175034637,-3.39762544632,-3.37456294139,1.14782666896,2.55859612887,0.0628134221066
compressed_fcc,2,nve,50,179.687039737,-3.39706301689,-3.37456250129,1.33072064462,2.5592989535,0.0654064467937
compressed_fcc,2,nve,55,170.00116288,-3.39584755898,-3.37455991451,1.34510799138,2.56063535103,0.0682575228738
compressed_fcc,2,nve,60,165.960385089,-3.39534211159,-3.37456045567,1.38913043012,2.56160228389,0.0701920133917
compressed_fcc,2,nve,65,172.816246757,-3.3961994648,-3.37455931389,1.24592657891,2.56454795193,0.0707040930081
compressed_fcc,2,nve,70,188.168283029,-3.39812350273,-3.37456096092,1.15857204448,2.56979662153,0.0701825784899
compressed_fcc,2,nve,75,204.040287791,-3.40011191368,-3.3745618702,1.20693732844,2.5753730733,0.0697660965472
compressed_fcc,2,nve,80,211.700928083,-3.40107154846,-3.37456223515,1.20052607195,2.5767323682,0.0708177834707
compressed_fcc,2,nve,85,205.9550913,-3.40035152435,-3.37456170807,1.31790769398,2.57109621018,0.0741423630538
compressed_fcc,2,nve,90,186.652830901,-3.39793586731,-3.37456309129,1.40324290005,2.56585252086,0.079482546205
compressed_fcc,2,nve,95,157.847259862,-3.39432668686,-3.3745609612,1.28935586025,2.5579634445,0.085718644543
compressed_fcc,2,nve,100,126.388452216,-3.39038658142,-3.37456014594,1.40054516575,2.55125854477,0.0914336997842
compressed_fcc,2,nve,105,100.726222403,-3.38717293739,-3.37455994126,1.39660914011,2.54600041129,0.0953392466045
compressed_fcc,2,nve,110,88.904435675,-3.38569283485,-3.37456016972,1.51396140178,2.54498261025,0.0964824700698
compressed_fcc,2,nve,115,95.1673333776,-3.38647675514,-3.37455984632,1.54816565742,2.54802687639,0.0943468215503
compressed_fcc,2,nve,120,117.548695257,-3.38928079605,-3.37456128008,1.44829974255,2.55258668447,0.0888910353679
hot_expanded_fcc,0,nvt,5,845.153347357,-3.52538728714,-3.41955669356,1.47916643383,2.64861706482,0
hot_expanded_fcc,0,nvt,10,743.685682569,-3.52181839943,-3.42869364583,1.62448143243,2.64483203593,0.0413572311375
hot_expanded_fcc,0,nvt,15,717.464363666,-3.51808333397,-3.42824202917,1.52852160858,2.63819932635,0.080866532182
hot_expanded_fcc,0,nvt,20,693.782528442,-3.51114249229,-3.42426664067,1.70338177778,2.63020539404,0.119569449201
hot_expanded_fcc,0,nvt,25,610.669818488,-3.50404763222,-3.42757920246,1.82396175553,2.62358464102,0.154674428441
hot_expanded_fcc,0,nvt,30,515.647489077,-3.49972677231,-3.4351570939,2.22843824839,2.62469539967,0.185172070155
hot_expanded_fcc,0,nvt,35,615.103436683,-3.5007622242,-3.4237386142,2.35379860735,2.62946867494,0.210849684833
hot_expanded_fcc,0,nvt,40,627.55961393,-3.50611233711,-3.42752895735,2.14670056516,2.6364416306,0.233736006176
hot_expanded_fcc,0,nvt,45,697.355431192,-3.51333546638,-3.4260122138,1.96753875801,2.64331055186,0.254260750541
hot_expanded_fcc,0,nvt,50,793.535845099,-3.52147769928,-3.42211067935,1.4956791696,2.65307777701,0.272535325179
hot_expanded_fcc,0,nvt,55,766.918456033,-3.52666759491,-3.43063361991,1.00207534272,2.66065860866,0.290139855942
hot_expanded_fcc,0,nvt,60,872.108114615,-3.52758097649,-3.41837509128,1.15116051801,2.66217456074,0.307756895914
hot_expanded_fcc,0,nvt,65,830.459422271,-3.52347350121,-3.41948288947,1.40487936381,2.65343900431,0.329338303142
hot_expanded_fcc,0,nvt,70,784.026606628,-3.51614999771,-3.41797373015,1.84726188263,2.6340109542,0.352170357433
hot_expanded_fcc,0,nvt,75,710.414632659,-3.51044416428,-3.42148563089,2.00412088727,2.6221432109,0.37392852267
hot_expanded_fcc,0,nvt,80,713.748050504,-3.50969958305,-3.42032363715,1.9690013454,2.62158856347,0.392705242608
hot_expanded_fcc,0,nvt,85,763.422354292,-3.51438355446,-3.41878736335,1.80530749059,2.62900799769,0.409975748916
hot_expanded_fcc,0,nvt,90,804.678699807,-3.5219771862,-3.42121485152,1.49186894656,2.63974521754,0.425767942788
hot_expanded_fcc,0,nvt,95,854.842617738,-3.52910757065,-3.422063681,1.31403686858,2.64915034836,0.440978689563
hot_expanded_fcc,0,nvt,100,869.397506406,-3.53545713425,-3.42659067297,1.10912047723,2.66357542475,0.454305269815
hot_expanded_fcc,0,nvt,105,878.136982462,-3.53939914703,-3.42943832349,1.12418033284,2.68125636834,0.466769681454
hot_expanded_fcc,0,nvt,110,929.851953088,-3.54047894478,-3.42404234254,1.26675319455,2.68762619898,0.479371511529
hot_expanded_fcc,0,nvt,115,925.205468924,-3.54005646706,-3.42420170027,1.35202675069,2.68744626213,0.493129393326
hot_expanded_fcc,0,nvt,120,920.051976932,-3.53854846954,-3.42333902602,1.44707624475,2.68398946782,0.507293875834
hot_expanded_fcc,0,nve,5,706.989058464,-3.62003207207,-3.53150249108,0.137244737304,2.98117616371,0
hot_expanded_fcc,0,nve,10,676.475930781,-3.61621141434,-3.53150270494,0.302564267385,2.9283842287,0.039403019045
hot_expanded_fcc,0,nve,15,625.328885987,-3.60980653763,-3.53150249092,0.513476586876,2.87833371187,0.0776222534876
hot_expanded_fcc,0,nve,20,554.972559419,-3.60099577904,-3.53150179245,0.778610945208,2.83228986126,0.113988505506
hot_expanded_fcc,0,nve,25,470.423920807,-3.59040737152,-3.53150061462,1.07582060961,2.79168601959,0.147790421352
hot_expanded_fcc,0,nve,30,356.619265026,-3.57615542412,-3.53149935239,1.40668446698,2.74950824357,0.186789302193
hot_expanded_fcc,0,nve,35,284.001682705,-3.56706190109,-3.53149904525,1.52819694621,2.72692001749,0.212359305227
hot_expanded_fcc,0,nve,40,237.505533113,-3.56123900414,-3.53149842318,1.50582572156,2.71314589795,0.23389251391
hot_expanded_fcc,0,nve,45,221.037823427,-3.5591776371,-3.53149915233,1.35236827994,2.70856251114,0.25161914079
hot_expanded_fcc,0,nve,50,229.858245328,-3.56028270721,-3.53149972408,1.11886083541,2.71093735343,0.26609683846
hot_expanded_fcc,0,nve,55,254.063963539,-3.5633149147,-3.53150087746,0.962859968441,2.72014347827,0.278080357865
hot_expanded_fcc,0,nve,60,283.434128732,-3.5669927597,-3.5315009733,0.789938782759,2.73404859087,0.288362121399
hot_expanded_fcc,0,nve,65,310.412363417,-3.57037115097,-3.53150113433,0.734288674812,2.74719156973,0.29764220781
hot_expanded_fcc,0,nve,70,330.542228977,-3.57289195061,-3.5315012605,0.713252184841,2.75252036631,0.306454864754
hot_expanded_fcc,0,nve,75,341.711917661,-3.57429099083,-3.53150162581,0.664260177961,2.75407441899,0.315143467015
hot_expanded_fcc,0,nve,80,343.411935711,-3.57450342178,-3.53150117951,0.70691509867,2.75388576923,0.323864841751
hot_expanded_fcc,0,nve,85,336.287978456,-3.5736117363,-3.5315015601,0.844542431691,2.7496501117,0.332610410136
hot_expanded_fcc,0,nve,90,321.835418264,-3.57180213928,-3.53150172107,0.976009709582,2.7415793489,0.341237806258
hot_expanded_fcc,0,nve,95,302.167912459,-3.5693385601,-3.53150091841,1.07607976317,2.73345101213,0.349507541079
hot_expanded_fcc,0,nve,100,280.017028995,-3.56656479836,-3.53150090316,1.12784799777,2.72272777947,0.357120878839
hot_expanded_fcc,0,nve,105,258.945550233,-3.56392526627,-3.5314999539,1.13657398497,2.71256515959,0.363760256645
hot_expanded_fcc,0,nve,110,243.214765672,-3.56195569038,-3.53150019601,1.32912960825,2.70716581465,0.369137423925
hot_expanded_fcc,0,nve,115,236.619100193,-3.56112980843,-3.53150022711,1.42161421359,2.70675963399,0.373048913865
hot_expanded_fcc,0,nve,120,240.574293851,-3.56162548065,-3.53150062769,1.38446002365,2.70919822216,0.375423120465
hot_expanded_fcc,1,nvt,5,655.723769934,-3.51885843277,-3.43674832102,1.90017299288,2.64357658616,0
hot_expanded_fcc,1,nvt,10,688.154694899,-3.52063965797,-3.43446852694,2.07126127905,2.64671094961,0.0389677604863
hot_expanded_fcc,1,nvt,15,695.003727468,-3.52339816093,-3.43636939006,2.12135888834,2.65142055351,0.0765335389399
hot_expanded_fcc,1,nvt,20,793.794300784,-3.52624630928,-3.42684692537,1.99293529552,2.65647216759,0.113467994987
hot_expanded_fcc,1,nvt,25,921.912023412,-3.52820634842,-3.41276398879,1.72442978989,2.65303325691,0.152934225028
hot_expanded_fcc,1,nvt,30,951.475590628,-3.52828288078,-3.40913855408,1.40598361382,2.65026384956,0.191683999019
hot_expanded_fcc,1,nvt,35,950.962825106,-3.52474164963,-3.40566153172,1.58563319345,2.64662318824,0.230230059737
hot_expanded_fcc,1,nvt,40,936.254577379,-3.52119064331,-3.40395230073,1.66802858618,2.64398199854,0.267279192943
hot_expanded_fcc,1,nvt,45,849.885806814,-3.51885962486,-3.41243642996,1.55497678645,2.6459209735,0.300258519217
hot_expanded_fcc,1,nvt,50,844.321831964,-3.5172150135,-3.41148854276,1.53313023177,2.64819229073,0.329999741793
hot_expanded_fcc,1,nvt,55,791.541088768,-3.5148973465,-3.41578011111,1.51874501855,2.65004249384,0.357846199937
hot_expanded_fcc,1,nvt,60,800.2197117,-3.51247954369,-3.41227556609,1.39049842279,2.6456293548,0.3837423425
hot_expanded_fcc,1,nvt,65,730.99719334,-3.50874853134,-3.41721263774,1.36227421229,2.63433822269,0.407895346898
hot_expanded_fcc,1,nvt,70,712.095074538,-3.50579881668,-3.41662985739,1.36677301156,2.62389322311,0.429048418097
hot_expanded_fcc,1,nvt,75,735.456650108,-3.50560474396,-3.41351043459,1.67251460501,2.62626140906,0.447245911776
hot_expanded_fcc,1,nvt,80,804.818076478,-3.50481200218,-3.40403221467,1.74349235758,2.62497904274,0.463454927401
hot_expanded_fcc,1,nvt,85,750.000426966,-3.50347590446,-3.4095604149,1.97924464297,2.62182272692,0.477768329217
hot_expanded_fcc,1,nvt,90,822.883571611,-3.50334429741,-3.4003023381,2.02849928158,2.62017963229,0.488256605436
hot_expanded_fcc,1,nvt,95,859.666336193,-3.50145959854,-3.39381168006,2.36387034771,2.61445032462,0.497675168127
hot_expanded_fcc,1,nvt,100,842.458602981,-3.5018260479,-3.39633289177,2.42807223445,2.60986551103,0.506195364609
hot_expanded_fcc,1,nvt,105,824.055077328,-3.50677871704,-3.4035900611,2.17062170059,2.6150094864,0.513062730253
hot_expanded_fcc,1,nvt,110,851.63458333,-3.51362347603,-3.40698129831,1.86310715645,2.62648661508,0.519514755362
hot_expanded_fcc,1,nvt,115,922.427401243,-3.52168512344,-3.4061782279,1.93775232389,2.64168278208,0.526228266311
hot_expanded_fcc,1,nvt,120,974.662650335,-3.52738189697,-3.40533407317,1.97301012433,2.65435934861,0.534006926206
hot_expanded_fcc,1,nve,5,691.254134046,-3.61990690231,-3.53334765771,0.128970962152,2.9819863904,0
hot_expanded_fcc,1,nve,10,658.57701442,-3.6158144474,-3.53334705072,0.249090941819,2.92982541109,0.0389236443935
hot_expanded_fcc,1,nve,15,605.147645263,-3.60912442207,-3.53334748206,0.412094888068,2.88020418569,0.0765814792173
hot_expanded_fcc,1,nve,20,532.809512624,-3.600066185,-3.53334746802,0.609243428875,2.83432913495,0.112297346702
hot_expanded_fcc,1,nve,25,445.916802393,-3.58918476105,-3.53334679977,0.832842385515,2.79350186141,0.145353312197
hot_expanded_fcc,1,nve,30,353.049838484,-3.5775551796,-3.53334607354,1.05278492553,2.75898887265,0.175026668511
hot_expanded_fcc,1,nve,35,267.074675346,-3.56678795815,-3.533344712,1.22251838463,2.73215837976,0.200683589896
hot_expanded_fcc,1,nve,40,201.86884974,-3.55862188339,-3.53334374865,1.29962288201,2.71423793979,0.221911107754
hot_expanded_fcc,1,nve,45,166.801567827,-3.55423069,-3.53334370069,1.26741891211,2.70574782375,0.238633204965
hot_expanded_fcc,1,nve,50,174.582232156,-3.55520629883,-3.5333450102,1.03101463329,2.71164181515,0.257737020282
hot_expanded_fcc,1,nve,55,204.214457315,-3.55891823769,-3.5333463846,0.919861055506,2.72386821898,0.264634687744
hot_expanded_fcc,1,nve,60,239.0685652,-3.56328248978,-3.53334618503,0.972438862847,2.73528612384,0.269325291751
hot_expanded_fcc,1,nve,65,271.195870426,-3.56730604172,-3.53334673713,0.985927755633,2.74777972205,0.272558588814
hot_expanded_fcc,1,nve,70,296.080421485,-3.57042217255,-3.53334681001,0.952559798996,2.75096186219,0.274918119188
hot_expanded_fcc,1,nve,75,312.059763207,-3.57242321968,-3.53334691468,0.871895883934,2.75046323237,0.276780957044
hot_expanded_fcc,1,nve,80,320.298918678,-3.57345485687,-3.53334684003,1.12649151186,2.74757652806,0.278315302378
hot_expanded_fcc,1,nve,85,324.990181966,-3.57404112816,-3.5333456686,1.41805705717,2.74472263291,0.27952455212
hot_expanded_fcc,1,nve,90,331.835302818,-3.57489800453,-3.53334539496,1.56745762367,2.74592241147,0.280348655979
hot_expanded_fcc,1,nve,95,344.597445562,-3.57649636269,-3.53334567018,1.53334040197,2.75144689618,0.280791007862
hot_expanded_fcc,1,nve,100,362.476124391,-3.57873558998,-3.53334611892,1.33430278907,2.75800410975,0.280999932393
hot_expanded_fcc,1,nve,105,380.753844448,-3.58102440834,-3.53334619054,1.03758120021,2.76399055331,0.281253477275
hot_expanded_fcc,1,nve,110,393.924079074,-3.58267426491,-3.53334686267,0.725207473296,2.76922803172,0.281859401129
hot_expanded_fcc,1,nve,115,398.430034346,-3.58323836327,-3.53334672269,0.602011566886,2.76965680893,0.283033238619
hot_expanded_fcc,1,nve,120,393.389300544,-3.58260703087,-3.53334659391,0.679150805821,2.76708713269,0.284817595319
hot_expanded_fcc,2,nvt,5,951.971740379,-3.50545358658,-3.38624713171,2.22961766555,2.61854884775,0
hot_expanded_fcc,2,nvt,10,899.716049253,-3.5083796978,-3.39571673096,2.10751013186,2.61813338197,0.0444296424522
hot_expanded_fcc,2,nvt,15,969.379203236,-3.5126311779,-3.39124495042,2.19479999974,2.61887837999,0.0884823901431
hot_expanded_fcc,2,nvt,20,1009.64036803,-3.51479935646,-3.38837160251,2.10709673628,2.6196015049,0.132935952037
hot_expanded_fcc,2,nvt,25,1048.01989358,-3.51333165169,-3.38209799123,1.84384889425,2.61373988685,0.176660563377
hot_expanded_fcc,2,nvt,30,978.058062849,-3.5094935894,-3.38702059007,1.94263079346,2.59863864474,0.21864084229
hot_expanded_fcc,2,nvt,35,863.561325747,-3.5039639473,-3.39582829596,2.57623247939,2.5892155695,0.256837484779
hot_expanded_fcc,2,nvt,40,854.583109617,-3.50166678429,-3.39465539039,2.82667200054,2.58987104841,0.290064226373
hot_expanded_fcc,2,nvt,45,813.058749096,-3.50103211403,-3.3992204247,2.55666533765,2.59217918133,0.319781409071
hot_expanded_fcc,2,nvt,50,771.001009757,-3.5004222393,-3.40387704455,2.20563685703,2.59866094643,0.347583845374
hot_expanded_fcc,2,nvt,55,792.867270927,-3.4994430542,-3.40015975351,2.08406000973,2.60014837285,0.372656430224
hot_expanded_fcc,2,nvt,60,745.263997143,-3.4993083477,-3.40598595664,2.24139338343,2.60005984649,0.395003817627
hot_expanded_fcc,2,nvt,65,796.96294049,-3.50220751762,-3.40241135481,2.48592188769,2.60711655734,0.413754276319
hot_expanded_fcc,2,nvt,70,850.059105929,-3.50758647919,-3.40114158366,2.41141717003,2.62100567017,0.431737754619
hot_expanded_fcc,2,nvt,75,929.618042066,-3.51462340355,-3.39821609178,1.97843645765,2.63069749183,0.447703766615
hot_expanded_fcc,2,nvt,80,1002.88868081,-3.52087712288,-3.39529481913,1.66827057785,2.63579430617,0.461733057457
hot_expanded_fcc,2,nvt,85,1045.52632355,-3.52477192879,-3.39385051462,1.82515710689,2.64023608519,0.474175951258
hot_expanded_fcc,2,nvt,90,1045.66327841,-3.52596139908,-3.39502283534,1.68506034225,2.63817471495,0.485655065548
hot_expanded_fcc,2,nvt,95,977.0658763,-3.52462887764,-3.40228012048,1.37633661006,2.6322939286,0.498158071586
hot_expanded_fcc,2,nvt,100,999.22602084,-3.51992917061,-3.39480550727,1.59950199555,2.62508524682,0.511267062945
hot_expanded_fcc,2,nvt,105,860.404750474,-3.51334357262,-3.40560318947,2.07074753789,2.62314394322,0.523708378128
hot_expanded_fcc,2,nvt,110,800.701379458,-3.5081744194,-3.40791012709,2.44546351436,2.62275227839,0.533807283402
hot_expanded_fcc,2,nvt,115,813.291211585,-3.50533699989,-3.40349620148,2.6161124041,2.62284258004,0.542471117294
hot_expanded_fcc,2,nvt,120,888.207508843,-3.50362467766,-3.39240281694,2.52865577836,2.61634516211,0.550684977268
hot_expanded_fcc,2,nve,5,1292.5368645,-3.61869859695,-3.45684637922,0.189436589043,2.9587176357,0
hot_expanded_fcc,2,nve,10,1228.29952112,-3.61065554619,-3.45684716594,0.426778827142,2.88429684328,0.0532025988551
hot_expanded_fcc,2,nve,15,1115.69186216,-3.59655570984,-3.45684812613,0.773718104366,2.81418789849,0.104508971622
hot_expanded_fcc,2,nve,20,954.016577349,-3.57630991936,-3.45684740882,1.25311605492,2.75079684886,0.152666276016
hot_expanded_fcc,2,nve,25,740.620360146,-3.54958438873,-3.45684347659,1.80829144964,2.69220220027,0.200272715636
hot_expanded_fcc,2,nve,30,560.110695356,-3.52697730064,-3.45683991369,2.15384031778,2.65248749662,0.237236864271
hot_expanded_fcc,2,nve,35,442.864047171,-3.51229333878,-3.45683764528,2.2134183536,2.62840104043,0.267441609447
hot_expanded_fcc,2,nve,40,414.359462713,-3.5087249279,-3.45683859505,1.96685096762,2.62106837522,0.291116589131
hot_expanded_fcc,2,nve,45,462.20953606,-3.51472020149,-3.45684205463,1.56567081668,2.62657967044,0.309431011878
hot_expanded_fcc,2,nve,50,547.367479103,-3.5253868103,-3.4568451363,1.22984895077,2.64414505942,0.324147195661
hot_expanded_fcc,2,nve,55,629.8970612,-3.53572201729,-3.45684594102,1.08449233291,2.67115103524,0.337077244943
hot_expanded_fcc,2,nve,60,686.66216478,-3.54283165932,-3.45684742377,1.13788869632,2.69231746259,0.349612075062
hot_expanded_fcc,2,nve,65,710.376096666,-3.54580020905,-3.45684650116,1.14729948211,2.69844257124,0.362513025289
hot_expanded_fcc,2,nve,70,701.6128454,-3.54470229149,-3.45684592303,1.10428756457,2.68950799978,0.375929342378
hot_expanded_fcc,2,nve,75,665.985233355,-3.54024028778,-3.45684522961,1.48218796453,2.67839955958,0.389515925571
hot_expanded_fcc,2,nve,80,615.376403316,-3.53390192986,-3.45684413881,1.99704003269,2.66584029761,0.402606587739
hot_expanded_fcc,2,nve,85,566.331858455,-3.52775907516,-3.45684267055,2.3568878917,2.65222199271,0.414437616967
hot_expanded_fcc,2,nve,90,533.334803382,-3.52362751961,-3.45684302541,2.43613219908,2.6414937231,0.424376113469
hot_expanded_fcc,2,nve,95,521.226687244,-3.52211093903,-3.45684263018,2.21607130868,2.63588781267,0.432071186689
hot_expanded_fcc,2,nve,100,524.012848749,-3.52246165276,-3.45684445914,1.7879514548,2.63516823243,0.437462557587
hot_expanded_fcc,2,nve,105,531.810041117,-3.52343821526,-3.45684465268,1.49520366838,2.63741935615,0.440663535306
hot_expanded_fcc,2,nve,110,539.276282935,-3.5243730545,-3.45684456479,1.76097160601,2.63902980176,0.441819365733
hot_expanded_fcc,2,nve,115,548.187287286,-3.5254881382,-3.45684380733,1.98970380728,2.64323838918,0.441040604422
hot_expanded_fcc,2,nve,120,563.141061219,-3.5273604393,-3.45684358817,2.03044196396,2.65270253282,0.438432235699
